年份,时间步(Step),城市,NDVI,EVI,LAI,FPAR,蒸散发ET(mm),平均气温(℃),8天累计降水(mm),8天累计辐射(MJ),土壤水分(m3/m3)
2002,1,三门峡市,0.6337034349565055,0.3985302631915999,2.4922473302859327,0.6112889842340231,22.057277863000643,23.04657802932933,441.0140943607363,3207.390383606028,0.3255152973151587
2002,2,三门峡市,0.6337034349565055,0.3985302631915999,2.1681447117964074,0.5645075913487385,11.759668748385248,26.880792162868374,37.95367459072973,3482.604114092859,0.2386719910316913
2002,3,三门峡市,0.6244480566767421,0.4078118511276908,2.0497225437247955,0.547025176081339,17.461169549891252,23.745145961942505,841.6300784778866,3037.642388563277,0.2733689638471169
2002,4,三门峡市,0.6151890681799935,0.417092107752495,1.5838795508802623,0.4680048942198624,21.393424292574853,22.783740420134706,294.74552320158364,2834.8601122359805,0.329309316292811
2002,5,三门峡市,0.5558455123446765,0.3736891013970593,1.3146270746057194,0.3794440896512592,17.42678014801456,23.315431481242666,455.84641913363936,2926.6791776310843,0.3109427098808963
2002,6,三门峡市,0.4964877297894035,0.3302763095591929,1.1302574410941468,0.3478239304373187,15.04088861034831,19.82919870457973,273.47427693279354,2888.6143044140977,0.2919169827359065
2002,7,三门峡市,0.5609351098524025,0.3450790529385462,2.2905952815194848,0.6054725564557497,19.293457853353047,22.07782436832233,764.6652995881198,2366.6075044880067,0.3367467332293174
2002,8,三门峡市,0.6253661138990699,0.3598752426619525,2.0016104365903424,0.562432160999849,13.258225934201056,24.3392557778771,52.90852318533141,3560.6415232924446,0.2881072516986547
2002,9,三门峡市,0.597527211389751,0.3499185725540904,1.7570862463464296,0.5197480525913244,10.59699872744311,20.008129086297075,125.64765845578106,2510.856015790176,0.2215661264668233
2002,10,三门峡市,0.5697396576362594,0.3399619024462307,1.2226744156064666,0.422885194442237,9.895200964591911,15.786942667693232,554.7572154459814,1951.637664871139,0.3443873562299275
2002,11,三门峡市,0.5606726953006379,0.3211993224071526,1.576753478576283,0.5360252667280533,8.417520476169637,16.428727321623086,423.0505966234642,2265.192302169417,0.3403390616903665
2003,1,三门峡市,0.6438001563011493,0.4141259528312341,1.961038605799002,0.5330849929484064,21.23155968819833,21.65686774058964,548.634367703087,2665.5956674960603,0.3434042647811227
2003,2,三门峡市,0.6635666875646186,0.4316521568907008,2.5446876753796857,0.6220068329045408,24.36507083734221,19.174442630866483,1556.3800882675368,1597.1251098798664,0.3831650758222292
2003,3,三门峡市,0.6666970329232709,0.4248506267837659,1.8900641210237472,0.5293477899663768,23.32273742973789,23.80080227083397,205.0454462832007,3195.867979551346,0.3555583390268787
2003,4,三门峡市,0.6698499828565693,0.4180463733535369,1.7525883061727734,0.4932393179380652,24.79398816300903,26.3355328154471,291.4385126010376,3167.348563418858,0.3130198999580192
2003,5,三门峡市,0.637125364680481,0.3889103420838058,1.541215490995834,0.4466333437897287,24.12657564105835,23.35051902495152,859.5247382239494,2007.6432246091629,0.3791704082383435
2003,6,三门峡市,0.6044114695678368,0.3597794678976549,1.1064799455631662,0.3297902400859,22.07404001992565,18.44436748376503,539.7285045931025,1350.2282865159195,0.3956728965638501
2003,7,三门峡市,0.571396872990238,0.3554273085273953,1.7426467962052656,0.5116992436806149,22.938717527131217,22.211680310547823,421.6539726341335,2207.120540276988,0.3567822563096773
2003,8,三门峡市,0.5383849160764127,0.3510765858238013,0.255666522050173,0.0884396189672565,16.40674552110375,17.936246378153225,1832.3177273870497,1317.966363459669,0.412241393336697
2003,9,三门峡市,0.6074581579831582,0.3614467416189179,2.0908487092634607,0.6050785057315844,14.922318479506204,18.059006960328176,1096.968140454668,1880.496649394805,0.4046205372351729
2003,10,三门峡市,0.6766223604336785,0.3718168974140302,1.6064627170906427,0.5395575683122662,17.51814970292224,20.764116468446897,808.2698112705724,2408.37907641704,0.3508998379852096
2003,11,三门峡市,0.6568534854053972,0.3494048985983928,1.615291788380708,0.5504404379565052,14.137568429097676,17.59964701927559,570.3992918015696,2250.7113396989007,0.3802267375570243
2004,1,三门峡市,0.6125800796519871,0.4064952907031591,2.2823000008678687,0.5768409302115908,12.47225463691941,25.07172187746186,125.5738978763822,3795.046238149343,0.2406241170438715
2004,2,三门峡市,0.6308267409279996,0.4339464392903303,2.03092628233002,0.5556848738215885,18.261645033142404,21.868500959067315,872.9876818966062,2601.1287755838307,0.3060970768944818
2004,3,三门峡市,0.6481510969347575,0.4308801513904978,1.941614148198101,0.5474466099081873,25.11260309762658,23.675330432942463,377.1417036891391,3114.312319501375,0.3377773477278454
2004,4,三门峡市,0.6654953071716745,0.427803619942567,1.6928057324362449,0.4803654846783208,25.430324194502155,23.29719386632239,780.8977830489828,2132.6486150573705,0.344688574094136
2004,5,三门峡市,0.6898642644152051,0.4454189710075023,2.7042061620442137,0.6817271536403386,26.89099586336565,23.419584875544807,319.9284653886529,2800.8654480151467,0.3504184795511371
2004,6,三门峡市,0.7142277554214759,0.4630285024858616,2.1363498547531,0.589041367117682,23.76897418491913,20.87188826223895,782.8363634739933,2003.016774910595,0.3733576866604314
2004,7,三门峡市,0.7169683888717135,0.4349025963802668,0.9834155294458125,0.3087349003642867,20.44565111028333,19.72523581681888,296.81373117485833,1962.78707821834,0.3643350968659417
2004,8,三门峡市,0.71971962888611,0.4067773540938064,2.2595766169679976,0.6395038767376416,17.60000301925974,19.722303678409144,573.4268210228828,2195.970493699385,0.3730514688877071
2004,9,三门峡市,0.7161042301437608,0.3868687362684274,2.0291651778917434,0.6215174798789521,17.614949890473632,18.51092467233252,353.9563253309994,2213.3026385287767,0.3672478541025875
2004,10,三门峡市,0.7126360436629975,0.3669767537058744,1.5956693203567156,0.5492805985095769,13.531469355454616,17.890540694957963,248.9642520933534,2654.105067710393,0.3189411815849414
2004,11,三门峡市,0.6696477582815791,0.3428514043441028,1.4128021136077402,0.5312445054085276,12.067634148858684,15.270911470996538,692.320354190179,2133.5529561374046,0.374599023522242
2005,1,三门峡市,0.6224963270609765,0.4111893883883302,0.9273343435980976,0.3178903295376364,17.817489282564534,21.773413687463652,1322.408697587266,1726.1466677917513,0.3869867212753366
2005,2,三门峡市,0.6565718733109294,0.4605677608376747,2.5371811145707435,0.6214179944073988,25.084310752362512,24.553871645209966,183.51194500847308,3469.2518620575897,0.3032551741041879
2005,3,三门峡市,0.6732941574066048,0.4448810238959647,1.820613487286774,0.4899381338580057,23.67478156989378,23.27212311938715,996.1925191110956,2154.783979599916,0.3615291150071406
2005,4,三门峡市,0.6900090438788086,0.4291876924181815,2.422764515609463,0.615127932332541,20.812310509825164,23.86543425705201,685.4481625532086,2380.02715576415,0.3818396831812551
2005,5,三门峡市,0.6911216880058305,0.4354005753992572,2.213343947928061,0.5854454013677871,24.87684670366044,22.21197508443393,1022.2846583506364,2581.1091579701088,0.383206799505137
2005,6,三门峡市,0.6922396224032618,0.4416097682300561,1.7155552334494844,0.4756675130135682,19.591339080862245,23.33519193970814,905.4867883228196,2191.451216315098,0.3719134473539319
2005,7,三门峡市,0.701084445319551,0.4382524428397337,2.05290511415163,0.5765597360263972,19.546928707485293,16.988844799913725,311.1800665318407,1873.729370674692,0.3856202656318612
2005,8,三门峡市,0.7101223069526663,0.4349183476383444,2.3942328232037746,0.6444054964439212,20.88611469529921,20.27594795946612,197.7244626167364,2660.0256497382943,0.3399765130455529
2005,9,三门峡市,0.6908084819501978,0.4109932620813994,2.3836658879993364,0.6450217377180371,18.413196120396872,19.72698606993717,13.589432711112057,3257.661404047832,0.2744124721856268
2005,10,三门峡市,0.6717901445420355,0.3870950509967608,1.103336015458235,0.3875534968507804,16.83562669041671,20.231002431135263,183.87680559958383,2486.70941381104,0.2567348391321052
2005,11,三门峡市,0.6339595890797721,0.3670687153038168,0.588211731982867,0.2404171141793035,12.141818929175994,16.00464044476801,946.0753160929452,1453.4725981407328,0.3732239594311004
2006,1,三门峡市,0.6440412501558246,0.4377742534841464,2.4496131566964467,0.6056107296747977,22.18902593251806,24.39195312237274,918.6802482421934,2753.302058424062,0.3144445951715314
2006,2,三门峡市,0.6667496647459089,0.4476535792617726,2.0451027015983243,0.5352342818561695,26.19214426635588,25.55696058836789,189.62008612342223,3230.9033780504988,0.2688184057820969
2006,3,三门峡市,0.6909036925965274,0.4639777563863705,2.5541643686571565,0.66123596489911,24.14656857052129,23.665831349374187,1039.283860849367,2399.927254912952,0.3190351003032483
2006,4,三门峡市,0.7150510223093486,0.4802944679594573,2.2986197257788845,0.5966301223822178,27.850445719756955,23.73328495303766,426.5257241812303,3002.373402625725,0.319907901436774
2006,5,三门峡市,0.7116599285508547,0.4746201041264549,2.3374575136116835,0.6039863301317819,26.08072580988375,23.27932509194689,456.1396816556096,2867.685253614475,0.3409876091676493
2006,6,三门峡市,0.7082683056722915,0.4689452410730459,2.6600874466650475,0.6670754058078042,21.10275553270053,24.94385614480071,239.95534402544027,2634.0441923721146,0.2842871793265217
2006,7,三门峡市,0.6909082671385705,0.4196149962239707,0.9924856440270798,0.322390047025103,16.53487795039365,21.848796903419142,227.37896662067888,2086.9970213412475,0.2639055823811861
2006,8,三门峡市,0.673552738670362,0.3702839736191684,1.820521736713792,0.5253230338588463,18.786261854673917,22.11120288110829,439.3246067173504,1685.242151761419,0.3254913050830006
2006,9,三门峡市,0.6669534802471355,0.3724442196316462,1.7478306859700643,0.5683481879463945,15.089961542701811,16.23965754023883,936.8393733700964,2297.0838878315776,0.3662133350978744
2006,10,三门峡市,0.6605436450244208,0.3746357769348997,1.6290145245405252,0.5483749476844648,12.28760918673477,17.556377417198696,7.817715982350897,2864.5350392865857,0.2699171555108282
2006,11,三门峡市,0.6154542214465799,0.3186028584855815,0.362043123700988,0.1326099056530681,10.221126536844416,17.5974369285378,553.9140450598308,1794.902487831613,0.2966317171549595
2007,1,三门峡市,0.6242656569364992,0.3783616700615816,2.382237188081582,0.6012621356509006,19.172024505628887,21.765660893054324,1071.8734194741355,2010.1415364832164,0.3451779330050888
2007,2,三门峡市,0.6563708834993663,0.4053909043047232,1.4541740608375688,0.4232523767018409,21.646937925842742,23.269163038344637,156.3495395785175,3230.042408795211,0.3255511258046786
2007,3,三门峡市,0.6886030399454446,0.4298404102470994,2.2325011622852653,0.5648101153727836,20.905818235910186,21.28006504122854,1998.3576662982796,2210.9701575323334,0.3793449418510147
2007,4,三门峡市,0.720837090721588,0.4542894890512114,2.482804493369628,0.6393608010976864,21.622313240550525,23.008677262149064,1280.504110795931,2729.93971943536,0.3784629588215127
2007,5,三门峡市,0.7330332004340048,0.4704067948745833,2.756107679879092,0.6829504553326715,24.96996032611872,23.38724571740571,358.2698999136128,2587.160191420804,0.3566278156734426
2007,6,三门峡市,0.7452238597098478,0.4865240046584765,2.9487651260926424,0.7148905824249159,25.63350836276062,22.267809162397292,264.69373006728256,3225.285468758919,0.3457356484642684
2007,7,三门峡市,0.7077907245660406,0.4586962985804439,2.3804818098998384,0.6097533994443415,23.733199336236297,23.32767686723688,266.27073472002337,2794.8564054366047,0.2912178144987857
2007,8,三门峡市,0.6703480195832541,0.4308618115248851,1.5102320703614562,0.4754357421156776,17.178615680505324,20.423133574433475,869.1413513929107,2036.2498456127528,0.354992276585914
2007,9,三门峡市,0.6821018118261002,0.413646540498514,1.7966063512737165,0.5688319282052764,16.479461836570483,17.71038023352848,392.2357828416653,2307.3986221612054,0.3801685620690978
2007,10,三门峡市,0.6941137461097965,0.3964911762875144,2.242434040413269,0.6449327001273704,16.104210571771485,18.27879500990902,109.32255139418668,2640.536702687354,0.3337055491578277
2007,11,三门峡市,0.664465451282354,0.3816295771441022,1.775182489990551,0.6004177553543114,13.623925025707091,18.12955004479557,118.49798272819184,2915.011678849696,0.2656521500466574
2008,1,三门峡市,0.6289167048863044,0.4302125910866496,2.162636150546042,0.5685882458658362,22.15447899225452,23.372712091462283,494.03878447996107,3293.405091086218,0.2812658867255375
2008,2,三门峡市,0.6416439099923046,0.4367934641808859,1.9982277971871851,0.5186491481742592,22.084810515177544,23.73824168121617,403.0227840515295,2830.734195500119,0.2528921529936405
2008,3,三门峡市,0.6597454847795421,0.4374922671007342,2.127096334291065,0.5605795041815869,22.59102044502413,20.82006024731216,1291.9750099266166,2148.364246807077,0.366622213501229
2008,4,三门峡市,0.6778610174349327,0.4381777472247752,2.130570898229317,0.5645230278032973,24.966974595636668,23.935179304013708,120.89810334065346,3064.761116318976,0.3073305584387993
2008,5,三门峡市,0.6958510048073959,0.4286516789974714,2.0368146424497238,0.5628994686634742,23.149253645232417,24.19539075555956,184.7101936888172,3002.454516274669,0.2318119947032785
2008,6,三门峡市,0.7138268158335014,0.4191194425344033,2.4158347431003238,0.642666323049846,22.83184873642544,21.292464321857,474.4184234967784,2629.602556896511,0.3164748897060752
2008,7,三门峡市,0.710698971417915,0.4333275668097978,2.776919430248309,0.6893989006871972,21.404333683290957,22.602607887274964,140.00755101233958,3098.7675031314216,0.3054521872890917
2008,8,三门峡市,0.7075673649660046,0.447532184019863,2.584723387751946,0.664550786995693,17.876474160801997,19.90356673379476,273.74476810260387,2635.485091672327,0.2975864766638068
2008,9,三门峡市,0.6975714872030638,0.4068217247613737,1.5046620300351403,0.5073532940895439,17.327711616350665,19.6358685955545,218.6409048558216,2416.4857421369547,0.2730705983433635
2008,10,三门峡市,0.6876308205448518,0.3661112655028791,1.1927875865199935,0.4348933801101348,13.863138006768477,19.75776357572861,252.94851383994256,2529.980206285225,0.2668559212887728
2008,11,三门峡市,0.6486457346047356,0.3275422726032032,0.6952428333415126,0.2156021052907986,13.937461814149271,17.244815766163768,544.902542319046,1366.4706928637224,0.3478586927100077
2009,1,三门峡市,0.6745199545843924,0.4586571082771253,2.482740493912417,0.6064408500398828,18.851072043826893,25.03389396190112,366.8287885499694,3328.957548792317,0.1838782943381597
2009,2,三门峡市,0.6951563097242204,0.476427219026434,2.6872637973632525,0.6565393561455585,23.916411344786116,23.166695552018584,601.9170117698424,2604.1705922742167,0.3338476825541012
2009,3,三门峡市,0.7147760944260635,0.472476228260417,2.4831648416065506,0.6427328054035638,22.82936358319163,25.24602638731984,681.8447078770992,2965.259057910908,0.3272096425802632
2009,4,三门峡市,0.7343958791279125,0.4685252374943728,1.5386335437636962,0.4429274801011299,21.417768110601955,22.03475097589937,218.73491477536768,2476.226119156955,0.3188510685322014
2009,5,三门峡市,0.7359300789815105,0.4581734750159866,2.810088340292189,0.6802859949210887,20.629672997408736,21.85281505121614,410.1626953045391,2351.189786883995,0.3297775681859974
2009,6,三门峡市,0.7374642788351042,0.4478217125376069,2.867120467821093,0.6890534071670503,21.54063639293549,23.84683172445143,330.37139996187176,3150.514586447367,0.2619524491441491
2009,7,三门峡市,0.7319281012378607,0.4589274316318103,1.570364740990029,0.4496876203950515,22.60313324244166,22.0055518173397,182.3519445755847,1952.113339558482,0.3260717198444917
2009,8,三门峡市,0.7264001188384414,0.4700326359132799,2.661425427357456,0.6700913291287341,21.577834584171985,19.00740039503413,560.3428059330835,2691.856954772405,0.3415067557691853
2009,9,三门峡市,0.7099089755460782,0.4035818024747366,0.7669366684543283,0.2261333229453622,18.16627903599724,19.557872455632864,94.39991872630672,1947.0126958705196,0.3017745175401162
2009,10,三门峡市,0.6934490429460825,0.3371313071779839,1.3050345701239137,0.4615645389368906,14.711608497016504,16.871260111743677,659.8871309981416,1341.4764024609517,0.3727086442160098
2009,11,三门峡市,0.6692621431088646,0.3354889815939276,1.8118096363760383,0.5930954364802214,13.432264868767223,16.35119541521285,278.1666025342649,2233.9818305424023,0.3590660059658824
2010,1,三门峡市,0.6802630681050778,0.4754127245749244,2.6857629611123386,0.6500491153327022,19.61719837807047,25.110880964863156,1327.9445181785838,2610.5847715380046,0.3266011870438861
2010,2,三门峡市,0.7049251890868764,0.5043014258890176,2.6606245674375457,0.6580284555383736,22.003706477078403,22.447652789136672,854.9357336903136,2432.197145756544,0.3653862373075007
2010,3,三门峡市,0.7240254075403075,0.5051327696670048,3.022709856266545,0.6956709796249203,25.50906109222314,22.102443564755884,1288.0462912144878,2277.569914234563,0.3884348776372308
2010,4,三门峡市,0.7431302257159556,0.5059634639026448,2.742179639308839,0.670963054007803,30.039479624940235,25.26985618475179,307.2057075339824,2749.2405220254354,0.3632404198254956
2010,5,三门峡市,0.7383864074630623,0.4864895570439335,2.132755047715753,0.5772458724202071,24.32325533243253,24.990465836321587,114.43324566959345,3031.043000025317,0.3121360662019176
2010,6,三门峡市,0.7336604943827524,0.4670147341634631,2.610089435840085,0.6717972183731586,21.22477461295447,23.666488997993717,327.99275205689577,2422.010003275046,0.3215114484673654
2010,7,三门峡市,0.7248712262749633,0.4602379911242309,1.9641709632745732,0.5379267151851679,18.96783473882904,19.93500359698052,1710.4591069434523,1250.6406609987964,0.3961971960668337
2010,8,三门峡市,0.7161236751932035,0.4534594947210162,2.1417838835479484,0.592732278960778,19.621425857141045,20.151016237259608,246.4271560716117,2830.2545457077754,0.3599596744999792
2010,9,三门峡市,0.7142429027310894,0.4268052355736824,1.997204044033587,0.6148706753484626,19.99324111745604,18.95005520140829,936.7105555683108,1508.2857885149103,0.3970160674089334
2010,10,三门峡市,0.7125828926797715,0.400160702222814,1.51593713022096,0.4615083901459663,21.928039718896816,21.88821588876938,45.55836702723239,2622.033704119413,0.3459502037899726
2010,11,三门峡市,0.6892943834533513,0.3663093207064992,0.6866990766561228,0.2859008675889442,11.87748638938094,15.91443845417704,370.8562950785293,1637.2966253852203,0.351144667880861
2011,1,三门峡市,0.6489767908681706,0.4200193030922649,2.621588325992233,0.6063525089193288,17.749403175456543,22.6726302762926,1059.3469184020423,2316.0627653791457,0.3206504154972689
2011,2,三门峡市,0.6433276115666782,0.4445092819106875,2.4075912741961907,0.5869781654843507,21.30328670191273,24.508903383354223,59.01916044696754,3448.4164557845083,0.2575535230606549
2011,3,三门峡市,0.6444188995281053,0.4428747173421047,2.4852542955885326,0.6155513188851559,20.705218929843856,23.65645712275915,538.782511633002,3077.4653705822825,0.2774254780100321
2011,4,三门峡市,0.645531420960048,0.4412401527735206,1.042950018563079,0.3470757930808096,19.425277637334364,23.42591546094862,857.9015800093738,2497.597402551896,0.2901599477593476
2011,5,三门峡市,0.6621773154953028,0.4418995632444109,2.770594696260717,0.6733742583591885,24.429806868340577,21.39104386713989,252.42281602944516,2336.2267533905533,0.3508965819516709
2011,6,三门峡市,0.6788217253932083,0.442556340810218,1.5686357905683903,0.4507671510126949,21.57095359710529,24.983517486095295,231.17719075389195,2899.667753573765,0.2738907571856057
2011,7,三门峡市,0.6915284486873249,0.4422273131662421,1.9506552918573783,0.532611505277043,19.418467906796497,18.760384226140346,686.4098306857227,1779.9151657572218,0.3616761222326302
2011,8,三门峡市,0.7042345146538177,0.4418970059064424,2.616168303226724,0.6630027842031766,18.775798036267577,21.47214768568729,140.75266081815323,3093.083065998054,0.3041067151351664
2011,9,三门峡市,0.6871369191951857,0.4045791679780147,1.2444914149339954,0.3303001682857107,14.03413245410512,17.11342735265415,1686.940987199563,1059.1804840295215,0.3857211480539309
2011,10,三门峡市,0.6702225628840823,0.3672850141053012,1.4621312293515447,0.4698733248551593,13.664500583078384,14.421701055702655,2069.751494778286,641.6898353630892,0.4182951671337309
2011,11,三门峡市,0.6486157032886246,0.3415668935578891,0.9844553430392888,0.3703484869129245,12.881881022876126,15.253464621479289,43.342199881736825,2712.433249690061,0.3675990540289147
2012,1,三门峡市,0.6445110719389958,0.4299086510543686,2.444095715089158,0.5959828466626291,23.615258006238584,22.924573549663275,1419.9402701192569,2260.527933780552,0.3431303728907817
2012,2,三门峡市,0.6727764194956739,0.4488495472142574,2.1280498729796955,0.5341921090033842,25.30879052916149,23.916347299767008,719.1264500672717,2956.478198919852,0.3588299267831806
2012,3,三门峡市,0.6939246588405171,0.4747858546196818,2.8117029436915417,0.6574784249054745,24.150198730461177,23.7001360461586,361.9253087387396,2823.749017979604,0.3252784294954355
2012,4,三门峡市,0.7150645118561395,0.5007148591121815,2.4326566513720795,0.6050430777048025,27.01310977293984,25.14748954727502,343.2311773421369,2814.395911125338,0.3051907724904605
2012,5,三门峡市,0.7275924298306737,0.4808492722191426,2.712743736858044,0.6615485120463066,29.138041663012103,23.38115519827297,285.0006567535284,2603.4357444008792,0.3392891248283983
2012,6,三门峡市,0.7401133199599911,0.460977068715239,2.2784788938372813,0.5926953121966582,22.773204296566465,22.744254379220877,303.69492326069724,2439.9723487024357,0.3010509765942546
2012,7,三门峡市,0.7455754224615361,0.4642050417733341,2.9227561654229737,0.701855713582993,23.40534051330571,20.008756066667388,698.4581338695948,2624.904116041285,0.3467803528171559
2012,8,三门峡市,0.7511079724817066,0.4674283582354625,2.849462372873434,0.6945182285170315,22.66484601064656,20.80182862495498,761.2145679726528,2488.395969642172,0.3199653505845183
2012,9,三门峡市,0.7343745915372647,0.4418168439744774,2.2148836336698388,0.6117029138691856,16.40109959254553,19.013317968214466,496.16847829632286,2721.2720648300824,0.3613310820027741
2012,10,三门峡市,0.7179265912189504,0.4162108339775963,2.490737590897323,0.6829306031371001,18.96738034119037,15.957306702046983,46.887484977162025,2647.093635849854,0.3442905136013525
2012,11,三门峡市,0.6938632335811792,0.3782004365625548,1.5399732661490666,0.5273191322590484,13.561206123391509,17.745973954778496,146.69892314818912,2092.35114289314,0.2943920416664475
2013,1,三门峡市,0.6884764552278211,0.4875603487076793,2.463175365077958,0.5996783774096422,26.28174165071186,25.655567586641173,617.4071395054057,3026.310391422781,0.2531406549485915
2013,2,三门峡市,0.7249315204488576,0.4939119847475007,2.610575606392762,0.6393734858426933,28.531741273929573,24.6075705910116,792.3398506644611,2574.038858399561,0.3189265625524642
2013,3,三门峡市,0.7210692382347249,0.4844848237176566,1.891938450013786,0.531163522268492,30.383334336356945,23.543574968772003,489.2970157576071,2304.145371738969,0.3507110938931542
2013,4,三门峡市,0.7172002677792122,0.4750531535455192,3.0134883862720123,0.7098086922997158,28.48238695771998,25.68549614096365,434.36287434810566,3058.645817517208,0.3051654894998309
2013,5,三门峡市,0.7410603046188745,0.4835949829137168,2.93532451315909,0.7007781499810123,29.20617739398259,25.370209563159325,294.4062793861407,3184.9617454201007,0.291540741195346
2013,6,三门峡市,0.7649173105826464,0.4921358838928039,3.100871153081958,0.7306838543823341,30.98766317926552,26.75623976361187,125.88026159868345,3381.184129367655,0.2422122408628546
2013,7,三门峡市,0.723616434541495,0.4585468888775885,1.8684942370977884,0.5242067145812488,24.463964362394208,24.278675338340943,100.4799299086902,2851.59011590146,0.1690310857044106
2013,8,三门峡市,0.6823707801531921,0.4249578938623677,2.4826528666582903,0.6453506054205436,17.956382761214606,21.88593605427977,61.03388999683247,2641.2067956400324,0.1902732578331578
2013,9,三门峡市,0.6525119385327928,0.4026197245359195,1.7683468248281606,0.5472527633949873,12.502268668769569,19.226843242228504,89.3175089764838,2361.8936778248776,0.1677720334995341
2013,10,三门峡市,0.6227987731019692,0.3802934377803428,1.7414939817253847,0.5371404210801449,15.35859410299097,22.42219626448837,50.15024223772766,3055.2365806783905,0.1570681999752242
2013,11,三门峡市,0.5771324168642304,0.3452013498669085,1.1034755331561508,0.4609267996603517,7.405007744801058,18.34679344007389,69.6368866292694,1754.8225152848183,0.1624668961152142
2014,1,三门峡市,0.6858135511445685,0.4394413083864638,2.159793061173225,0.5695760491055699,22.844815583642024,24.24427084219916,210.04171482541048,3417.085631513964,0.20966132332308
2014,2,三门峡市,0.6773000512500552,0.4576096652313681,2.522102659785137,0.6255993386701523,19.89347108142301,23.96177491857349,162.70239319588495,3001.4832417323764,0.199236384047617
2014,3,三门峡市,0.6817524950919163,0.4400273647090607,2.489717671125668,0.6191921842834675,20.38285445036704,25.727495451842785,245.12800967332137,3138.2535920545674,0.1883662865390426
2014,4,三门峡市,0.6862650002950185,0.422440968133161,2.603719566941246,0.6409655984122824,21.018831596379336,25.404389143996784,157.98734453004442,3582.853813482852,0.1847594827948357
2014,5,三门峡市,0.6982727328913514,0.4258879151399545,1.2174213779311074,0.3802403180343848,18.60747320821961,22.05596743727196,724.5198556224049,2036.6918146277635,0.2501184105212461
2014,6,三门峡市,0.7102870385166501,0.4293322718197027,2.6478659609517647,0.6624041145626178,21.943952859628947,21.564625988715093,427.2780223527279,2723.5930019265784,0.314771656398064
2014,7,三门峡市,0.7059833702079574,0.4257945283019789,1.9517881193209827,0.5339687249482791,18.742967204870578,21.93004429883952,70.6523779637327,3162.9048233487515,0.2691497069657017
2014,8,三门峡市,0.7016983629596109,0.4222566181103881,2.5778706183759645,0.6689217109341266,20.952086417094243,19.37472753069473,672.7110937663231,1891.9596426849928,0.2877247489165699
2014,9,三门峡市,0.7000154443752199,0.3885520568343693,0.2142310392625002,0.0792480408592628,17.157388025270514,19.842884751221384,713.6770255262103,2176.4398109192816,0.3243889853202768
2014,10,三门峡市,0.6985980434921862,0.3548651893917302,1.962365682788099,0.589649286163651,15.450134866343571,14.122104555629097,1611.8023620350875,472.2703528793168,0.4167895893382968
2014,11,三门峡市,0.6642144736843677,0.3583366892948164,0.8282873459033284,0.3160925157581601,14.651361811379632,17.75984961682655,24.48436543677831,2519.805190328301,0.3429675617847657
2015,1,三门峡市,0.712714112223401,0.4922827629385939,2.584947150796185,0.6412306215668141,28.13177296518016,21.76151267342993,88.1615078104659,3486.3077051262967,0.315014196141363
2015,2,三门峡市,0.719247458522287,0.4686853356652372,2.5067693089312906,0.6204214557792326,23.50985767066441,22.562636281399094,511.84454311910497,2996.396858785072,0.2674616344540295
2015,3,三门峡市,0.7244626088261079,0.4920216240951219,2.6813259781281307,0.6665812472829971,28.34603410867792,22.8037446687522,247.0335060435582,3091.155022208096,0.3065435408531677
2015,4,三门峡市,0.7296908786159158,0.5153451120087406,2.6247074292036747,0.6368144711796154,23.645483373044843,25.817915152650173,145.47946623065826,3443.473630859635,0.2273718472463948
2015,5,三门峡市,0.7362970624359125,0.4814392671897936,2.8001769133623737,0.6762903114207738,23.64731282342433,23.594524853537827,539.6854903479766,2989.380470575941,0.305538765743866
2015,6,三门峡市,0.74292186194209,0.4475277721699322,2.226929958068768,0.5866514066595565,18.760461628126077,22.73236091185553,235.85754823222467,2889.202731281406,0.2887171973579793
2015,7,三门峡市,0.7298819265939871,0.4458799538738001,2.8072887808226685,0.6850906708681307,22.26309949393868,21.29916807908366,280.2494230198184,2775.273968269365,0.2767741064293982
2015,8,三门峡市,0.7168447241376054,0.4442262578657161,2.213397377109572,0.6012987534550736,19.57346369939232,21.081986259018144,329.28148777698345,2974.251647948257,0.2655387715470582
2015,9,三门峡市,0.7001810160969042,0.4276599653571493,2.287496815611385,0.6206299256805808,18.22620516171342,19.668213499267388,430.688234209984,1737.0746528323225,0.3190204609270408
2015,10,三门峡市,0.6836034014737924,0.4110896922886156,1.803155225223433,0.5493825142746738,16.64084300261418,17.347744385117565,32.48293138612584,2806.159536966669,0.2928796071417432
2015,11,三门峡市,0.6503280999038582,0.3922411374992121,1.1411114305250705,0.4282681110666815,11.60473577840593,18.07652314703257,206.71530000699437,2283.3879065261804,0.2782787211799483
2016,1,三门峡市,0.6909618842490989,0.4863723899163215,2.068291919039055,0.5142235532955195,23.3982758847256,23.8059159098633,157.32205471006006,3036.959609677117,0.1975808654140572
2016,2,三门峡市,0.7051372164216274,0.4786884384773401,2.5801794967017497,0.6350812597192123,23.049024518369524,23.638544920779065,640.0920607104053,2470.728857704234,0.2947301345677712
2016,3,三门峡市,0.7216455337739773,0.504270720741504,3.0043647969477947,0.6870879925955293,26.43697829763871,24.614869035574856,804.2453521934543,2864.914197528575,0.3323751675796676
2016,4,三门峡市,0.7383909839814514,0.5298848306450062,2.8172305082430364,0.6801231248659372,26.880014128826087,25.818840986671173,505.57145681641936,3166.102410529484,0.3130209004237437
2016,5,三门峡市,0.7014745990635531,0.5001305738408649,1.7636739097286205,0.4884877331888724,27.919358029021872,22.827940046736657,871.5850262402274,2516.9539489574004,0.3605139325395913
2016,6,三门峡市,0.6647653316608325,0.4704014511344502,2.271967531526234,0.5953032566327826,27.904521022751343,25.668135375416792,100.02778958729348,2638.899696794748,0.2849729987736437
2016,7,三门峡市,0.6984337317550858,0.4593038121692822,2.766550341859882,0.6702692224781682,25.12928164389321,24.988330530104268,453.5246796762353,2268.7968589064963,0.2593862397159766
2016,8,三门峡市,0.7324880422538554,0.4482943510723191,2.832522669399842,0.68754936939004,21.51053539757599,20.97832576044943,20.989544579695465,3066.538408951026,0.2563480522218915
2016,9,三门峡市,0.7118064714080743,0.4275150593007624,2.5052214034747817,0.6603305893071675,18.121396335244853,21.999878790731938,57.91992228743641,2809.210302552284,0.1794676248135537
2016,10,三门峡市,0.691488164722796,0.4068562565910617,1.356105136717069,0.4378699506922844,14.92404851464118,20.292142331309545,470.99936259270913,2494.7815660653523,0.2784871488561177
2016,11,三门峡市,0.6706091785794798,0.3780597098667502,1.6951118998501875,0.5656530573745675,13.668152037454966,18.11684507532807,342.9830406161664,1862.9325814070205,0.3066035861645417
2017,1,三门峡市,0.7102704399431914,0.4709412110499048,2.85244398380387,0.6624817866217638,23.097830953358493,25.27926140946381,551.178208406867,3163.850328934968,0.2043690377536088
2017,2,三门峡市,0.7197035197951492,0.4566545258856086,2.4758636846148647,0.6164987392813432,21.53643088973059,26.53657589158285,267.7743217261139,3631.147253914679,0.2162323912119375
2017,3,三门峡市,0.7160570979953615,0.4667922045428144,2.693325038649312,0.6399383059563595,25.91250308043055,27.36094623050072,216.87858522807784,3286.512160537099,0.2347855656845517
2017,4,三门峡市,0.712734197468934,0.47700795516976,2.712584360544259,0.6567347737032048,27.884092103085244,24.13412261525432,604.9423927934404,2336.853757861799,0.2682712002940962
2017,5,三门峡市,0.6959046669581573,0.4641314222387518,2.782529894009421,0.6567771026456118,23.2839810321664,25.80302362684163,313.27417256178734,3240.427908797956,0.2577894843507027
2017,6,三门峡市,0.6793639498698494,0.4512731560893299,1.8440018956084183,0.5121107057446203,23.0995662226413,25.090839164524684,51.28369619483602,3208.354120581254,0.2107337593243396
2017,7,三门峡市,0.6372323521526334,0.4039535024019089,1.605918316827993,0.4514829403019608,21.41128278046836,23.17969739593024,445.4332054700499,1845.894100375047,0.2904409459641607
2017,8,三门峡市,0.5952994128163918,0.3566339718026073,0.2283243791458075,0.0758018795665677,17.192965906372233,18.129767284713804,751.6307158920768,1278.3355625596264,0.3419266621292606
2017,9,三门峡市,0.6544237320055935,0.368810124627486,2.5568727056535585,0.657671500600378,19.558442767202653,18.060455801712195,632.6402226245112,1775.128551295979,0.3749746479626147
2017,10,三门峡市,0.7138118854711878,0.3810420057674727,1.5940869351745317,0.5379338844994563,16.689687364967078,19.526833085926054,49.10342926564679,2893.3853260132632,0.3170518576176407
2017,11,三门峡市,0.6978732796005611,0.3564658186611911,1.2077683553075842,0.4705998993876977,11.379835774720831,19.686430220225347,469.9289649067211,1950.5048105858905,0.2850367799740432
2018,1,三门峡市,0.701586154013338,0.4855884315099093,2.015444537562745,0.5258322987240491,27.24925076640937,22.24738600451038,917.4339649255376,2373.3220440105406,0.3545437596239745
2018,2,三门峡市,0.6951778264304791,0.4804308596989548,2.081152510874467,0.5479648276147229,31.64612480220241,23.518517765430296,493.1768446696062,2017.0876670720208,0.3789204457132127
2018,3,三门峡市,0.7154158660309735,0.4947117409056812,2.997098477961252,0.695355792601149,30.728821558187608,26.379909523291083,79.13540971774441,3346.047700014018,0.2898996141932417
2018,4,三门峡市,0.7356560567976407,0.5089779566715033,2.34403875074685,0.5970407034518582,29.68643151770124,24.73452092894283,724.3435151135363,2630.4078042355263,0.3164839009639704
2018,5,三门峡市,0.7340536951397132,0.4894553844763983,2.592685273955567,0.6401684184144439,23.987218430581255,25.59836642576792,175.37945538913522,3010.79920464496,0.3024485662716429
2018,6,三门峡市,0.732473842021442,0.4699414571755247,2.4217643716143344,0.6242406423911422,26.77216685341411,25.15477374536694,123.15694081837664,3188.890974938247,0.237718650855316
2018,7,三门峡市,0.7139318941981992,0.4517393641356318,2.731411146094895,0.6736294899260492,22.94330812142814,23.54697440701632,127.80380373447008,2661.2842673488385,0.2092620417336887
2018,8,三门峡市,0.6953877964561949,0.4335324422220882,2.5143900593683197,0.6332469157378595,22.631862649798183,23.96634679725893,81.80658539881695,2748.2213912539114,0.1667446610421358
2018,9,三门峡市,0.6912421045960838,0.3977264109796892,2.122089904626785,0.6034304506406821,14.407760692242087,20.5690422990392,119.42935399577716,2876.531105727963,0.178029076181312
2018,10,三门峡市,0.6873403355512211,0.361941075410422,0.6015097103952303,0.2445493571919562,14.390095155749908,17.445087189299286,862.1841797656422,1281.006042504679,0.2772178296440271
2018,11,三门峡市,0.6697749569962255,0.3427686982423013,1.599831066118811,0.5455821124757831,11.820650135636017,16.15447031898304,533.9580000625803,1795.0910281243105,0.365798746695285
2019,1,三门峡市,0.650933855724682,0.4467816054603781,2.6926815524066536,0.6389805785059759,21.74962272860052,23.62642412324145,15.410212029071792,3538.001369435187,0.2242318426966923
2019,2,三门峡市,0.6895167468703155,0.4904798421173573,2.6765798456447207,0.6321870490638062,22.361800721491736,22.962281042346348,257.12303014083,3041.895838948346,0.2239581874248626
2019,3,三门峡市,0.6851709851119416,0.4866131021540416,2.311596153670671,0.5950798096199005,21.717292442915976,24.25977943368034,573.1638988621629,2366.6520325315378,0.3021667766529383
2019,4,三门峡市,0.6808107317056139,0.4827335503024167,2.240619902350738,0.5945601581747887,23.28408476257257,26.27072949656245,316.046453671335,3128.284120940143,0.263353788907852
2019,5,三门峡市,0.7130384044481365,0.4760506581758739,2.370151488162946,0.6162692344484431,25.139042945421885,22.763167125342257,1024.2862385155006,1962.2750854116143,0.3587976005258299
2019,6,三门峡市,0.7452514972654601,0.4693666294936741,3.1139255119053173,0.7213908455324083,26.001932991875982,24.587009080604712,48.415158711256126,3503.787224502327,0.2750872595046224
2019,7,三门峡市,0.7311037870691743,0.479490979443639,1.6061713428021585,0.4819163698591563,21.97817098971851,23.29932452680733,333.6626335064047,2197.5930677988463,0.2830312206790633
2019,8,三门峡市,0.7171053734404662,0.4896153293936093,2.807320723599436,0.6805615164883422,20.5508237576427,20.86241137279905,189.2549148552633,2533.913820476468,0.2839671644439528
2019,9,三门峡市,0.6972864825107754,0.4611318486754221,2.1810198978191875,0.5902510742839906,19.91893868980375,21.538465769482496,429.4979055490811,2661.0196518442167,0.2466988016742075
2019,10,三门峡市,0.6778433420550753,0.432737099788777,1.6742001688386732,0.5146412471417565,14.075557458035544,16.136689997342614,960.405858592722,990.5820069848734,0.3945307186737139
2019,11,三门峡市,0.6791534376057384,0.4014141634180326,1.8440262751705152,0.5947156077058476,15.102326778390394,17.22549933995221,152.40171052513742,2533.272752660521,0.3470648081570274
2020,1,三门峡市,0.7257127574892935,0.4757850668535434,2.4598238338470466,0.6321541735182694,27.39423666820384,24.319099607494906,48.14587369595987,3467.1044001088667,0.2098888381319844
2020,2,三门峡市,0.7126271543682753,0.4944489786155424,1.1436194790216343,0.3492792092969882,24.30471712196285,21.23279693829132,607.6059459836961,1927.369797878224,0.2799802394649194
2020,3,三门峡市,0.7407688907893013,0.4863022243695767,2.609016809658716,0.6419636515473298,24.179742870325363,20.88674222757193,519.6578831183018,2014.293163413184,0.3369887508394192
2020,4,三门峡市,0.768907058655378,0.4781508135560587,2.683340462678104,0.6620024724587659,28.88028563228732,23.342114083827752,421.7679948840864,2619.1181806241475,0.3363225226861038
2020,5,三门峡市,0.7513515203400951,0.4762533524670992,2.860802541140802,0.6942127910401047,29.51477944677319,24.460053321524157,857.9703927939524,2173.019420091593,0.3749976556252154
2020,6,三门峡市,0.7337966537182361,0.4743529856597847,0.7982056480686324,0.2656188605445748,28.732790946424068,23.7980738449351,424.18675542894414,2254.86603671345,0.3594590773374381
2020,7,三门峡市,0.7256720761494505,0.4373821799990576,1.5320813810992349,0.4492504959010478,27.631537072337785,20.60049914873101,625.5478880725648,1810.9948777708903,0.3900526246997527
2020,8,三门峡市,0.7176081112388646,0.40033342779079,2.2659571141298374,0.6328821312575209,24.75634036850984,21.302408061004986,22.524898014988104,3317.226611290037,0.2964310033627809
2020,9,三门峡市,0.7008737860903564,0.4012838372660008,1.876610668021783,0.5550080058862151,19.98498514407791,21.4961014151123,41.10703137743417,3010.011705402355,0.2205419602818102
2020,10,三门峡市,0.6843218117206964,0.4022342015015401,2.049484592404628,0.6065058203719202,15.29651732966076,19.310260314195716,16.9796245281602,2696.657693222148,0.1966002100463884
2020,11,三门峡市,0.5656246916168719,0.3450822868619391,0.9546613269378946,0.3669848599232571,13.31176890879972,16.27665471176559,483.51786338850167,1803.50875086954,0.2800036916920381
2021,1,三门峡市,0.7233263600254343,0.4942122548755362,2.218214063698311,0.5515658772033345,22.72821860236589,23.584150320509245,388.77159126130687,2913.814957959912,0.2561355530971875
2021,2,三门峡市,0.734517718186968,0.5027890501446707,3.0419349552371395,0.6845024665046807,25.11685498699703,25.30329267227425,756.0224775853434,3110.903421339478,0.3123383867208211
2021,3,三门峡市,0.7550858338841827,0.4925375187821941,2.402787574715635,0.604948075488134,28.48239180918393,22.283816936647412,1254.6682852365043,1887.943718411542,0.3844317079553866
2021,4,三门峡市,0.7757029681533754,0.4822851459726567,3.2371629935064594,0.7297884853455759,29.56484702993123,24.917738132990745,173.82841872736842,3459.608787820618,0.3195663675081295
2021,5,三门峡市,0.7692349470879457,0.4864660433381074,3.1541316699730486,0.7134581209881184,21.198842459756747,24.03253209641385,206.3178909089804,2755.839549604619,0.2635884903005732
2021,6,三门峡市,0.7628575569019286,0.4906469407035444,2.796623279454301,0.6729201347536126,25.067454653497872,21.6068501446774,338.6980311857971,2045.1677422492708,0.3074333214412534
2021,7,三门峡市,0.7519720100112656,0.4912798975226637,3.0741029343142485,0.724083337677208,20.901277610348373,21.95965968516128,756.2736226221331,2269.681495451998,0.3539271393132408
2021,8,三门峡市,0.7412475593167881,0.4919128543417854,0.8604831527220912,0.2792857179691342,19.669508994255317,18.30735075689627,1413.461895407991,1321.2074229840114,0.3884685115249192
2021,9,三门峡市,0.7319650685189447,0.467406442868467,2.849027048991971,0.7055776934212534,23.606839626103262,19.805210765767654,497.6515728566883,2303.156401469516,0.388170388461225
2021,10,三门峡市,0.7230576854673298,0.4429888744859603,2.2704754803671805,0.6465431199423068,16.618875618693956,19.38913136873942,1188.9393126197936,2211.1701868274827,0.345277240876251
2021,11,三门峡市,0.702924239876184,0.3923936507301601,0.7627615814467886,0.3080762961836379,15.51726823749318,18.425592400849293,1040.0633931983,1649.197266773161,0.401718439696104
2022,1,三门峡市,0.707977743264296,0.4738089885106848,2.714672667203664,0.6501758439088453,22.098817656464607,25.172347649764305,234.83590019435476,3348.6139458558523,0.2552810663842686
2022,2,三门峡市,0.7119204051479172,0.4700456809434554,1.916367692921698,0.5207531201314617,23.63017622315445,25.27929931392535,703.9542147949626,2194.7714671649837,0.298997434994865
2022,3,三门峡市,0.7352092921762181,0.4959511966541668,3.1241706335750696,0.7149100189749241,27.89864106275481,22.09978109491552,1298.8202162523032,2831.63238327884,0.3673593280655882
2022,4,三门峡市,0.7585483462224785,0.5218568078916764,3.136705112524289,0.7193725733694956,29.254781601595795,23.51508709049405,632.6327813628985,2934.2791432230983,0.357062825616678
2022,5,三门峡市,0.7522129860250212,0.5038385227127615,2.843121768975611,0.684234189014131,29.667082595813703,26.731802215913174,124.37499476416882,3101.3432295083016,0.2598785186772454
2022,6,三门峡市,0.745923021866701,0.4858132660547513,1.9382136673129096,0.5259790723038059,25.26323941207388,26.84407682137777,90.28381608886468,2895.6928367382075,0.2116516783353267
2022,7,三门峡市,0.7331421966656042,0.4969534930998622,1.3161957540503533,0.4044794343212571,20.303474395656007,24.72699218090743,297.3109609547027,2449.7082687450943,0.193133264914161
2022,8,三门峡市,0.7204381440907174,0.5080850279847217,2.5774019475941303,0.679214829400959,19.76560649269956,17.771103631078013,970.8707907523284,1554.1121517504257,0.3732170004945406
2022,9,三门峡市,0.7301460380496129,0.4726651246999521,2.477787048169335,0.6630825456727933,21.23744953735149,19.964257356203177,296.2926964719624,2669.237658277784,0.3187208991475423
2022,10,三门峡市,0.7401514438444201,0.4372893390947859,2.066737622541784,0.6058190879504411,18.1478188039392,19.711053014348025,76.21230489759334,2572.523817773387,0.2977363178814131
2022,11,三门峡市,0.717923851656558,0.4094247040781165,2.3886666059041866,0.6627980505545099,14.735229806714914,16.61252737731906,107.69659590044164,2190.386119474385,0.2811188773546663
2023,1,三门峡市,0.7480390340024093,0.5179378532437159,2.705948395723744,0.6451793837293629,26.93510960167431,23.71116542063072,406.92462687522834,3079.121335534964,0.336912495522561
2023,2,三门峡市,0.7448364433570142,0.552501162414396,2.765797362969057,0.6608731490912204,26.22882863920865,25.088339188858136,476.114774710986,3232.3285387874243,0.317041743681323
2023,3,三门峡市,0.7616007680163053,0.5312768208987892,2.6598651498737347,0.6425065337827771,27.19465364293152,24.729805227781828,108.4774414002123,3319.5954634690133,0.2532948843747286
2023,4,三门峡市,0.7783783759250191,0.5100502559072717,2.726836039181213,0.6513937374471834,27.97086050795089,24.052821087245103,715.8122655394503,2401.099472947162,0.2981629415422135
2023,5,三门峡市,0.7772151027556102,0.5172957473537084,2.7757808744574115,0.6673161626826348,27.50564444705133,24.9285740161826,473.7078702366028,2583.7872215859898,0.3414529452867018
2023,6,三门峡市,0.7761268148397019,0.5245392424258916,2.89805313912044,0.7005353376597493,27.851506385840747,24.59819473975283,155.87224409359126,3065.4646465562632,0.3201426986395573
2023,7,三门峡市,0.7686963885521859,0.4996064573451946,3.144467621458509,0.7367183013451308,22.545549994005874,22.610388873336888,620.2098533291097,2458.0015387716817,0.3373900889268322
2023,8,三门峡市,0.7614346468631606,0.4747142513012892,3.1476108847085498,0.7456835007626836,26.49263254207239,19.745658720776,728.8132329197724,2427.427996447302,0.3637692608620386
2023,9,三门峡市,0.7304244312268833,0.453147396836529,1.700838597295494,0.5115628711776425,21.05265384118339,21.972620598913466,229.0293227168238,2903.310947058833,0.2887978598776279
2023,10,三门峡市,0.6997388143601765,0.4316345793638241,2.0518235164903103,0.6143482429929549,17.562469405622906,20.12557470162752,310.9131524268154,2173.439618258428,0.3365103240419286
2023,11,三门峡市,0.6015356443890356,0.3640384946777395,0.2265989307494756,0.0927568734905459,13.160354048932993,15.50955517297117,1184.8576163256162,1044.9578403754597,0.3992459258555023
2024,1,三门峡市,0.6617977826216688,0.4911575634855819,1.0715100647394968,0.3073998078587375,23.62626142167486,21.93079591960613,1816.4899615347128,1935.246928770934,0.3175391002998059
2024,2,三门峡市,0.6473433720545543,0.4929516280556522,1.8601326851254036,0.5284840238587626,26.25026619010148,23.17537443374115,932.1116204730748,2114.001743418276,0.3742697837590391
2024,3,三门峡市,0.7048619645505076,0.529881063195726,1.7818665470801571,0.4780024148441486,26.886204140352262,25.110954263995826,2082.80562620088,2086.717903499956,0.3996134034857913
2024,4,三门峡市,0.762421606738327,0.5668176106858425,2.9894108991100268,0.6983108769856322,29.715589408777724,24.72957279999008,1008.1280307584182,2631.6172123062165,0.3878980360860847
2024,5,三门峡市,0.7700543880215358,0.5748409210404826,2.3085898338925923,0.587503848033985,29.49565349294516,24.89351492347063,512.4940927127083,2413.1585322295127,0.3770882278803936
2024,6,三门峡市,0.7777823544950755,0.582860205615946,3.1911218009514712,0.7213929896167531,26.35973378810148,23.59477692837069,259.6949676144864,3244.3179854848795,0.3299711511138321
2024,7,三门峡市,0.7687973831655724,0.54890439668081,2.4029959938781023,0.6522519152256354,28.379275817776687,24.22279843793711,377.27473258184426,2956.6675992305577,0.3533740809086428
2024,8,三门峡市,0.7598748690440975,0.5149480288319959,2.643429425299382,0.6953391566356741,25.590782705994084,23.36535646403996,113.31037796994283,2579.6563005935136,0.3033783481093998
2024,9,三门峡市,0.7405564918672252,0.4829512880246188,2.3175078330114585,0.6414049296377724,22.96347214949216,23.223915152812538,137.08703662139328,2477.919477345659,0.2811849270539555
2024,10,三门峡市,0.7214457390963701,0.4510099480974755,1.9880715474294088,0.5946490485187985,22.810838762513413,21.584783936086403,30.97503498665366,2391.258279171226,0.2528356907177852
2024,11,三门峡市,0.7092029320402636,0.4072635495677499,2.3198059733118983,0.6744398813187733,17.0840693964883,18.53804337091353,61.58314645702065,2274.95448571647,0.2216562529644268
2002,1,信阳市,0.6808168543293672,0.4556363758001169,2.43193634099548,0.6495386744362465,29.919311713138317,25.918404629685288,275.5793192477823,3044.7435905669445,0.355861364361431
2002,2,信阳市,0.6808168543293672,0.4556363758001169,2.4440138703512657,0.6642515955607664,29.03667863899637,29.61239020830681,23.022107842455146,3584.8437271171524,0.2589668709473696
2002,3,信阳市,0.661889705842522,0.467404720058594,1.4012415682007944,0.4581858345214274,24.49308526060072,26.367283143515472,2790.9968249177664,2290.461491139936,0.3595217019875449
2002,4,信阳市,0.6432585499480117,0.4791752325609741,1.6034441761906402,0.4973357813964505,31.83292083872401,26.1284177933293,1335.3625844491476,2177.946661047038,0.3970558322641139
2002,5,信阳市,0.6421632265258755,0.4587531237915193,2.003272324613239,0.5668830791238455,28.87786841804036,26.901959568271675,176.15050648597855,3148.0471312765267,0.3327553638635089
2002,6,信阳市,0.641324545947211,0.4383310150220627,1.1632603250908728,0.3955750908241317,25.95598728686061,22.30491063253208,370.8391901814986,2049.478654887112,0.3445352908777529
2002,7,信阳市,0.6659269693414234,0.4519268179846176,2.425782695159204,0.6804998310547131,29.346717160291583,26.81136250331639,946.899197899765,2421.181237858016,0.3679620795766115
2002,8,信阳市,0.6905526505355397,0.4655283715951276,2.0368064225316163,0.627617384904496,22.659385899291888,26.633206034849497,79.18266716103392,3435.570921719552,0.3452396367371586
2002,9,信阳市,0.6552189411030808,0.4202489080284926,1.439641957393685,0.5075147830794313,19.375017204457283,24.82693456925105,104.35623252334764,2639.0789623527967,0.2745598256244959
2002,10,信阳市,0.6199066396406792,0.3749809506817729,0.9974988152645228,0.3693005417733144,13.916344897310587,20.40071781881648,161.3441919231189,2005.818478607193,0.3012803295007175
2002,11,信阳市,0.5285086784120488,0.3077847982487469,0.8524332498693092,0.3838058577824815,8.501917538523843,21.016076379583,77.98494998452172,2550.953118758253,0.276670274537197
2003,1,信阳市,0.644743184152305,0.4271439737399067,1.1124032767034342,0.3831104490044193,23.47279683157461,24.648108055870527,1964.590968800272,1758.4615028990006,0.408466779180532
2003,2,信阳市,0.666848335898762,0.4717814325717647,2.066594127747857,0.5805703235668597,33.29838251454555,24.85013922406533,1112.0511773810683,2071.64034077057,0.3991571291592858
2003,3,信阳市,0.6818253509885949,0.4861123739792695,2.66458688433495,0.6779910839669048,31.21221015357545,27.182285865626664,1171.4910588960445,2537.9859804802845,0.3921627713909206
2003,4,信阳市,0.6982555551299051,0.5008905069891025,2.262799755907436,0.6388200472957734,33.82196555415141,31.251834426884617,1.110077479185222,3672.90438196344,0.2712663119533734
2003,5,信阳市,0.6144353326232286,0.4333595348382815,1.885193455511455,0.5389613287408811,28.748700467410487,29.358930238880014,645.6547042550524,2862.8467677250583,0.3024898213881461
2003,6,信阳市,0.53157501161709,0.3661307121306048,0.5459627604562458,0.1725838055275159,26.63881947266769,22.46336460069588,923.4982837875824,818.2088158941538,0.4009062176682577
2003,7,信阳市,0.5710321547651402,0.3716212451618176,1.6655841244669205,0.5294014465645067,31.05475362831101,26.484819367322466,521.6894515284968,1957.795149142535,0.395963942790742
2003,8,信阳市,0.6105054853273654,0.377112081021776,0.3204693603609641,0.0995982786416041,23.334103052834987,23.63433335506599,557.9220359715137,1851.6581722308683,0.3920590683071073
2003,9,信阳市,0.6095426728966693,0.3661563620127928,1.5969979333041002,0.5261691822298558,18.308293610102545,23.3501202576296,391.6649297327217,1611.3780798320006,0.389957306358661
2003,10,信阳市,0.6088137768291486,0.3552529006201708,1.0933518331544354,0.400699235158673,18.988008018469262,24.89933307673129,219.37188994303975,2676.0974174025832,0.3428679925092264
2003,11,信阳市,0.5647906035220114,0.3212854157954756,1.1072224338449252,0.4334397598668756,13.612082935215629,20.831614830785828,191.9054168895977,2489.3825777607285,0.3505727416312802
2004,1,信阳市,0.6640949960443071,0.446767182934244,2.6106698239548094,0.6806217414758372,28.755374401808805,28.255319543118794,100.86943045317736,3709.908712703204,0.2914455236477957
2004,2,信阳市,0.6922256929126783,0.4706251842488427,0.9049985836683924,0.3085253210100787,24.989538463321548,26.04842596126233,1227.498576619062,2256.413239905412,0.3724598044523161
2004,3,信阳市,0.7228303760146547,0.5054523966712735,3.149454190061803,0.7392859279736202,38.39657659356561,27.916913504712568,1039.5337129668826,2825.6079738600206,0.3775487426921191
2004,4,信阳市,0.7536228573735503,0.5402796721620516,2.8291825977495177,0.6876278934048868,32.702974940866,28.90979348785349,439.6982441775872,3032.696391587975,0.3019251288907346
2004,5,信阳市,0.7440099785980084,0.5244616893283801,2.9413609971152885,0.6928815479695747,31.387356278819105,27.48696378882929,1526.001424683755,2424.7019166933715,0.3963218978121379
2004,6,信阳市,0.7346659199675857,0.5086484044844348,2.0751782442995483,0.5982613263887238,30.72625717186566,25.169547171638637,868.6221500680614,1958.5182198014395,0.3861594614514846
2004,7,信阳市,0.6871893429387637,0.4460370424656814,1.4951244939304218,0.4693579809588337,27.207840004058465,23.696954115310746,566.7087228948228,2305.36178148451,0.3825138478280927
2004,8,信阳市,0.6399820019507586,0.3834510176663618,1.874832564634837,0.5903957055443555,20.659189845155733,24.78434361858317,161.37900511831464,2663.987367035029,0.3514487930886022
2004,9,信阳市,0.5773448571850229,0.3359186779941104,1.1306507778897767,0.4623230292841432,18.33858475044472,22.253501953651288,263.7893013196032,2296.330743164854,0.3549891449718532
2004,10,信阳市,0.5150198900219016,0.2884125233236371,1.2201615944604622,0.4372537608035184,13.936497985317937,22.593431130145337,10.098380574611838,3022.917388667548,0.2757108689151232
2004,11,信阳市,0.5035946234424518,0.2818712082161483,0.9258325359847558,0.3958684255264041,11.466385656626493,19.91083068676624,337.4239757330786,2299.352627623307,0.3256126486087466
2005,1,信阳市,0.7000310696746361,0.4731263735105924,2.130547788677823,0.574459063446464,26.83192391271352,28.485133741282787,728.4734861848826,2732.8433363321847,0.2819101376419876
2005,2,信阳市,0.7486238210577725,0.4889846063628256,2.820089068918887,0.6879225311768384,31.977447120189908,26.5874415446955,1409.4838967528942,2647.284398934765,0.3778636873538828
2005,3,信阳市,0.704651195052325,0.4905979168403036,1.9036212605587,0.4876021997787352,31.804898263310573,27.404990541798625,784.1132176071131,2657.4953289267787,0.3630713542824269
2005,4,信阳市,0.6607312777373423,0.4922120465189593,1.860512642919452,0.5044045068663736,27.999162025162185,28.329746908343285,724.5542431273007,2610.1748595303816,0.387608919896435
2005,5,信阳市,0.7052437967913077,0.4960617631315355,2.984240789970825,0.7114596375595804,34.50126384966395,26.3359019020616,882.4823966695088,2400.915114248645,0.3912880855154929
2005,6,信阳市,0.7497613605138229,0.4999136910858865,2.075310815389016,0.5616015381550612,25.218450393706235,28.65811245164604,182.62320673526796,3063.308092037798,0.3221621289125854
2005,7,信阳市,0.6362077168594101,0.4331291864473049,1.6248362701730448,0.4981283977884003,22.06089475007704,20.044077991203935,962.4408806742284,1195.1819579994922,0.3880423183257612
2005,8,信阳市,0.5226769524097142,0.366348437686162,0.3790662601275645,0.1274761606478101,22.63904155891681,23.796709389916906,901.8808719330104,1630.2158828597865,0.395311010915587
2005,9,信阳市,0.5438276683924782,0.3522379651029268,1.657809951153675,0.5339613782372267,19.623768107930427,21.875595311198964,657.0001749487742,2301.269246568817,0.3809961693828333
2005,10,信阳市,0.5653098603364362,0.3382061198174008,1.113826793069498,0.4001572228396826,21.38672332891844,25.585476102762577,402.2344490300566,2533.4940963142835,0.3483043447727063
2005,11,信阳市,0.484914550900354,0.2824613119796987,0.5624873279846798,0.2315115124180696,17.002002925833875,20.95177965307233,161.50846486197233,1468.879986411889,0.3583537686096363
2006,1,信阳市,0.613799456629403,0.4263580227194108,1.432190568335339,0.4203104073785185,28.917751971685707,28.5994293785813,656.6893195409706,2585.9635477551365,0.2838835510518248
2006,2,信阳市,0.637682647059169,0.4689942320748131,2.6112872609195814,0.6311594714680968,36.218143004494536,28.50572268528901,508.4819294499538,2802.7659573497644,0.327272797486831
2006,3,信阳市,0.7047244643940779,0.5174021241411881,2.1306679243647766,0.5445638802335675,31.09769509567363,27.256324349055625,781.083410298423,2025.137492129184,0.3610466998293739
2006,4,信阳市,0.7718617388825805,0.5658191835108116,2.745005588963997,0.6703702812497031,29.78993561622572,26.963829658756392,599.2102526451876,2284.333012345916,0.3725059994750642
2006,5,信阳市,0.7471656117277029,0.538984530869547,2.5593208118697417,0.6373934142197674,34.08406181089792,27.30929991483433,604.1186960106669,2902.6938649954363,0.3796487566167006
2006,6,信阳市,0.7226590351425086,0.5121514015899015,2.8065500815631164,0.7183824815445329,31.48335487445871,28.73138313293352,225.8073361895789,2843.3430481168066,0.3216847304272537
2006,7,信阳市,0.6562266090473731,0.4623707214785224,1.878267500390536,0.5452987927905201,31.05708222586443,25.88884256005017,347.8556826152042,3160.329622231621,0.2828181970909762
2006,8,信阳市,0.5899070035825695,0.4125896748062657,1.259178428461676,0.4204329877840902,24.9712603924592,28.13742800410456,244.11385221063145,2569.439740099758,0.3032796521924713
2006,9,信阳市,0.577307455772461,0.3646312310785524,1.186044874245259,0.4276572592373106,14.49229664077785,20.1264252317806,548.2434351127852,1952.587108783828,0.3451423597648461
2006,10,信阳市,0.5647901191724107,0.3166787002198274,1.0989747565228942,0.4300522276872422,13.1149942492933,20.471729534829045,57.87663513562458,2594.129862158233,0.3102760390761757
2006,11,信阳市,0.5293259107540609,0.2842136426489157,0.7204579661655341,0.3032062778549348,11.897680344179848,22.73925144010679,1.93996630483278,2872.569815221293,0.2324377845472926
2007,1,信阳市,0.7026752562715134,0.4516795652571844,2.457887343837103,0.6299374728341481,31.33265098458347,27.285245724845414,1887.8459427273565,2267.565892607225,0.4110565912672052
2007,2,信阳市,0.7297874811195381,0.4756457120166223,2.41034939746556,0.6143898018774749,33.35079114703766,26.519365543440003,1417.2718255247603,2174.091500190608,0.3914719386264856
2007,3,信阳市,0.7485071074858297,0.5046988392217769,2.527183478873888,0.6262315513195272,30.78033348102801,25.969942281478744,1121.8492826214494,1994.4855220327947,0.3947324451271378
2007,4,信阳市,0.767688304574512,0.5338490850870753,3.076410682428861,0.7162240631002345,33.25783013543764,28.73774618501285,326.0087099498574,3287.703178995599,0.360443440429688
2007,5,信阳市,0.7675010434123744,0.5350934231284812,2.661814452869646,0.6657451645458536,32.49721140739252,28.1807741770498,680.2672514212172,2740.594898050191,0.3804956091319398
2007,6,信阳市,0.7674772637278333,0.5363743143358267,2.9091700932303386,0.7013312735490825,34.22489566845664,25.79496642645897,584.9514273395212,2357.617951193503,0.3723982760315134
2007,7,信阳市,0.6837477359462416,0.4719692891483635,1.8984655170359688,0.5447354712861199,33.638753529395586,27.375177771891845,463.7773490428263,2399.7467716205656,0.3819453887540656
2007,8,信阳市,0.6000120196002067,0.4075611814063113,1.060887260116788,0.3485618356103263,24.27457507758739,25.063926177928906,682.7822807577645,2187.308140594336,0.3850557835340744
2007,9,信阳市,0.5811530797129206,0.3685487801406991,1.645800978712426,0.5338887328564202,16.55979931805152,22.360698092280277,51.99308857204609,2891.834252344984,0.3407679710123142
2007,10,信阳市,0.5623509266654663,0.3295561131630547,1.420332185218525,0.4803889090478837,13.96432935791607,23.1795348658105,33.72301046498611,2718.560961162568,0.2758736483131003
2007,11,信阳市,0.5123362406044308,0.2872892189893572,0.7608323492585859,0.3102149953452225,14.792745460262248,23.31306303761966,47.07642549810176,2690.553506473151,0.2323922235409201
2008,1,信阳市,0.6337435015907243,0.4481556729133095,1.2554178936245004,0.3935174769521732,25.504561171197683,26.799114395223537,1147.8892174589382,2170.841947072397,0.3665056943515121
2008,2,信阳市,0.6107759774006115,0.4309242033099253,2.12872078000936,0.5256334405643454,28.70168244240404,27.186631416185865,789.8714906370946,2607.1566440276465,0.3988063979364472
2008,3,信阳市,0.6713232528923084,0.4746641133456634,1.6535132838081974,0.4314467214627333,30.46104971528955,25.675962355969776,738.7088180196583,2322.0866029349577,0.3857522803851129
2008,4,信阳市,0.7318644746457013,0.5184006886812182,2.984387259057895,0.6667073135439424,33.51445755403134,27.133617261961525,710.81214305537,2450.629978449379,0.3956986743024219
2008,5,信阳市,0.7382220049602343,0.5228724886927689,2.956338780050893,0.7039370903521381,32.71618583667706,27.618016566483323,253.98967982206088,3238.9101816090174,0.3654705515826389
2008,6,信阳市,0.7446113118142591,0.5273471665830549,2.395815072912007,0.626040194832831,29.00263427851424,25.760855097627807,1318.4576541225858,2097.8967132403213,0.3670789195979541
2008,7,信阳市,0.7319312246762255,0.5142621565567017,2.1632275783449515,0.626901589535432,26.575400308385746,26.472911444740596,101.72511731760586,2855.1594535224795,0.353670044710154
2008,8,信阳市,0.7195007789585096,0.5011808703346822,1.770060232831351,0.550958293410171,21.240890343126367,23.240431725824862,1705.4353077300811,2524.3961475301207,0.3639578724940198
2008,9,信阳市,0.655711367140931,0.4324643566873706,1.6270901369922977,0.5234109593408456,23.31625732364951,23.255599136092677,342.07832427423347,2087.2807366196266,0.3618814283972031
2008,10,信阳市,0.5921939930761345,0.3637710394300703,1.0440964333970593,0.4129646303932059,21.00665952996084,24.058140279868763,172.24772615399252,2681.266855799517,0.3315838854505776
2008,11,信阳市,0.5050771608668326,0.2943686505146615,0.6699389478028172,0.2440625506877661,18.651905980258807,22.644421777993852,454.9420114337349,1607.0230334412229,0.3704102200272747
2009,1,信阳市,0.7393835747912166,0.512473552400909,1.9983262717416448,0.5372233616789557,31.79362863845223,27.368827588209594,400.83980428176784,3265.951373106547,0.3639364705370108
2009,2,信阳市,0.7731417160757472,0.5397096337048035,2.9733375316055626,0.702655806452252,35.568465699546884,27.456373946857138,365.1581136418816,2671.5669151497723,0.3591203278276296
2009,3,信阳市,0.7345022393059195,0.5224784621141786,2.053491502066393,0.5691666595878334,30.13183385880902,29.559583592319317,391.54297681537537,3170.9804661098638,0.2914250716069921
2009,4,信阳市,0.6958603399394312,0.5052459554867929,2.014001995684393,0.5199305774564359,33.203320614961854,24.99655406128275,755.4301995831939,2229.494267667441,0.343686854599157
2009,5,信阳市,0.7215959710459322,0.5217275070753397,2.5761033680155565,0.6374981230959073,34.71005205868746,25.272561737190948,336.63741761081013,1524.4020219866934,0.3722351150557925
2009,6,信阳市,0.7473372529589084,0.5382082915398423,2.7574702300031677,0.6913298372628734,30.34631618104845,27.78937804969601,224.858315686491,2928.3983288781683,0.3210311338481695
2009,7,信阳市,0.7230477099458807,0.5039730588912675,2.5669248314197595,0.6767390568736572,25.31729176561388,28.21647666261613,124.43666774707224,2711.2369869092595,0.2935713417540285
2009,8,信阳市,0.6987713903839583,0.4697430408718323,1.2956810537195462,0.4522457454034423,21.550462474574957,23.685729311068503,1223.4285794809675,2216.1799311370005,0.3543033292334098
2009,9,信阳市,0.6251542431051997,0.4012890980186815,1.7051425255428123,0.5388735673507593,16.56027332415951,24.55866833981148,41.85138032345255,2510.936379183596,0.3033674825984797
2009,10,信阳市,0.5515390884860327,0.332837232815849,0.5108310772916678,0.2208737282139427,16.178776478164103,22.018887263343142,284.0393638804765,1660.712114569338,0.2942583048652502
2009,11,信阳市,0.5359792746132642,0.3115997298501114,1.0807970909070916,0.4388617302521806,13.204873810638572,20.925890086836336,517.0466960245551,1847.6804939583228,0.3763713642910046
2010,1,信阳市,0.6163083725791504,0.4168980744942793,1.8172702089784836,0.5403817939464619,28.745592298302263,28.405498609935435,1229.8064868426147,2688.102848453553,0.3269686284580205
2010,2,信阳市,0.6285919955035704,0.4479798825397365,1.199798913242822,0.3699672419949638,28.84252761363612,24.929978292135274,2159.723145120029,1427.810597635336,0.4073237887546646
2010,3,信阳市,0.7053240148556879,0.4989485550327656,2.2322031274788268,0.5644413023919126,29.76559181454129,26.62092205567574,1028.5578378417408,1764.107596496466,0.4129239973888838
2010,4,信阳市,0.7820694381421677,0.5499156285311931,3.436769259016147,0.7555350395753277,39.51370794266291,28.79989513410276,247.2951826907593,3302.10602086159,0.3571268816258485
2010,5,信阳市,0.7701692523105866,0.5409168542394441,3.109320845313041,0.7129982598239613,35.88154264862491,29.486791162655862,469.08626043332055,3119.255962554805,0.3262913137161995
2010,6,信阳市,0.7582983738067248,0.5319183945498988,2.4228598003403348,0.6459733281518429,33.51816521859508,29.011962306716157,306.9682819940076,2931.451270314947,0.3126205525229952
2010,7,信阳市,0.7572383562804182,0.520760591643519,2.3194199996723177,0.6189645477877719,28.451392060789043,26.247798549190804,402.0546155903079,2474.705548549974,0.3261618248450935
2010,8,信阳市,0.7561960667297322,0.5096032390261179,2.009390684228127,0.5982480686108833,26.566079277613078,23.785925308792084,306.9415269101142,2516.534779196713,0.332904428872398
2010,9,信阳市,0.6776188765857691,0.4471267182818678,0.9364337383673028,0.3765843298098101,23.25216327318013,23.13883616241145,923.2146539663372,1160.7157236123114,0.3953079599531093
2010,10,信阳市,0.5990658988601809,0.3846516270973924,1.5696453742030936,0.5150503540717558,22.871909348505305,25.92077563009953,101.68515550945897,2682.7466981359385,0.3549981630323299
2010,11,信阳市,0.5673846059230523,0.3398690577689933,0.6950373212571006,0.2949401869958762,13.682455541856068,20.21421640712649,469.8525852537164,1827.9279510697936,0.3640812523290959
2011,1,信阳市,0.6883282136161106,0.4835963298349738,2.208253471963453,0.608012959350465,30.81278286131317,27.89773667926953,491.74263052509457,2920.550834294554,0.3379995999271432
2011,2,信阳市,0.69227911309401,0.5247207758175209,1.1643605444018523,0.3131246797647237,28.717960831521047,25.57610074991104,61.81457569354164,2412.299434164252,0.295325869281688
2011,3,信阳市,0.7198341061277288,0.5379091925353777,3.243469154014845,0.7285208753675954,33.04586230559946,27.701601907324395,352.3959308635288,3011.479861309781,0.2837963423868665
2011,4,信阳市,0.7473897614263201,0.5510987409549528,2.540050767210269,0.5772646750848625,29.431924434479885,28.941441013044194,610.16530588433,2918.988946099604,0.3269069081156024
2011,5,信阳市,0.7443432944323161,0.5523368447864567,2.724047443150952,0.6485578209429137,31.0916006574082,25.29392507832297,516.261407856384,1992.210982564004,0.3730456092163297
2011,6,信阳市,0.7413020943682086,0.553579361867712,2.7366270283334946,0.6620266567986367,29.0424373942328,28.709635519113892,477.69589103644273,2848.378245159795,0.3543657600037875
2011,7,信阳市,0.693214793684526,0.5110681428682198,1.47925499063197,0.4327403043156448,25.567453749713923,23.812542962673103,599.4304926701484,2071.7387510291496,0.3403798904367084
2011,8,信阳市,0.6451405000804615,0.4685625858936225,2.0597421685670474,0.589599759184602,25.21898271759917,25.03559709943469,204.5846158453307,2367.000358144216,0.330795448500613
2011,9,信阳市,0.6234381383963438,0.4052897165747733,0.8548340640177583,0.3326439939904672,20.09105796409286,21.998127395112085,330.5192501257279,1486.0067903426448,0.2972611899074367
2011,10,信阳市,0.6018638493953041,0.3420216042242475,1.3541081787491276,0.4649192540497592,14.80078892711743,22.404370050869545,151.3326835645168,1727.690450381399,0.3204494817024622
2011,11,信阳市,0.5808429402453932,0.3311091219525542,1.2008130947295927,0.4785792545381104,14.670734297038118,18.26617442032077,22.73428941497242,2489.248838579908,0.2883442727475339
2012,1,信阳市,0.6681072081211034,0.4536313834414333,1.914513526050536,0.5566664453822856,29.915142201404755,28.369816566831837,477.7802422405543,2435.4138683259366,0.3672329558558248
2012,2,信阳市,0.7115556797168054,0.4926336356283465,2.2648601399029986,0.5737719925751145,34.08001994844914,27.37640704946812,1625.0058961648497,2592.2511105707244,0.3657253693331911
2012,3,信阳市,0.7330334936568635,0.5147160808920761,3.085956578985769,0.7195999653079425,36.75506178985644,28.51446148461837,249.040959261946,3411.0094427262,0.3122660943006937
2012,4,信阳市,0.7545556077758545,0.5367947584421421,2.822046943059386,0.6826667200647764,35.65566891919952,30.61566062740759,43.66812747667526,3542.789541507388,0.2406071445821437
2012,5,信阳市,0.7183344524012861,0.5100575332510767,2.302028193526873,0.5795717411247029,30.2632819013606,28.749444563503605,213.4658777024541,3067.463287728537,0.2093139659803121
2012,6,信阳市,0.6821799077016105,0.483320457191853,1.842807950675816,0.5225823621066958,28.690100581263867,26.94860415939032,392.7981430343872,1937.56164534524,0.3030893159124364
2012,7,信阳市,0.6976115727150438,0.4716198253887737,1.8365277179047204,0.5419581794793783,21.70147250135425,24.763910729750624,874.4450221394684,2333.6163619982144,0.3440749714637982
2012,8,信阳市,0.7130463320354349,0.4599232288126841,2.441597407996228,0.6585469791224893,23.63425236263672,25.650091167093372,634.2171070522712,2291.323216302513,0.3594200145193422
2012,9,信阳市,0.6797100473550122,0.4387881586028375,2.1090493511017545,0.6129233342664049,20.70991695644914,23.06204098533504,633.1718631142115,2377.8550424347977,0.3474936275350071
2012,10,信阳市,0.6467822340544157,0.4177618150926567,1.8504734059079664,0.5797806735004871,15.83150592910622,20.2832686259271,284.9827868118485,2397.139997736861,0.3581250651907444
2012,11,信阳市,0.5908114985519256,0.3782607074888873,1.2648764079286785,0.4901904493878984,14.40259005166178,22.47806042143816,17.90728738867913,2422.7401835656688,0.2755403019214217
2013,1,信阳市,0.7450736302873835,0.5131323525955287,2.8204004032394385,0.6882127267621481,32.71416449122985,28.841293486807963,1730.292917856594,2694.94604705486,0.3335808383281451
2013,2,信阳市,0.7537750877984377,0.5333923207721286,2.7690208226942428,0.6605995900720725,31.2289863083826,29.348415472951523,167.3817771271801,3222.5274641558112,0.2886949557832134
2013,3,信阳市,0.7613524399858621,0.5404606775404565,3.341411921509998,0.7453599076379974,36.05544852254739,28.19585831980049,1234.6831970921698,2524.782662223969,0.381875944371298
2013,4,信阳市,0.7690331148071465,0.5475285250322823,3.3026199971752384,0.74149976818087,31.650686429408985,30.53261355135088,51.5224732535624,3487.850638395635,0.2741172334647078
2013,5,信阳市,0.7470090887249491,0.5438552182212871,3.235742282051959,0.7448390584677766,34.10121910749413,30.98408756916029,136.06768751616443,3244.8586324739413,0.2258669361078578
2013,6,信阳市,0.7253084112661918,0.5402813065689893,2.548959813974043,0.684339072681304,28.5838083399679,32.30246179089384,36.547987213945305,3550.773816925868,0.1602422838353669
2013,7,信阳市,0.6880272756779845,0.4829182496942606,1.3009404330285013,0.4302870292676179,24.94016906114025,27.868296539660204,989.7590232241138,2017.8885700858807,0.2561316361879572
2013,8,信阳市,0.6509794417734392,0.4256537092367288,2.0679248886081627,0.6174411607029594,19.866356050610264,25.070338895005783,122.17300832894088,2806.7357635468425,0.3314684434667942
2013,9,信阳市,0.6167009909528147,0.3960680512524533,1.2420408931327442,0.4554808672609018,19.20773659312999,21.37504052986651,550.8491233454804,1553.3891325787897,0.3263427363754758
2013,10,信阳市,0.582632674850734,0.3665285145136233,1.7617077001506325,0.5527820246172793,20.021838873313563,24.38719910726542,208.99614582938227,2757.4540668081067,0.3505672258251911
2013,11,信阳市,0.5773702497892693,0.3420116709527618,1.0361256469500697,0.4481240636242109,11.650958979867516,21.949983115253715,1038.5292833213214,1882.7188269714427,0.3272693245388007
2014,1,信阳市,0.7125007557023448,0.4958889983832946,2.7958942013122097,0.6782097923192535,33.81382884018191,24.58839527901387,841.1041293569364,2472.8544440280302,0.3732193058752739
2014,2,信阳市,0.7591563951885355,0.5244137873015278,2.087585809572678,0.5538725050742465,28.15946370782773,25.566022596253664,453.5266098305762,2847.607444394404,0.3487770781032884
2014,3,信阳市,0.767371717205846,0.5325555963980586,3.7173088506957264,0.7817733832666566,35.31442877137788,28.751951929266333,328.8260963653165,2811.956825419592,0.3340234255204375
2014,4,信阳市,0.7756965194305836,0.5406956148508346,3.555763866477231,0.7635265298805366,36.8547478766552,27.520791919660493,115.87502796347168,3171.171920382548,0.2610916615658383
2014,5,信阳市,0.6992473854424399,0.5034696842411983,0.9719619096541232,0.2677251119437584,28.497787474122365,26.692753040936594,268.62063542594353,2361.3644840111147,0.2783074643191351
2014,6,信阳市,0.6228930420206273,0.4662314501185885,2.269921687620771,0.6078326169181815,25.3163865085798,23.58966602728795,552.5592617313151,2052.4361213002744,0.3469451129125512
2014,7,信阳市,0.6474565088983644,0.4484687425158034,1.956292465283231,0.5614370648793625,22.126933240811468,25.2553622086663,426.56584042877375,2596.2565716632644,0.3116385441582906
2014,8,信阳市,0.6722232299581438,0.4307222328209267,1.8943595767705368,0.5775417029667658,24.17745879917263,22.40515025897644,1501.6966565930743,981.0788463167066,0.4116380094326325
2014,9,信阳市,0.6336991981696415,0.3918785634928284,1.2569784803437392,0.4046086014191035,20.2482582783829,24.0494438643166,123.60307110908204,2436.68913830008,0.3681970855788128
2014,10,信阳市,0.595534333873553,0.353066287402373,1.3105162425530792,0.4686587446854244,20.95806984274099,20.80894401579901,1074.0842878438962,1019.4551156285826,0.4067847326010502
2014,11,信阳市,0.5958489811895973,0.3317682623799584,1.1140026745870746,0.3949543372688318,16.54864741307102,21.628503065878533,54.73793634158169,2496.065254567171,0.3642612842314495
2015,1,信阳市,0.683501620570189,0.4724245202526314,2.0858780904706955,0.5445091470718272,33.38100689914197,23.35542560213533,45.62574059373925,2845.678193720594,0.3600549309890899
2015,2,信阳市,0.6710917451838292,0.4835050810565122,2.0183808860673924,0.5609559772259038,32.422460107667256,25.976235200475863,1141.4908767971435,2420.9981290597125,0.3418744245476559
2015,3,信阳市,0.7106738170277473,0.5062920234984086,2.6857399421228827,0.6525021436716439,34.609525038850265,25.705700415353714,793.8997050341128,2536.605467469038,0.3772894455004837
2015,4,信阳市,0.7503227155817145,0.5290737715435551,3.3135653943316243,0.7492277943898886,39.76789240429893,28.799631074142088,63.0106227275983,3509.233987041634,0.3242474617762117
2015,5,信阳市,0.7305065900398877,0.5273283494654754,2.570477147119258,0.6288615043972114,32.882564456279454,28.246562471582155,361.9796584017679,3154.7373061000085,0.2866443466754891
2015,6,信阳市,0.7107583423683321,0.5255773664486036,2.1978132821247542,0.5870890544267398,31.068604879801924,26.33014226914253,183.2122504611905,2744.279074162835,0.3036499842381508
2015,7,信阳市,0.7151450940854018,0.5032332843083108,2.618240471365899,0.6948098025530225,30.2325472160145,24.118264034760426,911.571686490794,2530.948718565112,0.3631939517668242
2015,8,信阳市,0.7195607049364042,0.4808941028954068,2.332083776599025,0.6537676616437983,24.0452190734815,24.81727449859317,44.63985705241573,3282.660008556973,0.2924162082073672
2015,9,信阳市,0.6616527440056823,0.427938830614834,1.7174014791161625,0.5395480383891159,18.402827745156173,24.0342700788579,301.1723634117338,2820.066210413702,0.3001536717634645
2015,10,信阳市,0.6037831660141629,0.3749903880821814,1.2463253770168512,0.4485146017042547,13.722540649622944,20.93565438627042,27.995072180855583,2279.4796469359007,0.2364384925296655
2015,11,信阳市,0.5533371965631663,0.3393317162985728,1.0952970846086367,0.4208132953905851,12.556963313161594,22.448759821272507,371.1828733255484,2222.7376069216148,0.2682931712563642
2016,1,信阳市,0.6864746249824966,0.4863783930933326,1.822062895601667,0.5024026702616404,36.95339765083136,24.708110821529456,2336.6386964114986,2026.173159289452,0.4014854944142813
2016,2,信阳市,0.6873684265486277,0.5081199798322857,2.636095590175729,0.6270564679867954,38.99927947153475,26.70951664813787,398.69714102634384,2638.797242388209,0.373163047190562
2016,3,信阳市,0.7259233395691274,0.5344513321542149,3.662294831744246,0.7731520882613457,38.983749282663865,28.387637180506992,1060.4804525679403,2766.4489089340223,0.3838087457680241
2016,4,信阳市,0.764967092823784,0.5608101498705875,3.4612632886294725,0.7536840558296241,35.374501230793335,31.119542767171385,30.36987802921603,3676.494065495396,0.2711857225321278
2016,5,信阳市,0.7497016662356663,0.5486273932814336,1.9404683213835587,0.5127685367483595,34.063454002640114,26.91839485598637,806.949768106831,2171.9518813968148,0.3640997897646362
2016,6,信阳市,0.7350031131941562,0.5364820324588259,2.830581179768075,0.6990426805756019,37.9679229490954,29.78895531989856,50.1252710288174,3217.524444036245,0.3073564695946681
2016,7,信阳市,0.706266984962134,0.4921808910485059,2.1042614034203533,0.5967899847241461,31.965487188758672,29.182564848798197,128.06617032373842,2638.93140949724,0.2360335466005316
2016,8,信阳市,0.6778795544247618,0.4479159594636945,2.370361895295887,0.6574920930125843,22.60551236872065,24.171980547141963,42.14467687640713,3096.914877022871,0.2118057588007536
2016,9,信阳市,0.6299375381932887,0.4068580718859219,1.697587934348789,0.5499495858414858,17.878541429778736,26.62887914439689,4.4569553862013285,2928.875568620605,0.1569947402928885
2016,10,信阳市,0.5823425531811647,0.3658589910481783,1.4600645303191715,0.4902827665610152,13.926840944307694,25.046852919056548,29.95311402729844,2856.6015086727484,0.1499702300823147
2016,11,信阳市,0.5495788961630627,0.3261491609007016,0.9670840725733968,0.4219923417763705,10.443783580131916,23.38775574587993,167.4393305327897,2523.2905783521687,0.1667124686652575
2017,1,信阳市,0.7235612400829995,0.5308772907165326,2.706413163935548,0.6642832297532936,30.38456142759014,27.4147813132573,654.0671700593159,2448.359957739892,0.3007937532695477
2017,2,信阳市,0.7519291368739994,0.550294640508455,3.263447499358239,0.728339508561338,32.45602587452564,28.25001515637729,611.9572217918159,2832.551072761267,0.3532002207038992
2017,3,信阳市,0.754110603794778,0.5561013976107931,3.67940908706314,0.7741363154219583,43.14814593909797,30.753232877212305,17.13041962713629,3698.558851906859,0.2610904064832599
2017,4,信阳市,0.7569081139513806,0.5619070362023467,2.5858814626887523,0.6009612424566707,34.664688184233874,29.90427242256706,543.5199205636931,2888.918615530461,0.2132871942025746
2017,5,信阳市,0.7584476566676231,0.5695711698525494,3.009339150047316,0.7085502779877937,33.037614965488835,28.56714568881728,993.499754319008,2555.981469721105,0.3507156546543483
2017,6,信阳市,0.7606423804096651,0.5772352894538936,2.145653753802748,0.57459994546485,29.972143074895936,27.02387085521258,465.738775936279,2465.873323715917,0.3636553568001536
2017,7,信阳市,0.6972143262706181,0.5182829486574774,2.296807789255328,0.6352212166137992,28.193820415043582,27.847490675584265,874.1023294905092,2463.309025638386,0.3852894591509049
2017,8,信阳市,0.6337499174279688,0.4592246026479424,0.0931872265507685,0.0312898343956753,23.850757307361576,22.821716238041127,763.2940011187949,1436.001556961029,0.3879324196572965
2017,9,信阳市,0.6494593584323914,0.4275441908512206,2.10028878003408,0.6055012007883249,21.538358429438663,22.38835401929304,750.8591849868204,1545.6889968199778,0.3985840626863559
2017,10,信阳市,0.6652698235984611,0.3959422374572944,1.6464571142486983,0.5539370934735416,17.125464264029276,22.85910234768629,26.78756472317817,3159.6142148964614,0.3455648784310981
2017,11,信阳市,0.4912684524198929,0.2926194463028597,0.4877955648808563,0.2064649897434319,17.52826786934086,22.631869413665616,1380.3077759282971,1593.2274997698355,0.3688647987574351
2018,1,信阳市,0.706770039528648,0.5048042028340395,2.00502422478859,0.5479275913991254,34.51892160336056,25.70758106167728,747.651423825772,1658.491704560705,0.3505771600525597
2018,2,信阳市,0.7443282766237411,0.5275064087513424,2.969423307233071,0.7060209000600414,39.532208473965085,28.28706902254079,271.1408423402923,2875.873527099338,0.363589559302483
2018,3,信阳市,0.7424728371899385,0.5233571307054694,2.918499714114064,0.70061621861874,34.500861817189886,30.33603944263932,14.640982023172796,3649.878794958992,0.2373465790595303
2018,4,信阳市,0.7407837214116051,0.5192132254932366,2.8398783002728085,0.6786963558975296,33.71409221734128,29.265695759805848,577.2506037033688,2854.458711993451,0.3008861195234787
2018,5,信阳市,0.7468663623421645,0.5167711108267872,3.2767915780832904,0.74257846961942,34.419879364863355,29.61942241939033,166.51726608695515,3194.6642915299244,0.2856754842139973
2018,6,信阳市,0.7531854419834386,0.5143371028957024,1.4898872307981277,0.4432675884583376,32.86898931916955,28.30910472062745,902.0812700614176,2565.3034478201885,0.2593430141710001
2018,7,信阳市,0.7156235987572085,0.4937843222817137,2.480788493702184,0.6649477171310048,33.37006743258749,25.529275600773506,312.3217483211198,2495.422971238097,0.3512497980915668
2018,8,信阳市,0.6782570597948431,0.4732324468327349,2.0961176394652123,0.6241698140887872,27.06040183435,27.13975989270697,537.7481502308027,2288.1268037819364,0.3167244202263346
2018,9,信阳市,0.6615175024986281,0.4394898859703797,1.870339072346913,0.5814533537516627,17.254151415135173,23.93373962702743,77.7529747378243,2757.897583865842,0.2939405115337274
2018,10,信阳市,0.6451174085121085,0.4057481131454109,0.7746704016350557,0.274661872320139,20.233095116642907,23.43066734390009,317.2492703608117,1664.7311804811663,0.2863295279936709
2018,11,信阳市,0.5947558265145682,0.3783125157329458,1.3259719050199357,0.5104043047561846,12.494753507903551,21.75699120771383,503.69028497946886,2037.9206526274047,0.3615298861045157
2019,1,信阳市,0.6882758058651585,0.4955521523453998,2.2948913772331547,0.6234820059001419,25.35347424696816,26.382348472315428,68.93784297609218,3318.2354484934644,0.294969047526721
2019,2,信阳市,0.6938173959039756,0.540289310842674,1.967696219894247,0.5626265419537644,29.215603186495347,25.82692812830625,52.08366800564114,3048.204785887068,0.2530276967075635
2019,3,信阳市,0.7124570016105948,0.5238573698141877,2.6909398054058573,0.6720521233435922,30.211899140467303,29.220557431979955,361.7510240841045,2873.986474633389,0.2444289623564217
2019,4,信阳市,0.7312259563434198,0.507444329761255,2.7815264542984246,0.6903286570423162,27.773005085903144,31.35725817676001,305.4301741224646,3413.604380280006,0.2490256739634082
2019,5,信阳市,0.723079258317714,0.4980357599769055,2.571500806489797,0.6523459726296414,28.17584071261144,29.304158461506265,236.82959369328813,3081.880711068828,0.237754606391984
2019,6,信阳市,0.7150028042588146,0.4886278977453024,2.652618851178527,0.7010368222803132,25.94517864397579,29.054900869006957,74.3863649799227,3182.391262832849,0.1848721154064035
2019,7,信阳市,0.6937186348368706,0.4873527563864375,1.9971704782765676,0.60363019955617,22.465051383182004,29.535820165209625,27.973931661304057,3061.4700047048373,0.1497462868228247
2019,8,信阳市,0.6725787251781989,0.486079098825187,2.0442445189195504,0.607609334946217,20.165066359811465,25.10136894026768,584.2209463152725,2392.615606515467,0.2805434806512033
2019,9,信阳市,0.6313926210650805,0.4334209446548025,1.965830937386405,0.5982075679931136,15.66199986916734,25.547395620492917,14.130993922284755,3166.902670702972,0.1944373785842411
2019,10,信阳市,0.5904144539948749,0.3808288546806172,1.2531421380441143,0.4564990036628821,12.437168498810976,24.553671972790717,106.9807146650795,1828.0424159739955,0.1805736412945004
2019,11,信阳市,0.5403913491501358,0.3416986990728283,1.1959550249781592,0.4828869137538327,8.08031499633969,22.68372720640514,0.6577756822603688,2761.004333175228,0.1720894283272739
2020,1,信阳市,0.6097752287480571,0.4284886384600174,1.9726684534407304,0.566349762779765,31.41530436868003,25.762359329925136,552.9158020288357,2474.3426954600545,0.3777658995499039
2020,2,信阳市,0.6302218199061755,0.4594829832795405,0.2707301838711072,0.0736144793345678,27.213769395242043,23.516811849653283,1940.1586790252543,1512.0945855586076,0.4002176106922654
2020,3,信阳市,0.6803424799823915,0.48395262157164,1.7019355874019988,0.4792501994067955,26.3327832704599,24.09513468495556,1981.7854513580112,1697.92743738856,0.4128974941002835
2020,4,信阳市,0.7311284695577974,0.5085722027945357,2.8819567805384745,0.7005884829332844,36.97928211866064,26.08758606927081,864.7472726292976,2233.1981488084893,0.4002033042396249
2020,5,信阳市,0.738927288901902,0.5045504916327541,2.547625124618931,0.6516525030163115,33.57420125231181,29.29579490891836,492.7141774582851,2885.7753164498363,0.3540642747324311
2020,6,信阳市,0.7477089309185729,0.5008057602608474,2.466345449796518,0.6407731255288909,36.19172183164898,29.18666661459156,154.940855611027,3057.8846049537365,0.3461843398095143
2020,7,信阳市,0.6949233736677844,0.4610520895499805,2.1656634485116606,0.6099746352904427,31.88070203264184,26.814202560539883,480.10465524758047,2290.459015571149,0.3471664161383625
2020,8,信阳市,0.6428544226370105,0.4216071574996349,1.8649814472268036,0.5791761450519947,30.148009495819498,25.857399674702087,17.396125346329526,3359.8039271431776,0.2720656836487292
2020,9,信阳市,0.6309972360375534,0.4169451090314766,1.809887469361658,0.5777841061398333,21.89552126406368,26.065752277969665,35.71552682307044,3000.756823598085,0.2012421741290055
2020,10,信阳市,0.6201698964148954,0.4126749168751187,1.6125478506597015,0.5597085542971558,15.648415889257985,23.16230968405913,92.69758298079284,2438.9816062433183,0.2344600350475524
2020,11,信阳市,0.5387451953709368,0.3457140982002332,0.7649411768115429,0.3157944108579243,15.048136081275738,20.313758632427344,555.2500100363694,1858.2317136976287,0.3403989149810024
2021,1,信阳市,0.6991387790297744,0.4726605791011943,1.7301322890494168,0.4627261724366336,26.38979693816888,25.313947928140838,1897.7570783604272,1691.0998444959723,0.4059992843233202
2021,2,信阳市,0.6959026559268828,0.479538965899465,2.484616325749444,0.6252759823271375,30.668031994597623,28.97687961095388,504.827965849324,2621.108641264042,0.3765697560669792
2021,3,信阳市,0.7362580690251337,0.5054273267311518,2.480408486529729,0.61222944705551,33.948371414225925,26.82238695131353,1001.9506789793916,2587.8524887717986,0.3975432331550627
2021,4,信阳市,0.7771242142050734,0.5313868029661151,3.6556615550529936,0.7697477143885842,39.64106515607994,27.404913004384145,316.7383915205062,2921.2471253385825,0.3541752047042695
2021,5,信阳市,0.7332797500403121,0.525124656469484,1.8542710529804889,0.5210091946173726,33.72122668678095,27.378753084633928,651.399499862222,2620.345438063502,0.32718578061203
2021,6,信阳市,0.6897859855603424,0.5189287080720192,1.962194530273528,0.5507454014372611,28.785149599756608,24.276702550424087,1885.1581500631053,1207.217673272206,0.4061330434858453
2021,7,信阳市,0.6649306160330621,0.4798395374820263,1.2395181206277923,0.423752879734911,24.847056162998825,25.90865740876369,636.5205940109264,2391.142537220416,0.3825977037405608
2021,8,信阳市,0.6401308444610398,0.4407513865101462,1.7533768845543496,0.5115160317476648,28.43043169652594,23.98968807686605,617.8674933873903,1774.0159936001826,0.3977697710695624
2021,9,信阳市,0.6651838203446675,0.4473598339870618,2.158029402843249,0.638138572188386,27.012050933446368,24.327620745717656,134.18918559843763,2372.5182591156918,0.3587188561609934
2021,10,信阳市,0.6906439568421648,0.4541079538935321,2.0412805755669323,0.6266477033187936,21.047669875427623,24.928053087636183,7.619054586920643,3140.4306906094853,0.2767308631809507
2021,11,信阳市,0.6363701213121752,0.4031678130344026,1.3898741053449943,0.5139096614549347,18.68048455333993,25.5270281877231,287.262997681401,2699.7523619071344,0.3076608276017724
2022,1,信阳市,0.7006285684532406,0.491838073864881,2.793877316142632,0.6769010332588011,34.10745043397217,28.125754821967803,1167.0865764882292,2423.0761906942384,0.3441761916994971
2022,2,信阳市,0.7470142679443602,0.5389460507990296,3.0157346335269626,0.7084586466290709,36.2954117558634,31.236023392977383,79.00824887868204,3462.5111215064508,0.2707412853316658
2022,3,信阳市,0.7627471254087667,0.5445091661789725,3.3258967853788786,0.7381664898063468,33.0737496119305,27.307505541776123,691.0210414796944,2820.6191436273834,0.3202786236210235
2022,4,信阳市,0.7793859960374946,0.5503792150099938,3.242773013381802,0.7225111029582467,36.64339142278111,27.77607254447335,493.4996750862877,2727.002371360362,0.3583240250192471
2022,5,信阳市,0.7586669876702568,0.5426790409437545,3.442307293901555,0.7630839693447722,34.99664298313488,31.469541689770807,35.090724109581615,3463.7951746371577,0.2491485435653985
2022,6,信阳市,0.7390773784584322,0.5352049085415265,2.6970703451378326,0.6955173226661865,28.22550824835512,31.882347184599723,181.41312655501025,3214.1334804612648,0.1838212557041265
2022,7,信阳市,0.7123847073693661,0.5213230561352545,2.1748187491312088,0.6155335665013251,23.845031928352416,30.53164468200173,34.75194367299832,3091.32270152666,0.1862686458783229
2022,8,信阳市,0.687032473125083,0.5078377205000552,1.91454960153764,0.5867940968235809,21.7871367580586,22.389651355389017,479.4298039879292,1579.598161938531,0.318889231718289
2022,9,信阳市,0.6550767820201286,0.4595213576675462,2.035351046786719,0.6025672016174849,15.942206421624586,25.583792835834757,2.826612393920496,3151.348481347623,0.2135080685318276
2022,10,信阳市,0.6242283373098623,0.4116091315470551,1.262435361268114,0.4695634881644226,12.332812828240472,25.044910103792283,3.9338773799419977,2926.801095284294,0.156164831437933
2022,11,信阳市,0.5630455873698855,0.3550531863554125,0.8550787644235942,0.3777446517457449,8.655016420796025,21.58451879295701,0.5218845844221845,2119.6098215606294,0.1418495168657098
2023,1,信阳市,0.7168097424214062,0.4952092241866629,2.6435154230764506,0.660559609277547,35.30099305651496,28.02035274486199,755.8501548900002,2687.662727012377,0.3900152800372333
2023,2,信阳市,0.7220063861688985,0.5467126918037083,2.003835122727055,0.5278488843866369,29.344436251065822,28.90037649033085,200.02545755721,2939.483927521489,0.335620696981105
2023,3,信阳市,0.7388058979240348,0.5501437520058396,2.496247144901966,0.6233287975049747,32.41338915264707,27.63936026554053,785.5873743367357,2442.9910672601886,0.363158581032293
2023,4,信阳市,0.7563379912306368,0.5537573009589031,2.93327519740859,0.687147078984707,35.2823674746148,27.60598988296601,799.7615229156049,2617.9519367605667,0.3821186304948236
2023,5,信阳市,0.7590746927246986,0.5549526690492976,3.0234623805942715,0.7125047062229343,35.93478449680065,29.06155382519036,90.18773601220968,3106.222887220119,0.326765292012186
2023,6,信阳市,0.7624008298202247,0.5563274643098955,2.757384715012047,0.6943633343689604,28.473100124985987,28.31651444620205,63.00624267952149,3074.3295106188457,0.248404733089275
2023,7,信阳市,0.7448969236501249,0.5119430280445547,2.2793860233211176,0.6348562701573719,23.35645556195574,27.75752161108265,395.88866677684894,2851.7852366692614,0.2583589821590988
2023,8,信阳市,0.7278690303708726,0.4677388012284439,2.453141743411185,0.6783289990576441,27.915578243371492,23.56633136293371,699.1678680208271,2429.1166387061508,0.3456898389964649
2023,9,信阳市,0.6869400800554021,0.4520147323246045,1.9220410480876424,0.5946629674827695,22.60286338635257,26.27990208522128,84.07119457510368,2677.137651934348,0.2732618975850352
2023,10,信阳市,0.6467080707800447,0.4365646215806757,1.4479188821581768,0.5291171155172049,19.211758284191816,24.233842956523617,762.3830753383069,2129.4847486420194,0.3607642574287719
2023,11,信阳市,0.5509989608938408,0.3730887215621637,0.131844198620034,0.0536664174012434,19.48550081784934,20.173719414573416,1031.4965890345586,870.8427003335433,0.4110875671659129
2024,1,信阳市,0.6739444750676163,0.4749513703014852,2.342143202327519,0.642041816618933,31.682895919516785,28.510069168782504,754.2695583027274,2984.379771714864,0.3769588607929328
2024,2,信阳市,0.6703253106168655,0.491005696526325,0.4738258287827387,0.1833652791076166,28.331706830820497,25.879723100834983,2410.727024757232,947.6335848423172,0.4202003920091139
2024,3,信阳市,0.7226021801396301,0.5255477828963097,3.1293009029629406,0.7315539930016053,38.35880499268911,30.401641926297287,119.90930831685463,2777.117412325787,0.3549467168458939
2024,4,信阳市,0.776683292755623,0.5605805949128786,3.1270512043167,0.7099510809881997,37.9503517003967,29.003289823602184,359.1565784079391,2688.779051127829,0.3211067503327213
2024,5,信阳市,0.7750529101956571,0.5629726267205921,3.082849001438948,0.7221748614909952,34.09382339289253,30.74836646116189,146.39454247282336,3401.9361767255687,0.2784858040245507
2024,6,信阳市,0.7751439465792817,0.5658008502664447,2.790603642642171,0.6859284282665733,35.78917481875123,29.12306701336008,266.04971172943505,3207.166825438584,0.2426578068081968
2024,7,信阳市,0.7513963746590866,0.5376621188076065,2.8699405118437413,0.7086440464966641,34.645952817410965,29.34399037760895,372.91026377929546,3062.126486243527,0.2837602563080642
2024,8,信阳市,0.7286258160201524,0.5097570934269058,2.4601309234404507,0.6686698942973854,29.837672029717982,28.25329320408505,106.04033305380544,2311.230650868644,0.2307845715944712
2024,9,信阳市,0.6976066176746083,0.4768132456645209,1.9033013011633717,0.5863615890649341,25.884802243456114,29.18791965813512,26.7700057202735,2899.061225215278,0.1752159447576164
2024,10,信阳市,0.6674773736752049,0.4440424933755353,1.0552159518289024,0.3870615697903799,23.67775229203873,24.747544507595475,336.2185810898954,1432.5806451394235,0.2741472803144273
2024,11,信阳市,0.6390619205837574,0.4017646026026428,1.6598636408785563,0.5902797518537263,16.13277157865032,22.20964167054345,41.922029712742834,2641.435613117264,0.2286227258527698
2002,1,南阳市,0.6700603186381868,0.4478519792323851,2.2177353742264265,0.6222849560039236,26.86412552399122,25.61068705665936,414.28479726073846,3071.3628942207183,0.3532713151991769
2002,2,南阳市,0.6700603186381868,0.4478519792323851,2.3288396410280594,0.6324638164909638,20.238735708260723,29.200737943461625,33.86443568002719,3656.6411811729577,0.2665226138231055
2002,3,南阳市,0.6348015069934949,0.4429275355342355,1.774598818601777,0.5014087669364876,22.98411135505153,26.05583398257367,822.5113092942946,2733.6368829131948,0.3330676024341922
2002,4,南阳市,0.6004876330773009,0.4387663328188788,1.2284843283543283,0.3728643429796666,28.81221406903428,25.603293028124547,235.12343745602345,2692.742335203581,0.3453582130671859
2002,5,南阳市,0.5326879118583128,0.384311622691691,1.5241298341306255,0.3869441324123843,24.293284357023225,26.281284152830565,316.58836240167113,2997.2852830425954,0.3166358020341423
2002,6,南阳市,0.4664718324741244,0.3310421724231835,0.9087165135839586,0.308839359727874,21.1537489027618,22.210376349381068,255.907999918938,2477.546148821943,0.2946125902680676
2002,7,南阳市,0.5618154288998276,0.3808093681981304,2.4423992878054945,0.6719594659553669,24.89608518219507,25.41548786880892,748.4523668673863,2175.666916839129,0.3506525553237869
2002,8,南阳市,0.6584782797885002,0.4314412854955874,2.0062306439193702,0.605400878514555,16.97067498041998,26.738144654031235,23.97705165192494,3606.667400983296,0.2967712737420572
2002,9,南阳市,0.6096053279336163,0.3976667480272611,1.6355755235119338,0.5269973088821893,13.503253495127217,23.32260785010641,190.57655389608672,2614.212754477556,0.2300215201802442
2002,10,南阳市,0.5624179767930507,0.3647583325810923,0.8774047983103919,0.3451583203245503,10.211976531732647,18.851093424978597,378.2243812003232,1914.7294905593903,0.3488533635182953
2002,11,南阳市,0.5206785361043337,0.3161644751416034,1.1445527186831002,0.4603493425476154,8.918656985307917,19.728567547491075,311.1039843448316,2416.851259874517,0.3322799803009175
2003,1,南阳市,0.5722264063544654,0.3645192702516933,1.6311266846382984,0.4609143717446706,23.986439919434584,23.631922244211573,1384.7937408123337,2011.6406719750532,0.3938006823306736
2003,2,南阳市,0.6141709267907827,0.4060129798789199,1.7075200927579846,0.480930302509055,28.59266799469876,21.9291273771829,780.0861885710344,1501.499115708278,0.3981878192720134
2003,3,南阳市,0.6465840417788352,0.4361589155615455,2.09939947885004,0.5888623781955463,29.054001109527345,26.342479878642926,1011.963225851687,2747.1909322240504,0.383167146062308
2003,4,南阳市,0.6803138398087926,0.4670000321119593,1.992977454583704,0.5873790757193904,30.629896494673392,29.585479329364237,121.52588899842227,3385.191058761435,0.3046338067284838
2003,5,南阳市,0.6021871701346629,0.4156304502231123,1.7062787313117034,0.4763791575336686,26.78933204664379,27.48036396469909,534.9023727431813,2507.2893830176727,0.3452354993096532
2003,6,南阳市,0.5244736139664079,0.3644750218183055,0.2407012220922708,0.1017036952458232,23.204509027109157,20.913280013747404,1006.8935975281668,755.0335303048666,0.4113299863791897
2003,7,南阳市,0.5228556341384003,0.3613698155560323,1.551731374420801,0.4821700775694564,29.55485321901405,24.80806342723869,634.3817366612411,1932.34229499672,0.3858403769593221
2003,8,南阳市,0.5212378106852928,0.3582620329397911,0.0699221900340935,0.0347213614617323,18.788430260816977,20.80606834753513,1169.856032963387,1306.9018534535808,0.4101106905392493
2003,9,南阳市,0.5816579219912754,0.3675895726335849,1.7560138386488795,0.5524874095138852,17.318135855435138,20.976204954623128,508.6863523845682,1291.2426422252672,0.4067531075451652
2003,10,南阳市,0.6455272941091869,0.3788628245564433,1.2153188707904952,0.4525950568672776,22.6188571397003,23.97507598831625,160.09470865545964,2571.888179996787,0.3502735671844647
2003,11,南阳市,0.6293388314816251,0.3678701463852376,1.53721359191052,0.5523855430942063,18.73309028982769,20.07026829927412,432.0969727936788,2388.5351107681054,0.3751472744887248
2004,1,南阳市,0.5497166354528268,0.3499264397624303,1.7373445497029103,0.5126925416328213,17.041740752319065,28.354634073559883,79.71738434882006,3593.590143418683,0.2463177125202331
2004,2,南阳市,0.5675693633227353,0.3726431614665486,1.4362373072657018,0.4342236522080132,21.96123655773119,24.93963640548315,2179.786097152999,2420.6135018288364,0.3453243377228497
2004,3,南阳市,0.6511453218610443,0.4352606924394613,2.775030573332431,0.6761388897007768,30.349526925561577,26.29442023040282,725.5166626546858,2888.7078043032693,0.3791611821344813
2004,4,南阳市,0.7368735579373721,0.4989481087343885,2.4630319519435155,0.6100024732103562,27.699544537468174,26.68934185251183,766.0604560755954,2489.9941754817582,0.3472759526475366
2004,5,南阳市,0.7267722510670144,0.5129059161167134,2.435926876640849,0.6076639499971289,27.77446286415853,25.884465827278127,646.3575223608119,2037.0728635136245,0.3948107383516576
2004,6,南阳市,0.7182902458135041,0.5277491417781779,2.203561082722894,0.5814475743149801,25.46498243274521,23.06660065484301,1145.9208208202056,1886.7667245478171,0.3978812614144635
2004,7,南阳市,0.7172898945355127,0.4906676107911843,1.1912389943031718,0.3741632674432574,21.195434680644794,22.6046279454533,210.0962246079234,2049.1817725908886,0.3745003782401614
2004,8,南阳市,0.717903604564779,0.4544756661590154,2.3705510289409357,0.6663777789546544,14.481792748482247,23.19698460395045,129.48473122799717,2191.1302341429173,0.3508257878746995
2004,9,南阳市,0.6928124435469194,0.4158587060922729,1.7407526424015938,0.5675080510920381,19.759557993671315,21.4417014445728,465.4686449306536,2150.122054154975,0.3749179016117483
2004,10,南阳市,0.6697233031003488,0.3781635590743075,1.4452580742655727,0.5166606802807822,14.585486205387236,21.42075211001349,120.51405350394668,2928.2152090020763,0.3125870099550473
2004,11,南阳市,0.6100286612886402,0.3353644000785427,1.220993283482647,0.4881438920927379,12.278844250321953,18.64811896505721,253.89288864468773,2181.9731872731745,0.3425484001786468
2005,1,南阳市,0.5586776604331198,0.3780861432129549,0.7878956608036776,0.2811248706298595,20.7856756462182,26.033662469969368,963.3841509597116,2264.470069988206,0.3310540968453603
2005,2,南阳市,0.6145096537495744,0.4444266642435998,2.236978604431543,0.5645039830000985,31.093908366013547,25.637943146443185,882.3195210495667,2589.0210587023803,0.3707190231421204
2005,3,南阳市,0.6708982987735602,0.4792348389150182,2.1095171525541563,0.5491179180725382,29.68247057960393,26.351534934927813,771.9970897293448,2438.154038181376,0.3759731452268181
2005,4,南阳市,0.7286865084463934,0.5149976593259215,2.618199032367141,0.6076016684224499,29.71280717678428,27.04889982504013,709.901426044654,2372.0217997576697,0.3950104830648962
2005,5,南阳市,0.7373273458032787,0.5215717208840628,3.031406108867124,0.6976900791337375,35.749886818001784,25.414992124642264,642.2440461417907,2564.8760700771327,0.3841628126846546
2005,6,南阳市,0.7473392440946498,0.5291372213408517,1.7504319677514883,0.4734391454697188,26.035677136764285,26.80077904845911,779.7862489163351,2595.7192036712945,0.358735921554838
2005,7,南阳市,0.7325461574705147,0.4949938774954669,2.3389329637394094,0.6374191388387304,22.297523475234232,19.06729977272659,690.2176235600191,1278.5694081786,0.405560498183715
2005,8,南阳市,0.7194478051358225,0.4619748276923426,1.5266016347803637,0.4783424184733574,24.401062962476477,22.98139188053244,915.6236949462512,2307.3106659925397,0.3811210292996308
2005,9,南阳市,0.6767237635184551,0.4221697802332895,2.045004769384361,0.6041934713390212,21.23801300881425,21.84446464001856,81.0937189850095,2805.0527823293346,0.3462149380941096
2005,10,南阳市,0.6360494897726242,0.3834608092356125,0.935161113748824,0.3352989885063152,22.188667586276694,23.31881794249832,498.3859331303152,2305.8823579423074,0.3453511596467322
2005,11,南阳市,0.5759558678960954,0.3404344088472682,0.5161508058008724,0.2106512613971339,15.481359903556283,18.526252225149417,880.9716860958239,1302.897456331854,0.4049823811455305
2006,1,南阳市,0.5792069164694654,0.3843195095751062,1.873471977427497,0.5135934808566234,24.743082636557837,27.357591575592025,805.5271762313959,2901.263862994953,0.3285034823819347
2006,2,南阳市,0.6564409872656617,0.4483586188506757,2.037217120597964,0.5658287647674917,30.744892676159317,28.426164452863578,205.79215727800727,3168.170286515113,0.2729991589826698
2006,3,南阳市,0.6953356345603207,0.4921483791694073,2.1142769243166613,0.5547505103617592,26.720527106100977,26.267570760318364,1068.20939173038,2153.6945691816736,0.3411955189506596
2006,4,南阳市,0.7357125666232359,0.5369303613344966,2.3683892737946444,0.621974390988094,30.13841969434283,25.95287887989265,515.8129357570607,2563.7030699668644,0.3647526632828045
2006,5,南阳市,0.7478172546892641,0.5342178714671024,2.6479718459519668,0.6390449740528095,31.972530098653063,25.975816035851235,428.3753236767201,2721.861476445007,0.3578314371149251
2006,6,南阳市,0.7612242261103045,0.5323944296719525,3.1457852367462675,0.7309547074188943,27.37660599813103,27.333843903412152,360.0679392099562,2542.465065932344,0.3341289306834756
2006,7,南阳市,0.7022110822285822,0.4784267992578253,1.7626624715666082,0.5149336276591379,23.426488095869043,25.092899459231894,134.87671083801294,2852.7551124143333,0.2871711517358596
2006,8,南阳市,0.6443343599630079,0.4251819803861392,1.449973128459318,0.4502491968244249,21.74580450141329,25.56723971431036,235.0504369319557,1945.4101564997657,0.3119507051970708
2006,9,南阳市,0.6398497935356702,0.3932096138868292,1.406391341213717,0.5260868743761253,16.216989339569928,19.352273869248872,522.2679090111807,2172.613718122928,0.3546702831273547
2006,10,南阳市,0.6367563131533007,0.3619460140917103,1.2365694925133766,0.4846708167443692,13.129120051996692,20.358327117507574,8.226623204802715,2791.8951655177166,0.2725948226641045
2006,11,南阳市,0.5625378406860083,0.3004262726408213,0.3302273523393303,0.1599935710170636,11.47233777288606,22.132213687143445,100.8149534470337,2414.8971397501746,0.2230149228222709
2007,1,南阳市,0.6444241992555717,0.393438597004301,2.2794115952939453,0.6360087408266132,26.03554408307103,24.42761406443316,1492.4851202998364,1764.6119733574187,0.4013414156846127
2007,2,南阳市,0.7225412958347073,0.4501982333369793,1.475712743720586,0.4390487401521565,29.82220832918184,25.637847283765414,808.6271565709818,2677.2026710337527,0.3855475169498368
2007,3,南阳市,0.7231035800261854,0.4732110305640825,1.8515294673840332,0.4923095026069108,28.005490239982315,23.62296288779585,1090.3907248307275,1736.565044632839,0.4016153441259683
2007,4,南阳市,0.7254275479142682,0.4973737299708586,2.697940909760648,0.6508913674784237,28.36666137777537,26.839551920351767,372.200704011845,2953.7503548732693,0.3660845946431642
2007,5,南阳市,0.7468180093012926,0.5168468383953909,2.784387052662706,0.6748670248465006,30.846196197305417,26.64415524422066,528.3415523219987,2571.324083221443,0.370781334744713
2007,6,南阳市,0.7703700597283535,0.5377513513248454,2.8561794663170854,0.7037801987311422,30.905982418367028,25.270995450188472,337.2811543014433,3087.3199546828737,0.3495078332539961
2007,7,南阳市,0.7099010486272156,0.4838294364633893,2.2233746950115387,0.5948350565264546,30.2492069997143,26.26400711218886,356.71647899464705,2451.634525646601,0.331570484797591
2007,8,南阳市,0.650925976860844,0.4309488976378831,0.9212285967105834,0.3237138371012415,21.127715226036266,23.54146007103172,424.7254972608157,1950.689331941462,0.36595493966027
2007,9,南阳市,0.6339280431558841,0.3960843895223901,1.5940002195359235,0.5381645581020366,17.089922733375822,21.3662758229531,162.49151262280316,2716.5968813536474,0.341094054888083
2007,10,南阳市,0.6188531241980602,0.3621941341925164,1.7585186836344624,0.5473275766998003,14.580879006346214,22.04077203297578,186.1321086959381,2670.4118339621605,0.3102232777567142
2007,11,南阳市,0.5528628839801168,0.3235257556047152,1.0904898382266586,0.4048215919921468,13.43286427236156,21.864145684926893,43.07038827785325,2840.710781917321,0.2404006939190516
2008,1,南阳市,0.5418228758193012,0.3736910732801185,1.1591557657729437,0.3454336900931423,21.946256374694027,25.223669347506483,731.414444858824,2382.780741026941,0.3049267193008393
2008,2,南阳市,0.5666756059618463,0.3947829813668594,1.617207987892716,0.456801622942763,23.98393425759937,26.529029438835813,529.6737245994339,2794.908538032067,0.3250932567668212
2008,3,南阳市,0.6422443537297216,0.4572177937929473,1.562194268173979,0.4236954396255313,26.91374576334891,23.89437304155085,2123.2522768131057,1936.5171742189468,0.3892983497857061
2008,4,南阳市,0.7190263116359762,0.5205599126014161,3.1349288510132154,0.6919581332704428,33.61021044210356,26.45287190033827,376.217319909157,2862.9368987536054,0.3728194440179617
2008,5,南阳市,0.728024803148923,0.5225015248923799,2.6166703588973,0.6445288568769776,28.337732869375323,26.924917302453625,314.33206438444336,3075.4769859052444,0.3500643199560621
2008,6,南阳市,0.7381935446349167,0.5253592203161442,2.539117119022968,0.6521294613174115,27.9072927469702,24.391326082329545,1281.7278501131682,2184.4545996035927,0.379934479506135
2008,7,南阳市,0.7328113312041796,0.5105951696385426,2.7237645275232167,0.7057399323470904,27.10550828452654,25.73277975243811,65.94785158929395,3153.425400786924,0.3466287361534769
2008,8,南阳市,0.7288629468435786,0.4968567444269103,2.596497837852181,0.6900235269900117,22.910392948169573,22.794849458065645,898.2249097371939,2733.852538618844,0.3555296988118571
2008,9,南阳市,0.7080167356055256,0.4515547143860354,1.9833395596189436,0.6062797257318331,20.991969994083448,21.951405240215752,284.18183434409207,2078.1088500091714,0.3485783877974144
2008,10,南阳市,0.6886444393676565,0.4072999741351758,1.221982937504008,0.484744608515713,18.25201383051971,22.36713681055762,443.9630322173888,2516.9299669018847,0.3429850808758433
2008,11,南阳市,0.6094898818134005,0.3373517345959744,0.5447226099820733,0.2166947211227805,17.21138826657831,20.094665552738466,305.17869550340305,1165.405137994942,0.3828661902534638
2009,1,南阳市,0.6224972894436601,0.4400039132826114,1.5246488536737168,0.4549433514477067,23.718550250771084,26.61768032288836,518.9285594009075,3163.887147695429,0.2823791381315133
2009,2,南阳市,0.6501377014306401,0.4549020468739781,1.9992761055698105,0.5514007072796089,30.845370580825872,25.20335792530424,829.3943931115471,2252.25999932499,0.377816175633002
2009,3,南阳市,0.6774059458715801,0.4889364656876869,2.3514263523648884,0.6014535846375485,28.24910733987349,28.327475945275857,534.3820864355138,3028.1004322975773,0.3412989604756907
2009,4,南阳市,0.7057507504699815,0.5237870908861136,2.242993103003478,0.5292181176326184,27.298538714899056,24.770676511143574,253.15605328171355,2451.3087852651724,0.3107387949967758
2009,5,南阳市,0.7376766292586946,0.5235843031029797,2.8507538333132687,0.6782617721584748,33.72813342780971,24.38389878487762,473.1974684733049,1833.807980678024,0.3642412806355539
2009,6,南阳市,0.7707674069453652,0.5242304513373335,3.017915814679446,0.7308254080617028,28.94488468147349,26.563160345549623,476.1791276779314,3130.715409726256,0.3012712828375531
2009,7,南阳市,0.7501680886975243,0.5075963526841099,2.4367214306702576,0.613560874998123,27.179651308607067,25.363360090470824,263.15389845555205,2079.838714932081,0.360982539465036
2009,8,南阳市,0.7317624308694975,0.492465839359564,2.205593849820481,0.62194676115645,24.662551171470746,22.08156869487773,954.9091858899328,2514.685640337161,0.3635339256608568
2009,9,南阳市,0.4917609910557706,0.334956309670518,0.5753559956653412,0.1940039047597939,20.62197559235359,21.993567395930768,109.5421372276526,2003.392377695848,0.3205639005358915
2009,10,南阳市,0.2546212284112111,0.1789819139132101,0.5420567082550771,0.2501606841359446,16.635246490265363,20.633488660275244,223.3820481452007,1608.5784136854693,0.3230907050521532
2009,11,南阳市,0.409672619463868,0.2433594583916607,1.3478615596251575,0.4908053247107155,14.102326884211442,19.35736205800554,370.2819821386884,1896.2282062738425,0.3676105134787163
2010,1,南阳市,0.5660903487041603,0.3902775213685673,1.9412699102832904,0.5110070071410977,21.48047338943037,28.52539499577501,593.6246207792612,2732.4562372413625,0.2799651380388195
2010,2,南阳市,0.5908366819053774,0.4257868998058565,1.2658716717268523,0.391886132281269,24.14400318036632,25.00587622662245,732.2047584731587,1879.3347560486764,0.3433423476437834
2010,3,南阳市,0.6675779835354747,0.4871595206429873,2.3498004779516948,0.5973794213770306,29.06164372272167,24.370320975828363,2227.035461490413,1651.3707381950346,0.4111413063485609
2010,4,南阳市,0.7479226017188219,0.550771637045723,2.8831688480064184,0.6886050188431797,36.52076086485114,27.95473854437899,368.516634626437,2824.780027878854,0.3701406355899868
2010,5,南阳市,0.7368778567376886,0.5372631546238675,2.4706791647784936,0.6192410591371492,33.193723728695815,28.216100899957645,164.2700010508456,2905.67143035021,0.3348954418091157
2010,6,南阳市,0.7282339711003066,0.5253004706431645,2.4403531846265367,0.6511570193538511,28.011775439945023,26.90983244926249,394.0654237950078,2517.18983472538,0.3414663482633593
2010,7,南阳市,0.7107645745247354,0.5029711586308092,1.7475551805494167,0.5123174065725851,22.76528078334264,23.53364548324524,1539.0887546268468,1632.4722375155343,0.3850922523529849
2010,8,南阳市,0.6957255616189221,0.4820306527223038,2.213957328607244,0.5778795000374627,21.873838800096426,23.052225670350342,58.495036536439365,2787.3835158702323,0.3509738599068683
2010,9,南阳市,0.6861687760506464,0.4437934846940646,1.6715317127876528,0.5588726779620171,19.302489509666074,22.268509413512017,1520.615124679682,1525.5306436445908,0.3833466749362177
2010,10,南阳市,0.6792372697144031,0.4068959636896965,1.2122581297223771,0.4321252137369829,26.28527868572052,25.206498225650893,69.40514919576958,2643.6714139777077,0.3545547650901595
2010,11,南阳市,0.60829619630888,0.347934959370484,0.4676997129233046,0.2176373783895288,12.440089773714837,18.72747802913609,211.69068027309015,1851.9980310875235,0.3364746397822382
2011,1,南阳市,0.5351092901339596,0.357728717008905,1.7652521711638285,0.4909557665978946,16.26204793273485,26.574784065555527,494.3877124608687,2442.6013171207383,0.2991255369551021
2011,2,南阳市,0.5536347274471972,0.3969993902252355,2.0104341852280783,0.5351453927126282,20.69516606839668,26.997507627060667,29.11519851873394,3225.200631591401,0.2454828239282902
2011,3,南阳市,0.6112600192971466,0.4325407916847245,2.392925578704419,0.6322248597068363,23.673090856307702,27.61918036180056,357.7775431823927,3319.231858145972,0.2265456930621202
2011,4,南阳市,0.6699660715344359,0.4688136810767329,1.4236548015514947,0.4170498312168176,21.59911920072292,27.11184758762781,941.621778828414,2560.720407583287,0.3173421316295176
2011,5,南阳市,0.6799353748503468,0.4854091390377184,2.818170606555109,0.6781366613785601,28.154158022170023,23.94315329677204,660.5263251853387,2033.5519956642663,0.3842204981384481
2011,6,南阳市,0.6910168493704504,0.502914540640061,1.4618586170634558,0.4000704325393555,27.521783009833584,27.618585699193837,800.8466295722484,2747.669828451999,0.3385847719938581
2011,7,南阳市,0.7124095415150004,0.5074184774839025,2.32086997190804,0.607962090377593,25.069568049465392,21.596143232862502,416.8748542076791,1834.2695094415587,0.3867590268427238
2011,8,南阳市,0.7351186560447962,0.5129662679272868,2.688533321589127,0.6863263719142899,22.33012160187485,24.44707598024543,27.384692734524897,3229.428918913581,0.2973569765569119
2011,9,南阳市,0.6925040643453869,0.4402512200829565,0.2806500143308562,0.0938295409611833,18.15713469994458,20.03590693069083,739.632971951296,1144.4154109134756,0.3441926023486765
2011,10,南阳市,0.651306117116604,0.3684083953814338,1.5057152478464748,0.4962805060254387,14.465460345065928,17.938101588891772,887.0608467112955,716.4909816947147,0.3971371144685027
2011,11,南阳市,0.6331992299167112,0.3573277569434131,1.1437574081219075,0.4565252100557698,15.06941522955921,17.675658605434045,31.78516585098317,2563.130249405596,0.3579541433638619
2012,1,南阳市,0.5355807346191281,0.3611196134926772,1.0733236876041414,0.3362983184939965,26.834021746826146,25.651892021021443,1839.6173333676215,2058.0248335510205,0.396490220374751
2012,2,南阳市,0.5583040149476896,0.3950632568418495,2.28272089221252,0.5894883302251082,26.924217195367103,26.907003073191312,350.4653147813325,2820.654832177826,0.3440796111052913
2012,3,南阳市,0.6414683266667978,0.4608128047983824,2.4563458727279697,0.623501130227644,28.557102472770424,27.05115029117482,398.1372643469972,2887.4322718043554,0.3045101225410458
2012,4,南阳市,0.7270328301297637,0.5282544849688303,2.7728654675905284,0.6640861597660025,30.66108770780418,28.66872649654523,233.0608026213845,3217.917961053343,0.2919618573569068
2012,5,南阳市,0.7343301371555526,0.5278513334544637,2.9517279415882367,0.6823966427684651,31.117773831468256,26.581412593450448,326.18959176717567,2720.5722209013934,0.3088679956510277
2012,6,南阳市,0.7429000667056891,0.528452885354131,2.1136185885054424,0.5716507261432702,25.80255608877625,26.37825254074688,59.35640947363945,2409.0349830962878,0.2428947747791491
2012,7,南阳市,0.7427490358772325,0.5136652993819458,2.658604518509862,0.6887832536885519,23.854172617668365,23.457761711338872,638.7869297311696,2658.2104903329587,0.3268007481315559
2012,8,南阳市,0.7439802963674058,0.4998616753007995,2.55525289903825,0.6763410574587195,23.015134509968707,24.5720649061785,368.8401858534448,2331.670885432977,0.3017311947884028
2012,9,南阳市,0.717213001779998,0.4625640439209611,2.2470007891405825,0.6334062731300714,16.143906666674194,22.43584734828121,778.5106871278708,2574.6890617822846,0.3433412076438793
2012,10,南阳市,0.6927109962875524,0.4265980563809096,2.043397920544837,0.6355083888833611,19.607239106818778,19.512754910470967,284.0004572385369,2539.4881379988897,0.3492980432658451
2012,11,南阳市,0.6269830185849787,0.3791737555480103,1.5354999956194209,0.5352529901832433,15.642027163058463,21.75526430932109,65.44564616815278,2400.239525045793,0.2749319092472211
2013,1,南阳市,0.628436010737146,0.4544389120973818,2.231201173951435,0.5881655097483706,27.706523894494428,28.825566180561825,418.856414275546,3162.1550084263795,0.2885824697835906
2013,2,南阳市,0.6680019115762046,0.4917733930017638,1.8383606343009384,0.5112421950451922,27.008745545938744,29.309380141129196,195.3566752764719,3107.7857049103027,0.2341888922474435
2013,3,南阳市,0.7025363943058831,0.5044978354470264,2.148714892927169,0.5593719800464418,32.59394726160721,26.486490010313013,1415.6351288698124,1954.6678793150336,0.3841559356256979
2013,4,南阳市,0.7376450777343121,0.517750900133365,3.1325550472015347,0.7179483717219345,30.11514494748325,29.21450255449669,286.90309008714485,3348.4452289915644,0.3150858212017566
2013,5,南阳市,0.7378564145922485,0.5209849935582466,3.046292258729171,0.7256142891031451,31.94867615998789,29.113033210075123,340.6116565928676,3249.71310428191,0.3106511642940688
2013,6,南阳市,0.7396563098150284,0.5254470093250646,2.6824580012660038,0.6841315876627585,26.748979821990005,30.59840608376089,66.90014257306329,3533.0226339753062,0.2193097473754325
2013,7,南阳市,0.683080633746938,0.4619407203222821,1.6875974579331363,0.5178726304801391,23.702971235779437,27.09491146872052,432.8761210266874,2262.9173534836523,0.2196805756497576
2013,8,南阳市,0.6278916430609948,0.3994445702127946,2.026307550675217,0.5874062154585464,16.980354587408897,24.416540853557137,87.35042024955503,2631.482670980004,0.2719818337358696
2013,9,南阳市,0.6038477418992136,0.3862759340085885,1.7318950505906832,0.5271176133363524,14.504573222573786,20.761957885391038,383.22220464835584,1973.2987159515048,0.2519237918547918
2013,10,南阳市,0.5812626118565821,0.3740527323446553,1.6062677658132494,0.5128359892304031,16.623404471208627,24.14565416772966,35.27844709577392,2855.719106462669,0.2482234928371859
2013,11,南阳市,0.5280984985202406,0.3287549049901252,1.006980314297543,0.4170017033164493,10.110072675477618,21.43472601704116,274.6073687887717,2040.114638216437,0.2298022684245165
2014,1,南阳市,0.6697357871338653,0.4534505068232802,2.289989947756484,0.6100652955357005,24.07786347975434,26.26457691197822,205.75486563605384,3170.207791717265,0.2033161304016952
2014,2,南阳市,0.7197924162656284,0.4970293683699653,2.56441300282534,0.6373480011352818,24.45169191781897,26.02909070421865,240.74419844533568,3018.206822135916,0.2217606942649987
2014,3,南阳市,0.703142556174989,0.480469505672688,2.5109010720204994,0.6519685436212563,26.351971432524824,28.187933180591088,419.3693912558889,2989.499292913738,0.2545147623834081
2014,4,南阳市,0.6873165739317403,0.4646480760825232,2.267849061207078,0.612195429165653,25.99251928774364,28.466320639016608,112.14526991120722,3439.815547230305,0.1814244011143606
2014,5,南阳市,0.6617001868232086,0.4418187899466903,1.01958716431577,0.3412382047325332,20.479534266782903,25.82536050463226,374.79761699520776,2142.3286919232632,0.2333411585292431
2014,6,南阳市,0.6379957402525883,0.4202225378508251,2.0666810936465096,0.5949719594971727,22.198853852707565,24.48132626155058,120.83970222653402,2629.2147174706315,0.250743398489076
2014,7,南阳市,0.6370284213635058,0.4148403942646636,1.522765591031097,0.4916676927944696,16.384780256211684,25.432558643258822,302.1995662142337,2778.2665729100045,0.2179924016118279
2014,8,南阳市,0.6361699816120383,0.4094761233721191,1.709910320103386,0.5346401519350574,20.46435135783413,22.04256673202939,790.3196508001726,1367.9768373580373,0.3283512144598513
2014,9,南阳市,0.6198844271229942,0.3701292630310009,0.4751750573745495,0.1818201199433096,17.835675877834227,23.16603043193249,326.2057616012938,2365.795853554478,0.3221555252168259
2014,10,南阳市,0.6051594768093376,0.3314948892688565,1.3547070829419132,0.4669416932964286,19.35943398151429,17.30046391564472,1409.3019288334046,424.5626832836393,0.4138629832942815
2014,11,南阳市,0.5669742023339271,0.3186494800544854,0.9380777460587636,0.3699098814690295,15.85711194265948,20.618047137713564,31.067226703035324,2682.0513582998738,0.3380910142004971
2015,1,南阳市,0.6563196211083151,0.4443129542028549,2.1467851787528605,0.5766340817882427,28.75042153534312,24.18414835745926,142.96120015536013,3155.678340340184,0.3356566393521396
2015,2,南阳市,0.6750433190391473,0.4475690425397177,1.7996174863270296,0.506179770169387,28.696238511475897,25.36736038169189,857.1433477258686,2818.653058567052,0.2977733050743482
2015,3,南阳市,0.7086506504719805,0.4846773409120419,2.6625402228547217,0.6673214487960348,33.4568228608992,25.603457345416366,169.90693670258003,2933.2543697035844,0.3319447593673539
2015,4,南阳市,0.7437668254621607,0.5228661582281838,2.7500536823567594,0.6755774669276878,29.26744411622986,28.381626785155305,194.4688164786965,3402.002646047324,0.2589683769952846
2015,5,南阳市,0.728941639366263,0.5073111127538185,2.5332136076412715,0.6368400615574108,29.06570237369117,27.22972632239597,398.1863093253027,3003.24438940384,0.2777226586483835
2015,6,南阳市,0.7154105273925448,0.4925866855982377,2.2031604729553944,0.6123985084284336,24.43383168495172,26.41765682552909,175.14439155498292,3043.85013379071,0.2629288438040119
2015,7,南阳市,0.7086818388578222,0.4720825162557512,2.4818786076207155,0.6638953894630749,25.86481582807904,23.69977201746245,604.28228228473,2491.361312638837,0.3310680960262188
2015,8,南阳市,0.7041204432561453,0.4530408136805694,2.0110093489842757,0.5896255307378987,22.517863804651014,24.17662400688159,234.38140490677435,3090.5188735544903,0.2901973960382449
2015,9,南阳市,0.6529871370308992,0.4147800816405756,1.6408239827816586,0.5311543544119779,17.648246362883405,23.393009027924005,249.98759232479588,2314.148364765897,0.2871772917458134
2015,10,南阳市,0.6042949449032451,0.3778998616548361,1.5010569963688898,0.5039251344377557,14.629287410063547,20.70046699406685,75.21608227492302,2574.2349797962024,0.2603476474486724
2015,11,南阳市,0.5481979739537841,0.3342271007194877,0.8506246587486139,0.3523253726754904,9.63350748197256,21.5900348035569,387.5291454189985,1995.7864059599503,0.2553770842175678
2016,1,南阳市,0.649459507380504,0.4829797737986834,1.8276839646101763,0.4915898003423772,30.38217713276613,25.61492574560477,184.5297369536482,2666.0435324411874,0.2585777730737916
2016,2,南阳市,0.6742544334928844,0.5146427950882922,2.267052182126328,0.5819802820438188,30.912605384637857,26.825683006908783,475.30695643603536,2459.302865051998,0.283265694310797
2016,3,南阳市,0.7208410243856566,0.5520953601441251,3.1212186897976792,0.6985618292896267,31.226192838472627,27.819043163738627,746.0945938885994,2713.9286746757784,0.3348686923805758
2016,4,南阳市,0.7692618277147492,0.5909834172401764,3.3546824834758837,0.7335297496925227,31.35112347633133,29.942044715592186,324.8403618947048,3469.519121660843,0.2955206486831508
2016,5,南阳市,0.7432549241134463,0.5523246133450269,2.2889161586008133,0.5777715204970718,31.39727555950805,25.813444452095396,875.2639574595627,2290.4804480911844,0.3546691180229104
2016,6,南阳市,0.7184547860610359,0.5147657943755409,2.375922389310605,0.6337510094527572,33.2698098315661,28.70851654251851,106.3562100956138,2864.351769678848,0.3016542023780286
2016,7,南阳市,0.6721871209385134,0.4599966702985652,2.008881341932545,0.5833506109414638,26.793037910529964,28.309014859733665,338.8696220667416,2583.004940705823,0.2280671695126395
2016,8,南阳市,0.6277021074406678,0.4063850394500846,2.1142181864480887,0.5982711838710659,18.74831509566466,24.395446490482986,21.600320433368157,3009.128197067785,0.2358519667791576
2016,9,南阳市,0.5747960880954345,0.3699548718489764,1.4935050742458955,0.4875574288412995,14.139083646360897,26.66756219785045,3.929298800556915,3047.0115812256795,0.1531590186830491
2016,10,南阳市,0.5239262764734246,0.3346429721053295,1.1464933621719196,0.3943507713112208,12.60777738566824,25.6489013590952,47.98954821863092,2904.084985260994,0.1451130681202176
2016,11,南阳市,0.5057903197379672,0.3021081644233191,1.1660763118440638,0.4292083448160061,11.675437715378798,22.221358894308995,400.38366403543887,1935.7983510062163,0.2014069212722986
2017,1,南阳市,0.6893046569249724,0.4927190183763227,2.721472159775105,0.6624516181621013,25.64746581932449,27.82991043319917,676.516336144937,3126.4897392432717,0.2285136900944254
2017,2,南阳市,0.7128142754648045,0.5048244972168695,2.40307213391426,0.6105948077057726,25.84844457450057,27.85431562413904,536.5772796359067,3157.726582602752,0.2834114813461577
2017,3,南阳市,0.7134148904684563,0.5220062824016389,2.967365936841908,0.6902244688435459,34.593787952579945,29.428767815714902,190.7951429337633,3236.75454932353,0.30693042830535
2017,4,南阳市,0.7165047628567868,0.540720199671828,3.088168149496844,0.7060753020302726,33.78460623444745,27.77331982472342,208.0803086613847,2575.171584111151,0.2233728513569279
2017,5,南阳市,0.728246868163751,0.5489689423801463,3.13919174402752,0.7325616543976516,30.11541222433029,28.54558054641214,681.5779649681741,2890.1068429191746,0.2810735496173395
2017,6,南阳市,0.7422033026358612,0.5586989464673374,2.4889219642676665,0.6293414665193293,29.093351839005383,27.168376001193053,82.87845024938225,3042.048441904104,0.262986063418291
2017,7,南阳市,0.6897864492858261,0.5091249051416619,2.160174094416175,0.5862511093430177,25.411011965152053,27.190230370174287,185.05119285108967,2167.643855830806,0.2596343222675347
2017,8,南阳市,0.6396462011329758,0.4611880030808488,0.0212592075095077,0.0084061807819182,19.994110518224836,21.33475723333087,845.5590865193548,1309.394065387561,0.3199824762543492
2017,9,南阳市,0.6600317480731878,0.4319390402386172,2.0582260317361305,0.6076459560289306,21.702676296064908,21.12355151193043,769.4347380054159,1598.034591089865,0.3938016268399709
2017,10,南阳市,0.683630638909732,0.4043706167823055,1.7324767517396238,0.5576998797275379,17.371401474795938,22.314393495794015,28.57418366970836,3061.298179109693,0.327188307442833
2017,11,南阳市,0.5987678968923633,0.3416062814529583,0.986627836203698,0.3905393838893746,15.4233317643342,22.16246523837074,767.2981605754014,1734.2605698776697,0.3244409936311535
2018,1,南阳市,0.6599636726411464,0.4812367201999973,1.8775453964448612,0.5308910806733854,28.77980638015144,25.83137642708521,461.9633342828272,2469.383608276205,0.3350796970170653
2018,2,南阳市,0.6750535904531303,0.5108870126167041,1.8397643443371117,0.5128923030726363,32.640480468277964,26.583711401346115,556.4651618805302,2128.62814740623,0.3738394101784376
2018,3,南阳市,0.6991459787241867,0.5254218668522554,2.8277658368649705,0.6864246596986268,35.511011177399155,29.611758774622505,29.56145663781261,3455.631792100526,0.2733397748793276
2018,4,南阳市,0.7252107110624255,0.5413439883098209,2.2379109759599616,0.5632555101760831,33.46626553860364,26.96868541451657,1485.0770791692546,2218.453597855219,0.3662355541844814
2018,5,南阳市,0.7272267089478338,0.5372458401756739,2.9376832519808067,0.6927441821944749,30.889730551096005,28.29425465833118,241.44482814456276,3116.7578159500185,0.3630179289344264
2018,6,南阳市,0.7321732009791153,0.535271778565517,2.1319304542448063,0.5650042724924993,30.512642262842395,27.82145240277088,75.74433725012743,3091.767248230981,0.2764415152556637
2018,7,南阳市,0.702020855551546,0.4943480455250559,2.6385593748788523,0.6849691930603111,25.924957496112636,25.47054046779176,578.4369248855871,2626.124365906842,0.3015626762988624
2018,8,南阳市,0.675492459000366,0.4557130267305122,2.0494300834875894,0.5935719664998446,21.385267111946284,26.218155942797186,127.3005466931992,2498.143376945575,0.2352790870529622
2018,9,南阳市,0.636898346141831,0.4073925790670986,1.6582789919950534,0.5335657462688093,14.378191170203252,23.659313142579336,36.86456425918771,2780.2678445559354,0.2113004894020243
2018,10,南阳市,0.6030769732309801,0.3616947101442419,0.3735945168126324,0.1649270607380484,14.770185388601284,21.138808465399872,401.5311866113598,1217.6370325057196,0.2475778036607547
2018,11,南阳市,0.5679182406013308,0.3303182360041387,1.253482235735485,0.4675443234879016,11.765240261885069,19.81345079530244,563.5744159542421,1829.562028185337,0.3578883530322123
2019,1,南阳市,0.6344912974019398,0.4550671797059586,2.22328507944046,0.5959957309417685,22.83152670121456,26.29325056447546,27.364502904833437,3439.502751023773,0.2456701148957165
2019,2,南阳市,0.6575963184665264,0.4908554961144123,2.2859375106809425,0.6032511452553441,27.19332340123125,25.69351408216357,255.8863845376954,3104.818134784985,0.2507639695174403
2019,3,南阳市,0.688150682033253,0.4998023592786823,2.750150644850786,0.6697890122417682,26.977921831231452,27.763497543542567,405.38208427199294,2668.015170229636,0.2887397343060608
2019,4,南阳市,0.720949762897887,0.5102606286822255,2.0985706530838995,0.5664556322394682,26.20982316923081,29.15683375687548,680.2798689055369,2671.7274422030914,0.3154735038736943
2019,5,南阳市,0.730598246070951,0.515309068823612,2.8489094397213424,0.6751231861986856,30.27848436578158,26.74924769089584,799.9673266819096,2308.2937091780145,0.3625409037337092
2019,6,南阳市,0.7426474145824309,0.5220025353733441,2.972428095343788,0.7276318534587644,29.37942148732996,27.73198257138966,99.47953113410432,3369.2050242186124,0.2897771671964746
2019,7,南阳市,0.6886230215013703,0.4822968011550239,1.7538030806491194,0.5500331604171759,23.3782278661247,27.735994644123423,90.69232561419756,2803.904440196181,0.2154655425822551
2019,8,南阳市,0.6372132092201667,0.444180418279412,1.926056738018624,0.5659574810186857,17.808367155886902,25.337895916517777,150.57218945812272,2675.41344374901,0.2010949168614177
2019,9,南阳市,0.6008852568948543,0.4089719405244185,1.7895894546502404,0.5423823567045503,15.72294576416232,25.818817213338896,110.84889479733523,3029.754512964604,0.1735354910827119
2019,10,南阳市,0.5668099072635178,0.3750585859406875,0.6545056296836909,0.2564140838537787,13.000587362795091,21.084268232356894,371.9273458770288,1032.948138150731,0.2683161432880319
2019,11,南阳市,0.5353299796692317,0.3368750893385051,1.3320080998195754,0.4708962371738789,10.406934458721777,21.703854527426085,22.84535192059588,2567.3210682761096,0.2436917998810157
2020,1,南阳市,0.6500715978814697,0.4510410482574773,1.990838877253127,0.5683400639804257,32.84068596720473,26.14797494594287,101.27644274610124,3234.5949997834778,0.29875463915685
2020,2,南阳市,0.6579426117694908,0.4698048964876748,0.3570845651653288,0.1322756194131228,24.1798583541301,23.343908214246888,1161.4749866582915,1751.399973096054,0.340412634483713
2020,3,南阳市,0.7058326817423972,0.5030488702739829,2.4522422581723364,0.6221625307096943,27.38382585470202,23.01949884454833,1505.5576588480974,1657.3387368374913,0.4030121403486788
2020,4,南阳市,0.7559254827672739,0.5378721669628309,2.7078575877378626,0.6469595002287672,35.673758550554766,25.484511520611463,358.71372566476583,2283.6395156827443,0.3775869342422184
2020,5,南阳市,0.7352814333835138,0.5324311407521001,2.6184790771188324,0.6468665116799177,35.03339989638449,27.733725411710164,662.1640798894095,2378.2001395562047,0.3661385861701331
2020,6,南阳市,0.7167193427139178,0.5284638893268043,1.9355118051279685,0.5124460115535475,34.03416906210383,27.83002864192948,308.4142110901125,2746.6231015728013,0.3597947843827525
2020,7,南阳市,0.6874446875568584,0.469357221145552,1.9777167277941885,0.5571749560874347,28.15200050467464,23.979427471127472,1168.024507978273,1668.0815303216589,0.3953098756699133
2020,8,南阳市,0.6623146309348517,0.412557387739833,2.0199216504604083,0.6019039006213219,28.26255083500782,25.02641779043096,15.596625769023072,3422.075851934156,0.3111503594717054
2020,9,南阳市,0.6317956470460868,0.397172134544126,1.6562669418191966,0.5419803184695917,21.65807059770623,24.539060063321752,46.02122640635245,2964.043566679148,0.2346550511149217
2020,10,南阳市,0.6033177702405069,0.3829267095268842,1.7312780597187265,0.5363197604669933,16.08395327542381,22.51521063731839,7.841329444422238,2649.2734429451643,0.2115537997713498
2020,11,南阳市,0.5195756195015568,0.3292827285029177,0.8407996288282754,0.3451194651482167,15.32944323964924,18.830400579498484,774.8702899793841,1726.948190998562,0.3431346752126198
2021,1,南阳市,0.6764477485650195,0.4771953485656854,1.932725054705496,0.5289196719281983,25.85081542106406,25.1259796095251,667.1641161375137,2399.306722797932,0.3387247693496049
2021,2,南阳市,0.7144716581968702,0.4960814426341873,2.507484672350379,0.6310073567167825,32.68712437380657,27.70137034500355,834.2845795467014,2578.00283819935,0.3544245886341094
2021,3,南阳市,0.7568855859186658,0.5318921300939312,2.9281564837658625,0.6680946001428966,34.342181678922515,25.2141221614111,1589.0206966649562,1961.018053778859,0.4087586791235317
2021,4,南阳市,0.8024631843892072,0.5702582514527655,3.876623917779675,0.7921967067975499,37.52552103683362,27.682192915056216,134.4307766903609,3508.739779598045,0.3331109300050319
2021,5,南阳市,0.7732673196759776,0.557021172903557,3.065770064538857,0.6949546076469395,28.42823401516894,26.57758142061706,330.5378115514229,2738.334040552359,0.3065327450865218
2021,6,南阳市,0.7478021633428603,0.5461563274554203,2.006443427341976,0.5056494765288887,28.611670836735215,23.76714680770765,654.6371606009862,1554.660583346399,0.3813002395129701
2021,7,南阳市,0.6684266524561822,0.4793393419502472,1.92771893340186,0.52450584719529,21.66901837430735,24.771717270245095,918.1989325627228,2060.8478537203173,0.3918621661795169
2021,8,南阳市,0.5895586898404886,0.4127544684474848,0.850939502227425,0.2932416638699398,26.754438828116676,20.77229068366275,1454.5208973016229,1038.9262468332429,0.4114655351349864
2021,9,南阳市,0.6188038764960487,0.4175039519398565,2.214079217116272,0.6255615786894644,24.42234352160344,22.85054874657488,327.95766747599305,2176.909790258348,0.3876515583056286
2021,10,南阳市,0.6523140388553851,0.4245136923499644,1.777414096594978,0.5743342070289793,18.1466874832373,23.26408707494736,272.1639366755969,2754.790609021544,0.3157974738907849
2021,11,南阳市,0.6032140389820413,0.3628975894012718,0.9220451002727964,0.3747024235656617,19.211283246605124,22.37586920283026,940.5780748779164,2028.0293210889895,0.3897955000495276
2022,1,南阳市,0.6362732860629184,0.4350276389481767,2.211297420284999,0.5895550709994714,23.63835423683116,27.816458071350592,426.4770685220224,2923.14624122231,0.2874850176417904
2022,2,南阳市,0.6936215642048464,0.4862601306792521,1.99719888223756,0.5544091326216453,25.25076155118304,29.72120406771497,242.06495937707237,2684.141437911658,0.2522722054190934
2022,3,南阳市,0.7241289631267966,0.513029879573766,2.953599435422294,0.6954949589872925,29.630577956104105,27.207911689647023,319.7747358400886,2975.842305664589,0.2574337242490196
2022,4,南阳市,0.7567635620835824,0.5410653628246166,2.770716238885636,0.664446817784008,31.61898111186312,26.78241949218436,552.3513069674683,2736.265488480848,0.3157307567531924
2022,5,南阳市,0.7279631276750068,0.5122466001374436,2.878395499751377,0.6954895048216472,31.73296334597032,30.694865079347167,70.75444200618294,3374.692358710991,0.2134438900896962
2022,6,南阳市,0.7033851527561982,0.4858427933730316,2.3102832780147646,0.6327099623793744,23.609418119268007,31.336161924022843,158.44377725924585,3181.872194806546,0.172171969123373
2022,7,南阳市,0.6881295709538167,0.4661709473140961,1.6766254646739027,0.5289712648551927,19.281783815572886,29.50793495037768,102.97454948089153,2861.4449775186085,0.171714644202431
2022,8,南阳市,0.6744974672118764,0.4473683168514681,1.886062143963876,0.5612329901433164,18.1860214757937,21.06280689077147,488.4568418392826,1491.1868227251507,0.2957424637552795
2022,9,南阳市,0.6556636441949204,0.4280237387961917,1.978127784389428,0.589071376337458,17.252284753925398,25.067037059303875,50.67231239414063,2863.072978221332,0.2106652650692966
2022,10,南阳市,0.6394795221115395,0.4103413421399355,1.427412483909885,0.4983732917933581,14.882351071014291,24.575710239214622,48.22891453879806,2673.2272160935604,0.1793612443149363
2022,11,南阳市,0.5921484484835106,0.3538714764775355,1.3682307717466358,0.4561148841436007,9.97959004140219,20.499909403872557,52.260152346616,2078.2666836507024,0.177818155807285
2023,1,南阳市,0.6703694672600756,0.4575707437303093,2.609841350935688,0.6400084511925594,28.508616465397235,26.52714972885271,737.4424921003418,2997.0170347766343,0.3541573653575231
2023,2,南阳市,0.6852122296740394,0.4966919577937789,2.4103490587198038,0.6255409347150265,27.63771498839061,28.40219226598913,388.8988830646484,3114.3274276661814,0.3176107471425189
2023,3,南阳市,0.7290840555410582,0.516020935106497,2.243693474382656,0.5950206097952808,31.2943198836415,27.48416561402943,261.3576631101684,2792.515408941116,0.2782472753933045
2023,4,南阳市,0.7753861715055966,0.537143815361255,3.0810191820309623,0.6984330169861717,32.224899427295526,27.05523855383423,572.6775010515883,2453.373096777443,0.3097287275439011
2023,5,南阳市,0.7729853587402951,0.5397981960027426,2.8119638973228254,0.692036606476652,29.399786324833126,28.182542734145297,363.7810490275194,2942.1002327228657,0.3231337402293775
2023,6,南阳市,0.7733293333780268,0.5443609176023614,2.989207413550154,0.7104171880080945,31.371211184064503,27.82315149569303,94.12814078182512,3236.948016489629,0.2633381594074344
2023,7,南阳市,0.7489854516438998,0.5192403469363592,2.8667807920884925,0.7042630570453514,24.62310259108717,26.83861567159868,347.2634212640376,2598.568144536588,0.2683451838312398
2023,8,南阳市,0.7273800085398348,0.495942192255048,2.8549027112783203,0.7160955505362169,29.948155301622425,22.679307840550177,1207.0578332704483,2559.97304579216,0.3522394291894505
2023,9,南阳市,0.6918300481548807,0.4560751418713719,1.7839693480064387,0.5539705999636021,22.33472677217401,25.55577843591356,61.74936725354702,3100.586359121799,0.2454795019779534
2023,10,南阳市,0.6582529502038714,0.4175695471635096,1.3071498034947893,0.4683224561865109,18.097610269865516,23.41196049922065,660.5235926821277,2017.7711150509936,0.324185503530745
2023,11,南阳市,0.5314205700503337,0.3385150342046358,0.3071300886198266,0.1453734710019116,14.44449263062642,18.49393287084186,1381.560364923563,915.9765291347694,0.4084665923044954
2024,1,南阳市,0.6104266116585308,0.4282743225734627,1.065779631532538,0.3448374342766276,26.86401544858193,26.492478799683933,1041.0809370135255,2432.580845537102,0.3122622730899719
2024,2,南阳市,0.5746205496042417,0.4253771818128954,1.2695893522728106,0.3782280934855139,28.886814158445613,24.92140775040003,2455.3294818926734,1291.6018380755331,0.4089487710580134
2024,3,南阳市,0.6517526387270802,0.4754970443206459,2.348012057461091,0.6331484058985328,31.904524744096,28.71534087605355,767.675800280023,2427.263286119496,0.3833669484817426
2024,4,南阳市,0.7335071021137766,0.5286316348129202,2.3640978656937164,0.607453603529806,34.81156800737307,27.75204080512667,698.5829168082952,2567.622072345652,0.3631617037630351
2024,5,南阳市,0.7399609270908156,0.549146751064551,2.256570592780995,0.6126476927547017,30.261831147515124,28.35710360793969,430.8043099581249,2580.31150268999,0.3640198069868586
2024,6,南阳市,0.7483511605026589,0.5710084347753334,2.7608762583316557,0.6899859823163841,31.46061357816176,27.506130347337105,110.10330751384488,3350.088476436091,0.308474083203314
2024,7,南阳市,0.7300105777584198,0.5272242227568851,2.412574728700665,0.6544107871886706,31.155583772501277,27.84337687198124,272.5047782106871,2947.728286354785,0.3191881377897177
2024,8,南阳市,0.7140847009170638,0.485319771924889,2.292953836799523,0.6399302955760703,26.486422706644166,27.05407808456029,138.3843424893495,2642.0545410148293,0.2732964253429084
2024,9,南阳市,0.6559402204280563,0.4470204192128582,1.6695612538417914,0.5419707343860023,20.127232239321533,27.138075554545093,38.21751289922396,2435.0147329395663,0.2148261599593601
2024,10,南阳市,0.5996554827730979,0.4099834278035597,1.2262748685277012,0.437556851323523,18.124528762192416,24.232289347205025,69.32788328507326,1848.5786953953289,0.2059685560522411
2024,11,南阳市,0.5726818057542735,0.3609697103803059,1.410098760357157,0.4940867994644842,13.35162186809912,21.82266803092417,17.247326641444985,2559.557610822837,0.1779711473771889
2002,1,周口市,0.5719545937595818,0.4071933673861891,1.301431784589599,0.4917393801476326,18.23191601749525,26.714937805836254,222.52410229844452,3154.76103335784,0.3346333425064752
2002,2,周口市,0.5719545937595818,0.4071933673861891,1.84564977389048,0.598914020262923,21.278064102274183,30.21361660962276,0.1794064764347447,3739.8301944863615,0.2262753317114196
2002,3,周口市,0.5820035979999358,0.4303236366161072,1.4961177605301812,0.4899288155011223,23.991138553567893,26.593237522205627,640.2469074044224,2457.2126157503917,0.3437477256932372
2002,4,周口市,0.5920527237749651,0.453453975397733,0.87363883525607,0.3080702515697804,34.41059761584423,26.675350083538937,803.5358392730528,2429.7806347736628,0.3892606843308451
2002,5,周口市,0.6671685875052564,0.5188866148235788,2.924566309460785,0.6807449479199075,33.11674126387066,27.15347619597621,180.98144953947025,3192.516572132532,0.321578823935097
2002,6,周口市,0.7422835298981936,0.5843187970668053,1.9036282091949568,0.5358350643701644,27.662475370132235,23.554192092281102,118.15850667788258,2571.2989661531237,0.2520603694409448
2002,7,周口市,0.7563521913586378,0.5729364147413023,3.29556139841098,0.777620594442099,29.88233772440421,26.8068562595844,740.1989083449981,2297.567353275014,0.3226946862524262
2002,8,周口市,0.7704207093463651,0.5615543361961348,2.632439475799905,0.7251754093073814,28.02182936247704,27.02766088458988,68.16927936016278,3493.132878726772,0.3171447190197596
2002,9,周口市,0.7342169596108217,0.5200127242237589,1.7988827113451946,0.5990582425239598,22.51338260947896,24.654495106084457,52.97765148824566,2766.3400347881834,0.2189836948518695
2002,10,周口市,0.6980132098752628,0.4784711122513956,1.2787843147272555,0.4921117576036893,14.31481596928892,19.69126941783831,210.2655516757074,2051.7780145652646,0.2812730781137093
2002,11,周口市,0.5819907015858352,0.3816109793537404,0.934916733545238,0.4484904622673994,12.14645588816402,20.81858432867145,290.4832586993604,2434.217256312769,0.3120333815690622
2003,1,周口市,0.3952860663417183,0.2511854177354599,0.6966283046342509,0.2897877241140702,20.982711731357156,24.29433002470497,1836.593036975123,2008.9822357642067,0.3992634118735829
2003,2,周口市,0.3894658813773573,0.2570239184849749,0.397200559721796,0.1689909579137306,27.92677111747604,22.571204477422896,1013.8398050778616,1566.0900571106592,0.4133270852786917
2003,3,周口市,0.5325323442364684,0.3829942503981189,1.89612177501721,0.5884888185097068,31.164239879049894,26.54113464875223,1516.6425100939346,2385.738703298323,0.4002555614052033
2003,4,周口市,0.6755988070955672,0.5089645823112626,2.3711320799904847,0.6605261608660647,32.759693757724925,30.94690377941708,26.62780267883683,3384.915408920623,0.2937243298840867
2003,5,周口市,0.632800953993937,0.4877225405545196,2.1445247773494804,0.5760740576155726,29.355348455720154,28.383176747723255,531.9075847798539,2799.683657763674,0.3086738855299491
2003,6,周口市,0.5900023115450846,0.466479775638161,1.1047982130477283,0.3761542419804855,25.556259983688623,22.082833358289623,897.606836324147,651.1154097418201,0.4071360725983163
2003,7,周口市,0.5919271799152368,0.4592246658972269,2.267186543610244,0.5859186435753091,30.00318962321789,25.829078418560112,889.4377368471535,2009.4142229666277,0.3997756190076385
2003,8,周口市,0.5938533384741952,0.4519705447147487,0.1639872849154063,0.0794604479905217,20.13442970583232,21.083827294090423,1727.8885654707065,1413.9742173941015,0.4189804256068109
2003,9,周口市,0.6583910078170476,0.4433528009837819,2.02280275404795,0.6324829844649593,21.029914347283444,21.78051275294616,427.470662347488,1500.4766389061792,0.4058426787182016
2003,10,周口市,0.7229286771599168,0.4347350572528173,1.0813462332652852,0.4323634155531896,23.728459325271547,24.352856849239505,213.7900208141745,2631.94397271783,0.3466755036603486
2003,11,周口市,0.6603112309232415,0.4034425000353384,1.2827728751249268,0.543305929980839,19.11023516821628,20.95530269368749,173.31023364555858,2574.171365585014,0.3625223946190647
2004,1,周口市,0.4316797148093015,0.297841997891107,1.0801225474023928,0.4343987210409484,13.105080743639196,29.374551372948112,252.14385469539235,3614.2024947872983,0.2464441590563416
2004,2,周口市,0.4670942506504117,0.3399692132731375,0.8690746918087936,0.3020765269774328,22.35146737697253,25.63092502361517,2148.436821204113,2436.281633607732,0.3757933396395295
2004,3,周口市,0.5955178813609036,0.450367748008957,3.04687545901384,0.7367541186187414,34.24677875273333,27.47158156445601,1274.9782865555758,2706.060551868319,0.3929206750809405
2004,4,周口市,0.7239415120713993,0.5607662827447997,2.5383140680535905,0.6331739651210122,32.87677806708649,28.0884038319444,335.98091299194874,2621.115448836847,0.3492143090533097
2004,5,周口市,0.7217229918639589,0.5689041616102576,2.718022101497818,0.6360713351087537,36.303872393286,27.083812245135466,807.8141588770744,2152.609455457934,0.4047717823297738
2004,6,周口市,0.7195039411123378,0.5770421033861589,2.5136631084441428,0.6242785527056198,33.73933277896195,23.9828047133401,705.3451495421573,1886.439890523308,0.3988859126508067
2004,7,周口市,0.7155685975920172,0.521569620558077,1.5340681724807557,0.4539595070784662,28.168911423303573,23.66152736564925,102.18178397156484,2683.7104348781786,0.3634769086479464
2004,8,周口市,0.7116327772488635,0.4661020619890669,2.5566310826661347,0.716507839159408,24.043228351212992,24.03706418491644,280.269155083352,2387.3726497361054,0.3647247567881932
2004,9,周口市,0.6650923279291037,0.4268795864803584,1.6855229033309862,0.5772861715383331,19.810299258960494,22.116066827550984,330.6044123827731,2559.8161404246925,0.3663072983994016
2004,10,周口市,0.6185544765323959,0.387657110971646,1.209940914486996,0.4693186562413808,14.03347720399594,21.953651520100983,48.87359576041276,2685.0099830240392,0.2916217201851971
2004,11,周口市,0.546261114046178,0.3406256884759237,0.8089151642939881,0.3903297107156607,9.935620502544705,19.46987778052983,447.1486379805698,2444.959607163959,0.3461052174470281
2005,1,周口市,0.4560425176408852,0.3010073674299202,1.088747937763722,0.3957165025392469,18.536185807808067,26.17069673403331,2316.317801092387,1794.8813390866212,0.3431706158805908
2005,2,周口市,0.6074853975780509,0.3881835755494386,1.5800696938347951,0.5227624379909772,28.440361402746746,26.297555157445156,1567.1024162327667,2645.280566883413,0.3833388528939526
2005,3,周口市,0.6041668057676304,0.4407204770729147,1.457353951085537,0.4173669870805888,28.301634578275745,27.442090124179717,861.3046643777351,2433.8747052866456,0.3909411420011726
2005,4,周口市,0.6008464248082966,0.4932638693892543,2.579521112334032,0.5923996509543199,30.247315959753937,27.8482825696142,847.251525671338,2724.610686433676,0.4015985887748482
2005,5,周口市,0.7021377107840782,0.5552126377913424,4.318662393535406,0.8266527080311513,40.76523167655873,26.219336062630315,715.9940254752152,2375.556451067901,0.3966571030055173
2005,6,周口市,0.8034158406629361,0.6171522146927463,2.104671624549285,0.5564599867591394,30.79469547627848,28.292636105403396,252.2671965257799,2932.6947080161835,0.3241552253647183
2005,7,周口市,0.780993227201854,0.5813082715098955,2.506402262233588,0.6439729306854669,24.813421725977307,20.566121654949736,659.7269410970713,1412.6463174642968,0.3976732841369088
2005,8,周口市,0.7585728320497342,0.5454664676688991,2.0951477111215464,0.5873442247800323,26.25627013623751,23.80660049171672,1373.1584921869664,1928.144998355694,0.3862394150464138
2005,9,周口市,0.708179331949571,0.4889942078627728,2.1782223752562992,0.6633344789610964,23.6180746380053,22.33932287007451,103.82853715431231,2876.8351692851,0.3604237699289791
2005,10,周口市,0.6577858318493974,0.4325219480566556,1.0929364330917826,0.3444085498814997,21.800088820176875,24.408384681952924,613.8139485788948,2115.6440749114963,0.352446097397791
2005,11,周口市,0.6020253208975472,0.3672893893527485,0.8664239099505644,0.3681369906852651,13.668942367027013,19.31307003474997,941.6779709910356,1587.480453252759,0.409993102643651
2006,1,周口市,0.4055392873926243,0.2712676513903905,1.0000991611975794,0.3705395433171087,23.49126255553088,27.37716185833138,1105.7088146718515,2698.510961145861,0.3892511752946357
2006,2,周口市,0.510179284301481,0.3396520520632419,1.3946770901412215,0.4496284747575348,31.328099373648502,28.77512957459209,204.15639184851105,2963.4748696083643,0.3193564302742672
2006,3,周口市,0.637222012382113,0.4636812216310655,1.9844628659072725,0.5716714070608007,28.859904332218424,26.84117940608188,1050.0182057243355,2107.902542287206,0.362344826155061
2006,4,周口市,0.7642636013937851,0.5877093941135907,3.0233251925996214,0.6854743154438833,31.39840106120128,26.961730824027,662.5857712937066,2532.087877220364,0.3803204818563412
2006,5,周口市,0.7694591025962783,0.5964296323303926,2.7639268618315453,0.6413242243684958,38.13712161816345,27.23045716624869,690.195278961825,2814.9962612838226,0.3984735195591967
2006,6,周口市,0.7746546037987838,0.6051498705471893,3.1894332832365966,0.7614061642508587,34.7656881616714,28.16250073121404,192.37740631722,2853.3327333920647,0.3412463215903759
2006,7,周口市,0.6898320798703543,0.5273392892410934,2.31603811474158,0.5779693433696839,32.28710290522058,25.82293757021989,194.1785745899573,3240.861497441408,0.2737467584358542
2006,8,周口市,0.6049975811232772,0.4495170870386061,1.0011388902489646,0.3220163435563767,26.91062417248872,26.079555615419785,348.4984649309679,1934.8379364906864,0.3497698747735221
2006,9,周口市,0.6392283776447197,0.4268573144255393,1.502553318346908,0.5165846538742057,19.767100309871747,19.461582838127395,399.0984589257295,2264.262793569087,0.3754847453045914
2006,10,周口市,0.6734527950323025,0.4041991593288832,1.003413846591526,0.4280276272271083,13.339705306406094,20.851033789051822,43.97879313173666,2786.850654494613,0.3120676812704225
2006,11,周口市,0.5162657317051275,0.2988158588609401,0.4463343849408035,0.2269155006382729,12.138365324154472,22.640426497885557,16.64759784498056,2650.0924856470024,0.2455531816750658
2007,1,周口市,0.5007245915614634,0.3273612718411613,1.1875721294911947,0.4390918203453682,25.290644937051912,25.145513485701716,2403.0747958054785,1822.4354827909144,0.4092671701294149
2007,2,周口市,0.6013914444558934,0.4217119512310061,1.6051180663623388,0.4882612490784471,29.37724443687467,26.524043892703627,841.7624751676025,2656.8483107131783,0.3880699401455735
2007,3,周口市,0.6890445184977172,0.4846382742729291,2.396887057209138,0.6330654872270781,28.9092177773392,24.815139858632783,804.339163843476,1883.198879060703,0.4076775943804928
2007,4,周口市,0.7766975925395205,0.5475645973148364,2.8867492483701427,0.7100435876066257,32.769970934045844,28.41596647011681,449.3173556802126,3071.216214289895,0.3685708575153795
2007,5,周口市,0.7871664245941207,0.5832472921026389,3.2081450427205565,0.7355260762478933,32.39112565133168,27.386125136852588,1266.7277647718993,2440.51473728725,0.4000339594275359
2007,6,周口市,0.7976352566487228,0.6189299868904242,3.206661800675739,0.7223323283811308,34.46865090564414,25.497351406705704,685.5242214279245,2457.7423933285427,0.3919444575008759
2007,7,周口市,0.6965396640664148,0.5188443117936998,2.127172071588929,0.5452969686099991,34.35521537092237,27.48014152757733,303.87092269189594,2356.127861692926,0.3836638957569215
2007,8,周口市,0.5954367695287286,0.4187511207246497,1.4227045312790747,0.4585443053536334,26.02489201939272,24.324383783099005,509.4625132215261,2266.979343258241,0.3757944357785917
2007,9,周口市,0.5461780125485469,0.3624000483797958,1.7116160784547154,0.5689431931473826,19.46437031527896,22.07120932502537,175.26355939931054,2753.742807340531,0.3563683638114827
2007,10,周口市,0.4969250178646477,0.3060541742590658,1.170683642464742,0.4914342060540239,13.632447549519632,23.16349935746956,68.7674198221178,2668.9791831876832,0.2993466619160354
2007,11,周口市,0.4451163659134848,0.2773917209577325,0.6325431162635838,0.3257902218594291,13.68568116150124,23.1429376232492,41.23231032096261,2841.2530585156983,0.2404711068319947
2008,1,周口市,0.5175825358103198,0.3610054028120714,0.8712810559502212,0.3282320909179254,21.035864990422564,26.142698853708914,1001.5486898389738,2084.5480041455808,0.3503311350719775
2008,2,周口市,0.6131210142201458,0.4272848729497908,1.5753959547168603,0.4882300618547681,28.221730375558412,27.13470349356269,666.7208779257763,2646.581929220418,0.3852259082113344
2008,3,周口市,0.6669269878164108,0.508355614948522,0.7647375291906678,0.2734614701501815,30.089234539780215,24.575589458474848,1678.6944282103816,2114.7739270216284,0.3940558902308441
2008,4,周口市,0.7207313984904111,0.5894280122105922,3.788189934725087,0.7584709578568317,36.19513873274023,26.749779266584454,670.4809999043202,2237.6025628905886,0.4080154026479762
2008,5,周口市,0.765491380539895,0.603136831188774,2.9732863728835497,0.6711790847892057,33.79359812985845,27.505690694062647,134.16290424481065,3380.381961239461,0.3527806156904038
2008,6,周口市,0.8102488658220912,0.6168457164922406,4.017831295400293,0.8190701169255822,32.64598589943282,25.494132373957186,1014.2680569107146,2204.622485123143,0.3543583697752351
2008,7,周口市,0.7801351087476688,0.5874908221513541,2.80627527104457,0.7176588060422705,30.442452723364028,25.81700434707476,508.1257238176569,2820.696390948795,0.3815120260141091
2008,8,周口市,0.7500213516732673,0.5581359278104696,2.140532060547775,0.6505673850167651,25.23327309924635,23.25993603268461,580.919482825259,2798.1653152858985,0.3540418973780813
2008,9,周口市,0.7015254880861295,0.488758395006129,2.175884040401006,0.6596362509410791,23.842015863912977,22.864776558039114,349.5928238565612,2200.230469278799,0.361904145619951
2008,10,周口市,0.6530303793288813,0.4193808622017879,1.1351419102500353,0.5186492257342509,17.460099050781334,23.40955646117009,89.41021679884763,2732.2089970481943,0.3439829628410289
2008,11,周口市,0.5018939747992925,0.3140872106182945,0.2652940846721102,0.1368309780376134,16.018600397462247,21.020614314375067,140.7185586307519,1341.0003828956956,0.3640763217062944
2009,1,周口市,0.5623167475372314,0.422691193866714,0.8218495360367459,0.3229622155710691,22.12629544133149,29.032143772707965,539.2101661304586,3228.5302962997976,0.2420208153741653
2009,2,周口市,0.7313079006465759,0.55471741799135,2.52205278651166,0.6685828101905316,33.49120589426205,26.204917542363496,1246.9014959363064,2547.260520397913,0.3843989815628053
2009,3,周口市,0.7178692243402107,0.5630748010288461,2.555705751413315,0.630081235972351,33.64856844877394,28.46231872061622,892.6075589202968,2703.348702702436,0.3347543865548315
2009,4,周口市,0.7044290691603247,0.5714321799978027,2.470101598627945,0.5995809833594998,35.68139645902482,25.55180285211823,166.99870571817618,2804.1223565359905,0.3209008917294563
2009,5,周口市,0.747939053628315,0.5975442847699178,3.409008421730234,0.7309077705778222,36.85796552514864,25.326144775795527,298.407836118309,1730.8357415448636,0.3449755280516506
2009,6,周口市,0.7914490460827394,0.6236572242823052,3.333926987783034,0.7368960945055842,33.783708318643065,27.77415751336586,482.7427951870664,3145.4971013877544,0.2880274937694057
2009,7,周口市,0.7101822802728887,0.5394864592058265,1.9354342812703176,0.5391610403534774,27.729962039255764,26.47698096141794,384.0268514508743,2298.6096163412503,0.3647808904196824
2009,8,周口市,0.6289140791354354,0.4553149564102309,1.3276926545710512,0.4330602905686646,23.56061429579433,22.873319513386484,688.9912965299068,2387.82590465318,0.3644870487557927
2009,9,周口市,0.5285360658685604,0.3582835032677293,1.131018909776865,0.4135795207238286,15.214919719372435,22.426484633673976,53.20487887691309,1929.6351737224795,0.3150549302370595
2009,10,周口市,0.4281639775400643,0.2612585279002027,0.6657873538871972,0.2847764438138618,13.242785052174824,20.792340274065797,245.67104362830096,1412.9296190626412,0.3251487402941912
2009,11,周口市,0.4142105399362312,0.2556548989085587,0.6551183980935658,0.3412543024017627,12.038480376334569,20.18190730105344,669.6902822232004,1890.1493817881512,0.3798432982736828
2010,1,周口市,0.4465810546964822,0.3190622440013003,0.9645753708832318,0.3677709180846143,11.178776066911327,30.30673144046044,202.66805130223733,3020.614455183989,0.227724518946388
2010,2,周口市,0.5544050002315716,0.404961395463318,1.3562582001616883,0.4932246365319327,19.99423142332168,26.42338925155538,507.6668157490828,2357.326376597477,0.2599951462370639
2010,3,周口市,0.6736915539934177,0.5270500353691007,1.78973637611241,0.5084644183057117,28.662816827899984,25.93035200291793,1490.199201720974,1954.408291245205,0.3967609999383912
2010,4,周口市,0.7929815853438806,0.649142874551416,3.612231520764905,0.736191831627709,39.51445305864919,29.28613456306436,136.28394283182962,3338.2494467740257,0.3087728054421451
2010,5,周口市,0.7943230443552444,0.6402653171834339,3.667409609294343,0.7596599688775029,37.34446123053719,29.559491941742543,216.96402617554276,2915.2440138871066,0.2802160458806802
2010,6,周口市,0.7956661962513931,0.6313898470898215,3.212847903277771,0.7373404439244577,34.170569396971935,28.72678664316165,230.96354643640677,2764.9960557609456,0.2563465208070755
2010,7,周口市,0.7885402170361067,0.6180865536989892,2.429498625530662,0.6138185260322997,27.63497043599768,26.02088845948737,753.6018414626286,2265.6158446607774,0.2830275443809648
2010,8,周口市,0.7814126138911196,0.6047816292974225,2.520806271469556,0.6102654993255079,24.24529436939777,24.13097728414102,87.9906420006024,2317.468541980494,0.3108475408634684
2010,9,周口市,0.750894836472188,0.5371851382459902,2.1275531427241603,0.6490937679835606,20.6689743148292,23.245242087615814,1208.044744215265,1426.1581773719022,0.3702509913063573
2010,10,周口市,0.7203770590532461,0.4695886471945547,1.288898652210826,0.5023133219231564,24.551999710839297,25.440661274264087,34.77155703748008,2657.7617716838013,0.3360680127157424
2010,11,周口市,0.5370280790834929,0.3450245919802548,0.5377143519593476,0.2893003325833188,11.363390804429024,19.393499453694574,141.49688046930353,1831.697059048954,0.2949129226376616
2011,1,周口市,0.3972996991009914,0.2744078298242621,1.2270375747460849,0.4558463246246101,15.46096512555662,28.02467695025896,643.366449537986,2457.923483002997,0.3065584528841722
2011,2,周口市,0.4829554364779606,0.3479531515894739,0.9938466483735132,0.3611482692115907,20.08999438797929,28.016093447381262,10.036143889559142,3108.1208766809564,0.2330396500473214
2011,3,周口市,0.6101039276310316,0.4506415521041623,2.4635792938335963,0.6707607811059606,28.025605337584,30.03440063500277,84.1712391701626,3241.984946156369,0.1766319538334538
2011,4,周口市,0.7372543393598451,0.5533315064785487,2.4924079116082463,0.6236231409714771,23.200449186913765,28.810748159575684,643.3191393516181,2648.281099617672,0.2951499848801461
2011,5,周口市,0.7212345847666133,0.5567777072347674,3.462854903350661,0.7124323739011168,26.81047878683813,25.24549309014392,929.0780802969892,2039.916925396616,0.3726438263968358
2011,6,周口市,0.7052110460297316,0.5602229654352318,2.12043099410964,0.538358825768814,26.099805533344,28.6157798074453,455.52031207111867,2843.971251589237,0.3409648190997485
2011,7,周口市,0.7224477613854438,0.538266049865642,2.2694434729021253,0.5884940341495807,23.318235056454743,22.91620402058792,471.493365608473,1867.300758633502,0.3621047280744435
2011,8,周口市,0.7396825891559164,0.5163033333390512,2.5391205967482837,0.6636044062852606,19.90373965264388,25.449499028405054,296.0265493584717,2754.090221005969,0.3140010976180795
2011,9,周口市,0.6679296331994122,0.4329992589784165,0.404830928543424,0.1445242831223208,17.22227778657341,20.939993179741,451.89329883662725,1282.676119657668,0.3369708717136893
2011,10,周口市,0.5961789165291264,0.3496997307578509,1.1909191347866197,0.4871330090166486,14.474170928457882,20.10486100104073,414.2984898623156,1034.2522955264294,0.3772927720780187
2011,11,周口市,0.5585303812955086,0.3306605231614774,0.8807525522062225,0.4345756085948964,12.766403319491276,18.51430813550692,10.838034080390496,2842.548638937426,0.3254292368483298
2012,1,周口市,0.5092912010864877,0.3480294916372088,0.4415967333464645,0.1989659834765797,22.096949321071413,26.79713464474968,1149.9434369199676,2164.8836142642213,0.3942475386610392
2012,2,周口市,0.659077868386915,0.4447186490358947,1.7791253971025789,0.5469162905857509,21.76982763283487,27.66821406038643,207.40939006942807,2928.3508132137085,0.3390081253543855
2012,3,周口市,0.6907382301966241,0.5073845865292941,2.006771605674345,0.573392180070438,26.49011372079944,29.06517284449561,116.94104174525052,3209.4716737435024,0.238452252714411
2012,4,周口市,0.722399606639769,0.5700525416498856,2.9306456139381165,0.6875434717665532,31.839740607051883,31.45160193243072,118.06651632958209,3419.79802541794,0.1994104755368414
2012,5,周口市,0.695629315255529,0.5511562285433071,2.99324277764894,0.6711218154634636,31.52483837035849,28.413722999317063,203.16709291652137,2901.1446318198823,0.2444195200809042
2012,6,周口市,0.6688515109750449,0.5322515966999632,1.7938033032683491,0.4928228724283975,28.9749447894122,27.159625274600828,127.94222564983104,2258.065655496703,0.2027934706127471
2012,7,周口市,0.7273422973833646,0.5515262271453986,2.87375868622858,0.6942554778321834,25.909874641820284,24.36079192200943,695.7133656734499,2503.559448117524,0.3118651202338923
2012,8,周口市,0.7858187958266631,0.5707915859340046,3.424249604937657,0.7895322084964995,28.495632546168867,25.73615318460652,626.3560146039456,2291.534131749817,0.3497730162719153
2012,9,周口市,0.7470203740857556,0.5292894776557217,2.578648384519507,0.6889407239629816,24.00735117524668,22.933449413543844,676.5399591905647,2699.948136055568,0.3175164890984501
2012,10,周口市,0.7082277801723184,0.4877873693774495,2.385325398734495,0.7008541887968814,20.6646395024305,20.193392586878574,422.271258643798,2503.0702864102623,0.3478538835859017
2012,11,周口市,0.558784705165634,0.3879860610995522,0.9805390251414065,0.4477691056226318,12.836841384368858,22.47232090176645,70.94834231418797,2466.131868161239,0.2755510307039989
2013,1,周口市,0.5661181935971213,0.3810976480124975,1.5272953853446944,0.5284341714617035,20.065458296798894,30.5984162818084,426.80327101135583,3095.208604657395,0.2607782419104535
2013,2,周口市,0.6395889551553829,0.4559812742196264,2.009585260748499,0.5697812551667061,25.08805783919885,30.878017189935104,124.4041585819236,3246.7834881939225,0.2146692248448163
2013,3,周口市,0.7244143369786857,0.5480723655651357,2.464492294242927,0.6317256281793578,32.68463672081293,27.656003240906237,1825.9025651378013,2156.706349600678,0.3928765326251069
2013,4,周口市,0.8092331337507812,0.6401570466987186,4.183621822913907,0.8000056052027994,36.65036268268236,30.401302179532284,314.94132089039897,3377.220035385328,0.3236195255181188
2013,5,周口市,0.795150116280721,0.633738716847968,4.368080862374933,0.8290378273588749,38.83052019178512,30.81214947346461,207.5591563729678,3394.158552787175,0.2828718378399797
2013,6,周口市,0.7810678405092424,0.6273208638657622,3.5313138424050874,0.780519814322382,36.72313131213602,32.79794939809214,47.0359740523559,3495.668635745764,0.182199574887981
2013,7,周口市,0.7426187108290552,0.5640961798583884,1.7571678211644532,0.5285524420072276,29.70322298311617,27.993542610199288,863.8978553140325,2133.7531887688933,0.2384710591378433
2013,8,周口市,0.704169581148824,0.5008714958510229,2.423003840283572,0.7043467918874441,24.49876161065936,24.609920557248422,60.543153114704346,2756.2158842456706,0.316394097177069
2013,9,周口市,0.6023162394449139,0.4158857306665522,1.3398602468935157,0.5561708383269094,16.445747632941742,22.15834753596388,287.1705964644907,2211.455592719207,0.2703570911902659
2013,10,周口市,0.500462897740983,0.3308999654820823,1.1369653938098438,0.500300679393743,14.172529953170796,24.850763930434304,96.03768977154732,2798.575369608231,0.2845751767783479
2013,11,周口市,0.4219593467056125,0.2699511611626171,0.5029103380401623,0.2774511332454681,8.982492975218193,22.064277273709884,296.758524812155,2065.372561557112,0.2638198942750046
2014,1,周口市,0.5522938782851923,0.3628066311017299,1.262686018161334,0.4538169143833799,17.134154845456965,27.446907641717576,63.24043788722165,3087.9256405893984,0.180802553390817
2014,2,周口市,0.6424650131286004,0.4266039508890346,1.7049406164606529,0.5491266798578676,20.267668198063035,27.545105365226817,144.0453291426623,2970.214584006884,0.1892077341858716
2014,3,周口市,0.6777778261123468,0.4710481715509777,2.6608408602748117,0.6944057894116669,26.87006566161181,30.36720968423257,233.23424608888857,3365.4700647953537,0.2303624596061446
2014,4,周口市,0.7130906390961035,0.5154923922129336,2.292709540961357,0.5941953201336247,27.26240524959374,28.53666881900857,234.0641741648973,3021.3504626213453,0.2067744533475174
2014,5,周口市,0.718600173760192,0.5390735844747928,2.0604669417736328,0.5989953371282862,23.97545043890814,26.688916327045632,313.3175120042605,2307.4580798075376,0.2587865149142791
2014,6,周口市,0.7241097084242547,0.562654776736655,2.310499270545004,0.5948986452925551,24.592074418917534,25.602666095287503,79.58545443918597,2961.6370193689327,0.2441425069549771
2014,7,周口市,0.7297027160039945,0.5391527150772054,2.3886746250367885,0.665785130397221,22.708668184316014,26.275619084338025,172.54163727561487,2678.712599356544,0.2094449696915204
2014,8,周口市,0.7352956065907942,0.5156504760093819,2.432457385768988,0.6819166581515879,26.117734086747127,23.383689131686573,614.3550775156509,1691.6111122299174,0.2913168175051307
2014,9,周口市,0.6770918378738799,0.4526751698449207,1.141326017139422,0.3959791732746884,20.37952540244058,24.230467113059195,168.63187600605124,2504.894992398901,0.3061201228137762
2014,10,周口市,0.618891690455209,0.3897003915813845,1.3441917594275077,0.559734421732999,18.508808854698117,18.642803947828963,1773.4782833457273,536.3380504064446,0.4211057370771685
2014,11,周口市,0.5306070744379018,0.3283627741207292,0.9714353484886532,0.4222128256382071,15.714535025898376,21.59890364404223,20.123013971271867,2484.0510283423355,0.3452068321836691
2015,1,周口市,0.550094234710715,0.382453556939287,1.300046580821002,0.4519094139807315,23.84317283239397,24.77221209660284,65.51438454909639,3188.6049782829623,0.334197569108248
2015,2,周口市,0.6024060079572795,0.4201934009311852,1.737266400500684,0.5625922319057248,27.908063982529637,26.381433217058543,814.5397867802129,2625.3091050415424,0.2930617427569558
2015,3,周口市,0.6912456895287777,0.504335397846492,2.0652756673487773,0.5470154510736955,36.51024102061261,26.1256019867507,81.86054243557321,2810.18721619018,0.3442121852012625
2015,4,周口市,0.7800837512804168,0.5884761630127859,4.115006294034295,0.8086711631402563,39.38637669721084,29.34449612841516,336.2706535855234,3371.7473449759623,0.2841660346124902
2015,5,周口市,0.7818993275172965,0.6115375043875841,3.090284336724483,0.6877600461515084,35.32953708328397,27.7814281180738,422.1179013798397,2834.314349892609,0.3082350514301354
2015,6,周口市,0.7837135464599696,0.6345991485653014,3.4879473997548973,0.7443232502832902,35.72721230546576,26.564818254751227,274.8189628067792,2961.104414682177,0.2940652371235303
2015,7,周口市,0.7759891109285322,0.6104739303055332,3.2726025477002523,0.7660956409377175,34.24330919375123,24.333682167313217,373.4488754352662,2546.731081961708,0.3284673777870682
2015,8,周口市,0.7682640909971121,0.586350012159507,2.691343433945598,0.6864282393166533,27.70451223632329,24.40989043990612,132.59761646234736,3064.906174622025,0.2812334320435793
2015,9,周口市,0.7325332349532171,0.5439930682745008,2.448566817524955,0.6902410231956962,22.19134490418941,23.67968554588305,326.53251925007527,2575.1040713542257,0.2949303991745114
2015,10,周口市,0.6968023789093347,0.5016361243894764,1.7060816656273166,0.5975330516629,14.384604544166296,21.14089603115411,31.23001375661176,2514.633031299348,0.2255476630009206
2015,11,周口市,0.4939820949189623,0.3448152716094868,0.4841989617325002,0.265559175275739,8.630154476466055,23.11058159337909,156.59037930553413,2243.850025824472,0.2110029074877248
2016,1,周口市,0.4939108418936926,0.3771274074103577,1.4866794764813616,0.471010787314952,26.051577467300312,25.96490018014103,146.3975964991883,2811.144066308674,0.2705766413878737
2016,2,周口市,0.5627230447953919,0.4457432399208639,1.58440212350939,0.4643289771804619,32.241264527322244,26.67456214434115,460.0139560859909,2205.353663652076,0.2943087588941089
2016,3,周口市,0.6818749713995775,0.5600635211957395,4.02524242498421,0.7939415742252066,34.82529903321908,28.427382434164013,1831.256691607196,2651.503966018682,0.367754975027996
2016,4,周口市,0.8009656471655288,0.6743232903794133,3.699407150931262,0.7556936518951305,35.58657032831635,30.70059881612803,272.7562991718175,3355.26873511372,0.3367270591602665
2016,5,周口市,0.7696198375289409,0.6251139300955562,2.095140436083766,0.5499169921896149,36.270887008753775,26.987521611762396,719.0127418590122,2328.7926142534448,0.3738853301780495
2016,6,周口市,0.7382620239742052,0.5758840895368953,3.0790985356968066,0.6853928449531635,36.68868403669789,29.45300712049456,93.087559990754,2892.307425676717,0.3081539415588482
2016,7,周口市,0.715480432710494,0.5332663818795331,2.689493277020755,0.6811067418899069,34.06119843019486,28.301135104675875,187.21050095808368,2492.713003737309,0.2549778968938831
2016,8,周口市,0.6927025694264296,0.4906586505401547,2.5946239456428364,0.7063218431728167,25.321139393552464,24.330956378834333,11.243151170853306,3420.036281309243,0.2326187925506225
2016,9,周口市,0.5938479541392337,0.4115741130524126,1.3371348927922266,0.5052386808498827,15.849114502685689,26.930719811565474,10.891302169973011,2883.1481712724803,0.1672429069950013
2016,10,周口市,0.4949933388520399,0.3324895755646651,0.7812204465995858,0.376147792191814,9.223662136337609,25.89137228965667,12.440010826754396,2938.5873603542627,0.1580920572689112
2016,11,周口市,0.4112965808851802,0.2761674993370618,0.5064083558093168,0.2924796022199257,7.203589720255273,23.21591828358054,447.9404610836924,2328.3865404469634,0.1919724202100391
2017,1,周口市,0.52649015810658,0.3979081734786324,1.488380276043492,0.5182041147515394,22.41334210749237,28.734114167244755,793.0684431526935,3061.669046250528,0.251447824464363
2017,2,周口市,0.6074253212152595,0.4797257883938868,1.9739057392085373,0.5635864342273808,26.41471181473545,28.171223241592678,822.2819471564321,2661.9503223128227,0.3502339264687221
2017,3,周口市,0.6780854672731036,0.5564340194072044,3.5439619508948934,0.7680277409383615,37.98917609565086,30.716278821342964,143.89533751659854,3437.1464684077955,0.3141977146182537
2017,4,周口市,0.7487456133309502,0.6331422504205109,3.099429197790971,0.7050637930887729,37.814605071928455,28.62057461387512,348.4711535936874,2567.645047946803,0.2447814489397922
2017,5,周口市,0.7712257177635744,0.6352630750282232,3.6309673547527552,0.7617846899211707,37.19160280343728,28.877877897222294,1410.63851156143,2741.062829757246,0.3294739402463207
2017,6,周口市,0.7937059686819011,0.6373830408139282,2.995617679282651,0.6911782118201892,33.23911644077024,27.58246644968685,95.21603661704548,3018.754401030284,0.3141479376161613
2017,7,周口市,0.7716021927254542,0.6115071681283009,3.0406248975533434,0.7398566888483167,33.46389807180475,27.34944447025955,723.0198420635692,2514.045048829092,0.3504957520093832
2017,8,周口市,0.7494990493421192,0.5856319543871574,0.1211603357340051,0.0585801396608767,22.95902829293741,22.17377825642735,538.2968165249318,1537.4602329641166,0.3433495186972936
2017,9,周口市,0.716052870453709,0.5315972631114616,2.520570660291726,0.6891701828462911,24.50060929491376,22.035142357577843,1280.267153188577,1421.3693746501792,0.4043366126380174
2017,10,周口市,0.6826066352404,0.4775627695301177,1.5517617991855903,0.5628610077479498,16.440766935293603,23.165264881496736,37.70859966595178,3177.226649696495,0.3413874520121159
2017,11,周口市,0.5294972754935341,0.3571458591358319,0.5525020950547337,0.2703064701537217,14.19255767177882,23.592618357150947,473.7263572990971,2060.9923446656285,0.3174378980983811
2018,1,周口市,0.5874001283637804,0.4352589796802465,1.3642263801640664,0.4628773445632779,26.50005880779797,26.956743019034157,478.9622631887232,2457.150719431549,0.2954261334287482
2018,2,周口市,0.7169215858176645,0.5752434783335622,2.4245886437031747,0.6374566204796455,35.64078894519791,28.550011179332657,411.2481587567557,2623.20589849877,0.3229870703041299
2018,3,周口市,0.7399960184751614,0.5838107477666521,3.0441368196748657,0.7227895830538972,38.09539469124307,32.11989504451762,4.800230017859181,3585.4918404928103,0.1935483589995738
2018,4,周口市,0.7630697796255822,0.5923775081905427,3.568847253296078,0.7468854741209267,35.620608826580586,29.029758424934165,1526.3104495918872,2473.461627525794,0.3573019449140939
2018,5,周口市,0.7454558438877706,0.589644526522783,3.050785092079733,0.6891951906340495,31.04332743037891,29.787666561587688,198.04787249607463,3027.5916426847966,0.3367460389636182
2018,6,周口市,0.7278415499700256,0.586911160719143,1.386518435772878,0.4387091746371298,33.94569040931682,28.267349450514505,387.502211812671,2442.8176983056496,0.2892262424569233
2018,7,周口市,0.7308292586569749,0.5663453617614534,2.933436728989705,0.7412974986712682,35.542746753486945,25.548512276339785,1904.0654289495,2535.6944668694027,0.3651912054741094
2018,8,周口市,0.7338168019542953,0.5457802392312501,2.085296986881874,0.6381453826127034,26.946315714499487,27.012948662890008,188.0445179304413,2439.166174508656,0.3025625801153616
2018,9,周口市,0.680495966762868,0.4963329205355289,1.7973518897357883,0.6026487788722222,16.88913241644565,23.535415999157077,19.273107869357567,2799.2341282523603,0.2607175100852364
2018,10,周口市,0.6271751315714189,0.4468856018398094,0.472463369359092,0.2126542680577616,15.788394461067732,23.025831842783496,188.28192402530075,1689.2833556424807,0.2443206956065338
2018,11,周口市,0.5033942487441763,0.3510112695101773,0.7096330531884204,0.3657158607180462,8.569689217196284,21.18110340805328,201.01260304789696,2170.724042504081,0.3053251707566323
2019,1,周口市,0.4800133600801218,0.3561760709491495,1.2080795638314303,0.4682916841403465,14.789029045998198,27.990701388229063,5.688259097556546,3346.271230582431,0.218455248051953
2019,2,周口市,0.5385538721079323,0.4142881015678005,1.7080157524706152,0.5515486350744889,20.478765403452343,28.39150478652328,54.278902282671936,3089.4386425165158,0.1789961835388064
2019,3,周口市,0.6284783325192989,0.4785113682295204,2.405922821089824,0.6551100443065222,23.75409662484897,30.56729997401565,380.9340621030637,2886.362339729269,0.215289860118217
2019,4,周口市,0.7184099767736366,0.5427404906216776,2.7435849776232364,0.6815901726849798,28.277185815345856,30.645892373623667,876.1343531221576,2952.116214718328,0.3349129129744239
2019,5,周口市,0.7263401560661148,0.5595849243026791,2.528095816915364,0.6314905958471038,33.03253249352653,28.317213121731832,280.00648820876563,2602.532937427548,0.3235436061600214
2019,6,周口市,0.734272136235969,0.5764316178497846,3.0513129944487467,0.7453524334566475,34.0707374258418,27.45932639768673,116.52696836018026,2714.6806883588665,0.2650573920073609
2019,7,周口市,0.7204544252747032,0.5616622457750242,2.6080206858723614,0.7083718858899205,28.710593077975755,28.04933495570155,65.23736909477151,2959.658778506848,0.1859822864541953
2019,8,周口市,0.7066367143134284,0.5468928737002497,1.9168254721768123,0.5953139449403458,24.56772735711279,25.96946610154544,200.587890855634,2646.185347429687,0.2023024120128602
2019,9,周口市,0.6215430137053592,0.4566728765558824,1.7102587366093076,0.5848645900965452,18.1230662545686,26.677039429214183,20.33466341476604,3014.3400062011847,0.1687685293597205
2019,10,周口市,0.5364493130973234,0.3664528794115114,1.0026598858559002,0.4259904278524165,10.194403440123834,23.45466884979387,152.8670691402123,1673.899622859048,0.2247500254556151
2019,11,周口市,0.4188059218542292,0.290995511366567,0.6488248888961708,0.3377334199739639,4.922675795623023,22.978402508399544,0.8906534569949829,2532.6221380470743,0.191882181086152
2020,1,周口市,0.5126995724140915,0.3627081041641583,1.7108667637384292,0.5592566963700148,26.43075378558541,27.216905231739123,54.80442409236863,3193.49102993465,0.2984057605217516
2020,2,周口市,0.6146610101594273,0.4447141529227628,1.3525102517544083,0.4404627768542019,26.032418711523817,24.629802307316638,732.0509242177583,2393.3411891550327,0.3323704253817845
2020,3,周口市,0.6714753778239994,0.5264390071462633,2.827323167439144,0.679469613012672,29.221990651955306,23.708309261465004,1797.6176583008169,1944.42487112865,0.4022014741746235
2020,4,周口市,0.7282950927799321,0.6081664304570662,2.2418241097703184,0.5851777154642838,35.09223869934534,26.20896624650563,554.631681999698,2440.0005394091663,0.3890394580225369
2020,5,周口市,0.738423984156858,0.6003274194441462,2.520852188826794,0.6443210769965857,33.44453900407277,28.492610198494457,767.3565093910706,2286.7685717448107,0.3970165341787921
2020,6,周口市,0.7485512564339599,0.5924854284252318,3.009037963599709,0.7035684240290984,38.14452753699563,29.251485641401857,362.7216776987224,3051.9605946920487,0.3668802356287057
2020,7,周口市,0.7105529369742196,0.5463212485697233,2.4807432672638314,0.6667809458755592,34.244944932217585,25.62299502527197,706.310034075234,2084.3556571521885,0.3794880306877085
2020,8,周口市,0.6725661396379086,0.5001634093680145,1.952448570927954,0.6299934677220201,31.339375936611745,25.62391456980289,26.713747985188142,3333.290584655862,0.3015844988090143
2020,9,周口市,0.6341464345692623,0.465592320028054,1.994480165631825,0.6338356288464163,22.00134597301776,25.42083652375144,143.85547029533257,3022.72027457384,0.2439801539722605
2020,10,周口市,0.5957327096061827,0.4310212306880915,1.2186040193831125,0.4890614945599125,12.456116405734331,23.14078302059867,27.47154461100341,2761.3157509028497,0.2606974629390279
2020,11,周口市,0.4777338468379905,0.3375165490918957,0.5896581015998498,0.315575468274068,9.425250023172127,21.33729761170059,180.3490002408041,2103.5258902721816,0.2663327385779525
2021,1,周口市,0.5021239779862097,0.3647179717230315,1.4520219425505116,0.4997753106038867,22.411797339279588,27.025888962795182,470.54996744098605,2680.7669265226823,0.2695915083738667
2021,2,周口市,0.6179808022707218,0.4462502502171023,1.4980787087793688,0.4734476784452197,30.65452255474134,29.56000654785329,978.1226257045772,2695.4694034356166,0.2934127190180855
2021,3,周口市,0.7008834620473813,0.5460480226127065,3.0470322351060584,0.6919954953660427,29.495906877895766,26.55332347818025,1173.9682325686902,1932.2216120837572,0.4063595578408204
2021,4,周口市,0.7837889899767814,0.6458485171391766,3.5164579204426567,0.7526003437237666,38.64830228804804,27.212578151850217,1015.0730677507436,2851.4433907198486,0.3734562887850672
2021,5,周口市,0.7605389226778538,0.6220520890986356,2.674000183427999,0.6512265811543254,31.51151072976215,27.512018300761746,128.44435251941573,3052.4040264561727,0.3447089570117644
2021,6,周口市,0.7372868101344184,0.5982541855405837,2.6655431265526914,0.6551707741094379,28.23817161321835,25.39538320980564,249.4238878342704,2209.9513461253496,0.3346223640818012
2021,7,周口市,0.7049588781881994,0.5524469300017288,1.4308739891051077,0.4823034501525998,22.82989430118767,25.678873390977294,656.2675427756759,2488.607198375554,0.3604580422183853
2021,8,周口市,0.6726333862640977,0.5066414749047932,2.0720920213358984,0.5831163181176562,23.929762349970503,22.2658152191588,1065.7596256937993,1232.3919483909183,0.4118034600365506
2021,9,周口市,0.6363035286761242,0.449226420871851,1.407511112128185,0.5361530647760191,23.023765485499396,23.46523155523426,696.4933431091696,2318.76419336008,0.3858066472546113
2021,10,周口市,0.5999736710881486,0.3918113668389186,1.0959003538001275,0.4535512289687385,13.54328527503292,24.81930246427096,40.507731651512174,2804.5514485491644,0.2979357649686369
2021,11,周口市,0.4744086380918196,0.3136380683334501,0.5045212684429906,0.2833191476302071,15.582393761228888,23.75632048386478,697.2935278313245,2047.0415293899607,0.3703869015146854
2022,1,周口市,0.4920394258321266,0.3778911946210491,1.4908053525547196,0.5195550928458148,27.83715218757437,28.5679133572558,1158.0951950383544,2709.5374652662663,0.352965899681327
2022,2,周口市,0.6502843653059054,0.5141997407902588,2.01387706835668,0.5542560414214039,29.295049376818643,29.584051899622946,481.4234479489272,2584.2442536447456,0.3612490448810282
2022,3,周口市,0.7078236375088998,0.568645011186337,3.3665212244486766,0.7319133003871494,34.387313626954885,26.75581233388297,724.4257367232088,2899.21995721699,0.3542694364125485
2022,4,周口市,0.7653641768320775,0.6230898392848432,3.2414628485224246,0.7094087588546748,38.34151382094164,27.22769713107942,614.4835753092386,2651.400306528931,0.3790778037562692
2022,5,周口市,0.7485722236716396,0.6047608422734141,3.212195940312426,0.7324999183974702,37.3291317068488,30.898826732793328,31.64104008912209,3281.5879864305684,0.2642335523310209
2022,6,周口市,0.7317847238884824,0.5864289088209078,2.6664795078449472,0.678063405831817,30.95015755434042,31.2650308445537,119.90611970296312,3157.861188276574,0.2035663110664079
2022,7,周口市,0.7209226477134905,0.5663672231325492,2.703743187080514,0.7142409158706884,26.302235191278765,29.299329061760744,99.78275508431447,2781.1624364410086,0.1909272276375358
2022,8,周口市,0.7100711820475354,0.5463055374441842,2.0313829667963863,0.6350359485507138,25.379194870682102,21.685698714501594,622.6850066079887,1627.489309542921,0.343216037755428
2022,9,周口市,0.6741154377217659,0.4951683731346413,2.107059834481792,0.6450138518425331,16.885601530599338,24.749326715801004,5.184955794494594,3016.579624869478,0.2329051441177585
2022,10,周口市,0.6381633974446441,0.4440312088251023,0.9622079411978262,0.4450768727235395,10.855008725817848,24.67739966701965,4.115243167164185,2851.2489283633463,0.1769462996792216
2022,11,周口市,0.4837546163991761,0.3321236903501905,0.5540341318311481,0.2966973140723285,4.871446106821838,21.575765513086363,0.09797499409206,2606.224964209985,0.158735408270488
2023,1,周口市,0.5601803791140283,0.4019599175008641,1.776091880128196,0.5709468210869504,26.062467690525537,28.135870628788844,994.0921224341084,2853.9298182306643,0.3542331003074569
2023,2,周口市,0.675913809874062,0.4983951956534195,2.807168796846082,0.6959022741190466,30.560277255263596,29.56267618278307,539.7527041479914,3144.195472988966,0.3265347442748207
2023,3,周口市,0.7156379945073746,0.5566839184775042,2.755377830098157,0.6645671135998926,34.72581760801303,28.521890360220784,242.7138049999143,2915.892698043076,0.3024909822008763
2023,4,周口市,0.755362421264796,0.6149731027822862,3.302884478925693,0.7296468260894754,38.66216691214212,28.16593961623016,786.8257870795115,2734.7467238259133,0.3430854083867229
2023,5,周口市,0.7582164198540126,0.6157805471308461,3.2866318720814607,0.7535866357499654,35.95566038186068,29.11428283385384,219.58044070151303,3089.1859912949794,0.3266238329378563
2023,6,周口市,0.7610694048483406,0.6165871187885642,2.742481642991579,0.6696471033605187,29.615095589282323,28.765810554109507,41.29231001891625,3275.0980913570806,0.2454056145660899
2023,7,周口市,0.7418274899623294,0.5890209612531115,2.479704111203766,0.6700765828574091,25.53080770249077,27.967205506592684,513.7574755017068,2714.079759944171,0.2595970066272883
2023,8,周口市,0.7225852344347172,0.5614545871557035,2.822949757356912,0.7273740362925011,33.21627175944003,23.75862880740657,1158.2801755651888,2588.8025547770094,0.3476579893610192
2023,9,周口市,0.6577350099883984,0.4871854352322743,1.997429007621738,0.6173700319172103,23.27641641597944,26.31522870715169,15.4545539336931,3053.5271135732564,0.2367467374707643
2023,10,周口市,0.5928840290416681,0.4129154922858144,1.1006571589140286,0.4596507687307392,16.34299945494144,24.68466504126012,380.2258682409751,2292.630005242973,0.2913499341422911
2023,11,周口市,0.4650984876965237,0.3154220582414797,0.4328299081582368,0.2286130646625256,15.16607017464506,19.974909469220687,1582.2694231394669,1214.0370087094027,0.4023968625081518
2024,1,周口市,0.5207500975181698,0.3878746925710146,1.0670302322974667,0.404843723457061,25.012214757565097,27.37549576355951,1764.2836014456047,2680.504262288485,0.3754422603785136
2024,2,周口市,0.632040775023543,0.4842351486156605,2.4895910722635435,0.6288681476096017,29.168303102311608,26.16674659993457,1619.6373145295672,1839.246413506288,0.3903071912868683
2024,3,周口市,0.6853160104555485,0.5400134640688085,2.7225838110627203,0.6766333387971682,34.815729697007434,29.882982700479744,791.6016589287768,2541.9653549853924,0.3857945621548186
2024,4,周口市,0.7385928156839927,0.5957923740324669,2.5646173908355294,0.6418486941120729,38.06126221226524,29.134196714583364,329.1556957462271,2514.158507432158,0.3449717413644624
2024,5,周口市,0.7470562416372637,0.592868802654813,2.855692459079904,0.7095022767090325,37.20270000705074,29.73822065085959,762.1092159778655,2872.855312929068,0.3527977621210847
2024,6,周口市,0.7555222764483543,0.5899449695361525,2.863453473462544,0.7041232772120752,38.57054525472875,28.4528407851998,96.95321442884786,3267.3932911444635,0.3102032285754187
2024,7,周口市,0.7348360519217425,0.5540666237283801,2.57373555724934,0.6727060338288373,37.25923752984159,28.89296186186921,274.70010416801694,2957.243431256049,0.3057407324194151
2024,8,周口市,0.7141575965103766,0.5181882779206066,2.5583180736707694,0.6932854312619584,34.41471766713128,27.714256023356292,193.1563258417148,2386.2850605540166,0.2803836094864677
2024,9,周口市,0.6489855742298822,0.4695631293450665,1.4815988851682655,0.4926440808758508,25.997257289439595,27.88917232658148,28.59765491161995,2710.57855724253,0.2011860318985619
2024,10,周口市,0.5838204876060791,0.420937235763777,0.8090763877209872,0.3708915948387394,21.93031999868696,24.16112953547925,852.6065471870528,1272.1136580844102,0.2955701415405858
2024,11,周口市,0.4955158405749633,0.3472064709332838,0.8055565040363097,0.4085196289428795,12.307098773595945,21.457991164947728,69.28744642089897,2761.751557251481,0.3185290126048064
2002,1,商丘市,0.5682360335740988,0.3870768919270549,1.3363603466485745,0.5038827112674763,17.031133606121216,26.694367610144266,261.44077781198104,3262.9163813394925,0.3047237880768125
2002,2,商丘市,0.5682360335740988,0.3870768919270549,1.6953785689095413,0.5618662380709257,17.186951560216286,30.483454004133275,0.5992376649058839,3728.685804343402,0.1931985063607711
2002,3,商丘市,0.5800876571612601,0.4123200710409347,1.7020928240027424,0.5228924698531102,22.555416268485704,26.708806061350685,521.0529958528663,2590.552650351184,0.2919404729047485
2002,4,商丘市,0.591940315010847,0.4375649622506624,1.0484706366599164,0.3584007442747496,30.656110491555275,27.22072497903899,980.917994962002,2650.247877023822,0.3689888133010024
2002,5,商丘市,0.6577232202533617,0.506101139274354,2.3844286107030994,0.6297822830569693,31.59264371342636,27.234164921003707,183.40941950840872,3101.717773607716,0.2936948896193758
2002,6,商丘市,0.7234943026660678,0.5746243758790741,1.3735710220713373,0.4237325785943117,26.399319429982004,23.97279907824186,122.78198507150414,2790.831223657423,0.2199436800483513
2002,7,商丘市,0.729129436704516,0.5446853750364666,2.8542518970683544,0.7386326776820041,27.91693212290064,26.948452552858463,751.240194282887,2499.954615644136,0.2948713543721745
2002,8,商丘市,0.7347645707429634,0.5147463741938662,2.3789430197446686,0.6962817070839404,23.15506390164014,27.036057203185194,64.54025131478116,3355.1188100875265,0.2939587898750466
2002,9,商丘市,0.70726651593784,0.4776684839665057,1.7245922207741078,0.618752016325775,20.039372712473263,24.929137779852123,21.166963640645253,2809.4762203482715,0.1926300831707834
2002,10,商丘市,0.6797834976403516,0.4405905937391489,1.110311962338025,0.4448435785196773,12.945821647967778,19.73175322933091,219.46809787378547,2006.0744767547249,0.2496743544440643
2002,11,商丘市,0.5493663993125352,0.346211829437042,0.825605742379144,0.4162371449180952,10.899357919385682,20.91928796878224,179.25044119355633,2458.7225504421563,0.2701510824921521
2003,1,商丘市,0.4340372285037908,0.2798547295601141,0.832523062723583,0.3347862645309714,18.112369870206187,24.324913270680263,1581.7635415082032,2167.242719595999,0.3820019088754816
2003,2,商丘市,0.45262974840086,0.3017811649954229,0.6166593082665666,0.2601466889770568,26.01101781134653,22.41175919439741,1371.65582340916,1586.2799788019204,0.4017171151338197
2003,3,商丘市,0.5934195314623608,0.4196336171416349,2.18279508108126,0.6317491758680227,31.107543623964663,26.23513291648413,1263.5983014311305,2380.7957568098054,0.3981989817645984
2003,4,商丘市,0.7342093145238566,0.5374860692878424,2.6997901560658697,0.7008119270564072,32.78838886754237,30.58315476704828,101.12426294447329,3249.244324413632,0.3247443298370478
2003,5,商丘市,0.7202899882203045,0.5447303537102844,2.88871699280501,0.6963961794271898,26.87587848158204,27.99304140562925,444.07150813006587,2676.830693604827,0.3348862959301224
2003,6,商丘市,0.7063706619167589,0.5519746381327132,1.11284260479029,0.3860084115887822,26.236165389259654,22.48584701243969,765.4718087563251,971.6957361187192,0.3922929142662562
2003,7,商丘市,0.641805157656308,0.4958798439176908,1.9596605371693605,0.5426813088954122,29.629538702060437,25.8529099127522,846.9513409839387,2228.277686139589,0.3903326126054503
2003,8,商丘市,0.577239653395867,0.4397850497026764,0.1676842648666491,0.0811209605028324,19.48289615213496,21.016195799810024,1751.1960964499156,1435.8980871945996,0.4155588651172061
2003,9,商丘市,0.6556280484809719,0.4397292250859076,2.009584680247117,0.634696405239232,20.157520805651284,21.82421155516292,510.09121021260006,1615.8881779437816,0.4033469450498192
2003,10,商丘市,0.734027721777991,0.4396746511774985,1.1481222354309055,0.4254649757069122,21.403165245532502,24.074859723808167,253.42937965721464,2586.948271261389,0.349194588512703
2003,11,商丘市,0.6577491055025704,0.3953840434917652,1.2359077507875265,0.5341594621898363,15.66564402336778,20.619040479815546,122.79763419019712,2548.388600209449,0.3557779513419652
2004,1,商丘市,0.4512367323844943,0.3154246146282388,1.1584908067120527,0.4501248321728537,13.977213324534034,29.02993474147045,309.3457285653942,3659.67491621048,0.2266675242844478
2004,2,商丘市,0.4917670333478712,0.3611089655139157,0.8919723873178123,0.3055587018003147,23.62292799491579,25.383011774927137,1985.011333327244,2411.614975362131,0.3705954356561196
2004,3,商丘市,0.6137775929289316,0.4549148971530761,3.0280435127701346,0.7312259739732692,34.53774128229514,27.63604587850491,1503.851015769333,2747.7277408647,0.3868570949444888
2004,4,商丘市,0.7358464348154765,0.5487208287922299,2.6369653758683627,0.6474524642175006,33.49149890249582,27.978937777520105,301.2145064934862,2554.830476765839,0.3595952923410203
2004,5,商丘市,0.7444674572546113,0.5592845724514852,2.331179483588161,0.5894607271328431,34.93586555205235,27.13549249264113,849.6630364532738,2230.254362300882,0.395710485886959
2004,6,商丘市,0.7531361619285757,0.5698481905837475,2.7892865898668444,0.6965326350762284,32.432049930824995,24.250100825995748,768.6237197004666,1892.7953603141,0.3981948464821478
2004,7,商丘市,0.7300175933083579,0.5124957114679327,1.6894268032173807,0.4871394130278218,25.51178763462134,23.549669011611105,69.62316663419605,2624.6643811257945,0.3550561465895052
2004,8,商丘市,0.7069144732052627,0.4551457206774785,2.299528935307535,0.6851537704228714,25.128383507614117,23.869558301425897,624.227815026686,2399.8972176486395,0.3721248985612004
2004,9,商丘市,0.656155684260564,0.4176818148791116,1.6472305639255804,0.5722786035146685,18.768931495196952,22.1201118726801,123.72690798393276,2637.236703225455,0.333926588589744
2004,10,商丘市,0.605453519832951,0.3802179090807535,1.0695334786085713,0.4776474664139497,13.518257917918575,21.654764441186785,94.0178359914038,2685.706436423719,0.2913281788498532
2004,11,商丘市,0.5393040249461684,0.3325653175461954,0.7632645734006455,0.3779533903082846,10.07977510009545,19.32967684741472,605.2347115190172,2467.984046185864,0.3538483462297428
2005,1,商丘市,0.4477449380756024,0.2931230630326747,1.0766912183249324,0.3971729408196058,15.643943942705013,26.121503225288823,1365.3469567985242,1940.2134577770696,0.3217912578641872
2005,2,商丘市,0.5672766034852045,0.3614405388459961,1.333667868274773,0.4752442714117141,23.45074184644773,26.45571548418461,1838.652167754,2853.116557416897,0.3628633106765156
2005,3,商丘市,0.6501022254931234,0.4580072440346516,1.0839449545141793,0.3534476760467763,26.76889747207361,27.51925899409036,659.3002267909724,2431.7724319804133,0.369454151281641
2005,4,商丘市,0.7329399222387974,0.5545898510131713,3.835588871142497,0.7293882873158697,30.00763849135941,27.506897592145737,754.5642646783971,2594.1649710896354,0.3912989212725958
2005,5,商丘市,0.7615675461135665,0.5714982457020119,3.801000275116305,0.8017025773600086,38.54308461783002,25.980437437266968,975.5941304526824,2132.516326005129,0.3965040970785288
2005,6,商丘市,0.7901848864701094,0.5883997443527279,2.283688013691424,0.5959897016811057,27.859327715284728,28.175161386186687,393.0537112956549,2850.198298994981,0.3395303347171864
2005,7,商丘市,0.7722932818866688,0.5527427316364162,2.267886708363743,0.6187484437819465,24.37304794114037,21.36658048836997,354.8928714789152,1625.0272775730512,0.3652719013779633
2005,8,商丘市,0.7544015381232021,0.5170864434370389,1.784185164679556,0.5513275077719813,24.30183796436201,23.86722769489207,1219.4639705324475,2140.3314599774503,0.3740006255116305
2005,9,商丘市,0.7334413920839384,0.4808416511010928,2.355939693301987,0.6790855138373872,22.376270131749727,22.07301381860968,107.0006381813665,2941.936144393587,0.3516330505733636
2005,10,商丘市,0.7124812460446925,0.4445968587651506,1.611766999678816,0.3943074531354181,18.08761818386288,24.126733343726965,351.4879494912025,2031.7334686803808,0.3346458435714139
2005,11,商丘市,0.6083612798150431,0.3618585790592297,0.9355191349782792,0.4032151091542903,12.5603975634918,19.13725304178689,1078.2679754741082,1547.2123270357115,0.4016923527696954
2006,1,商丘市,0.4186267848669244,0.2896777844463574,0.81802118417586,0.3182052835834334,18.454553310356385,26.875540555691003,873.9440858756768,2573.8792316010963,0.3688835117889667
2006,2,商丘市,0.4967803525439678,0.3446478991508656,1.220955655858789,0.4227827355491231,25.67267132653873,28.571972322853128,281.5218873591821,2926.919218514808,0.3138609088543962
2006,3,商丘市,0.634334183147056,0.4642247798859406,2.0443079466282987,0.585819292397461,25.405740431668207,26.793677943725328,566.1782773110386,2089.1855767353977,0.3408061877508509
2006,4,商丘市,0.7718850534230961,0.5837992998991437,3.171386487396755,0.6911873587478494,27.50439292121893,26.89852925398865,642.305345385899,2470.768190576226,0.3515791911614002
2006,5,商丘市,0.7794412543803559,0.5770970821883437,2.5745604575517307,0.6111563377195949,32.73592783358987,27.12546282073911,696.3397356512316,2822.1897412065578,0.3839609550170021
2006,6,商丘市,0.7870106099467783,0.5703948644775301,3.245188489127776,0.771509907718596,32.09316388648588,28.19672690642529,147.34611194706335,2936.272541965788,0.3150063526513164
2006,7,商丘市,0.6789644955110764,0.493720477098562,1.9008137039434287,0.5148240957208264,28.135782677519536,26.00602015927433,178.00558083309548,3228.265134781077,0.2389579214001027
2006,8,商丘市,0.5709200515139901,0.4170372390995379,0.6335796143987021,0.2338159626505024,25.047026012563776,25.71866034859756,669.7734197729807,1772.661203411436,0.3575903382876257
2006,9,商丘市,0.6286968653994558,0.4156930369437117,1.6163469648598423,0.5539235980458135,19.42991129036205,19.561563964479017,211.2172477625562,2422.6842218521474,0.3471305931290838
2006,10,商丘市,0.6864906982075141,0.4143488586390425,0.949114543101944,0.4145075036617606,10.903877615311314,21.00379585691561,20.622403500256347,2844.875094140611,0.2703645944946669
2006,11,商丘市,0.5248968436908565,0.3131002092867368,0.5561121303249444,0.2985107392070604,8.710151521107402,22.70019437555928,10.485084663556805,2691.853234874068,0.2068195338391543
2007,1,商丘市,0.5098119782651047,0.320916626003365,1.3063049532542366,0.4595611493994779,22.24602498105617,24.889098196027003,2606.171026105288,1922.6526331387856,0.394805913364406
2007,2,商丘市,0.5626301763974448,0.38293881047548,1.413265534382323,0.4368440409638948,27.34775254576969,26.34287001608941,518.3014999751748,2744.9718058929925,0.3727458468210629
2007,3,商丘市,0.6806890774460527,0.471996097365121,2.6401547158606924,0.6565388968038932,28.559036403900752,24.53624491924844,520.6739053971901,1934.802567298888,0.3914473697613078
2007,4,商丘市,0.7987407019388126,0.5610477070865552,3.1100651123089817,0.7341509109214118,33.43150023025552,28.42544019904098,488.2165601778728,3083.834137986701,0.3573073875930066
2007,5,商丘市,0.8141054074007165,0.603264511892626,4.058424079602166,0.8051619001498603,32.58723853829012,26.974767916885583,1470.726162583812,2114.373204871494,0.3989422836069363
2007,6,商丘市,0.8294701128626252,0.6454813166986861,3.233850908354331,0.6939809323686837,34.750301612769405,25.35508268779333,838.4660764431152,2244.080399444182,0.3921119239851079
2007,7,商丘市,0.7509020345424592,0.5638866672413275,2.4037971280011146,0.5821512448306938,34.3792857705741,27.603192052677656,256.13590528384555,2462.074437861323,0.3719248344497008
2007,8,商丘市,0.6723275475233632,0.4822866174019529,2.0716218779908298,0.5743579074958853,24.663357420742503,24.1650284977161,589.2916310865755,2104.813122753495,0.3650280795213284
2007,9,商丘市,0.6054288794822567,0.4020422305892633,2.071041415875305,0.6479289802067125,20.895806845103344,22.14136867459836,114.17760088712345,2812.128977243164,0.341138632774313
2007,10,商丘市,0.5385465247024465,0.3218068404513315,1.3161136428685976,0.538413632570634,14.237298774412212,23.169357740847342,41.22862867162583,2598.0802777500435,0.2791235930463526
2007,11,商丘市,0.4817189140389494,0.2967976978204172,0.709990632825944,0.3613028139706996,10.636523941238629,23.013253950339376,57.53601191304364,2787.871748308361,0.2381924792201261
2008,1,商丘市,0.5233102602911794,0.3408205409663722,0.8296674364880805,0.3225534234802079,20.72567905551048,26.375635624575377,997.0938629660338,2290.765130285698,0.3522062916199831
2008,2,商丘市,0.5935132642158042,0.40066059623817,1.6327274164523895,0.4898738805226782,28.53366910415316,26.99056248729506,814.5135297792749,2547.415154520369,0.3783610378640313
2008,3,商丘市,0.6335133019755962,0.4657520603957861,1.909523505909074,0.5093930075628037,32.05469000904356,24.27468617021092,2024.9169346637489,1715.8412244241388,0.3895212561795011
2008,4,商丘市,0.6735143950385021,0.5308484775771288,2.924380570234213,0.660524646397573,36.91873466011607,26.699319845450614,734.7967482901311,2257.8929492928805,0.3981332381154355
2008,5,商丘市,0.7396322686541327,0.5684159314869108,2.900690025730349,0.6760855116280187,32.10570523526746,27.22281900536844,125.28998812947049,3345.945555971743,0.3501385988171944
2008,6,商丘市,0.8057400385031127,0.6059770735532933,3.865682586482676,0.7969384083632832,30.95760552223216,25.461088541180597,772.419119823712,2219.755725439613,0.3560264059408522
2008,7,商丘市,0.7872574497075608,0.5851917309325602,3.1625616061932367,0.7471022389811667,29.28498603896263,25.41874926773793,510.44304304556886,2884.0494859926644,0.3779844148984571
2008,8,商丘市,0.768774890836278,0.5644066631635942,2.31601659449732,0.6745969940070529,25.10266535650513,23.286702249851025,614.6706490602163,2773.5587360014515,0.3462486671459054
2008,9,商丘市,0.7195236219217693,0.5092087899609112,2.1979458948486057,0.6674254906514067,23.25123253697077,23.02292717447563,274.56446249955474,2497.9298204321058,0.3380566879899044
2008,10,商丘市,0.6703480603687592,0.4540109167582431,1.2110982445830032,0.5396122051797472,17.53443340715229,23.26510861389584,80.92243567889162,2720.845209338852,0.3207594460057608
2008,11,商丘市,0.5131955959878141,0.3391453429455968,0.3225352219247854,0.1687364165567173,14.31542619442152,20.872691866362096,175.9167546851489,1297.3705026735345,0.3517783923096853
2009,1,商丘市,0.5257772355261804,0.3728561939031845,0.9384100291349085,0.3685476107840875,18.493810368849665,29.13865844018997,421.7416179046281,3266.770749224421,0.2130588403756928
2009,2,商丘市,0.6268517871176692,0.4599549917977248,2.4079921101373776,0.6707851605461865,29.323558937205437,26.100645650835364,1521.0785468873364,2492.960796899992,0.36796207368221
2009,3,商丘市,0.6713357874784194,0.502015221820886,2.8672472988845934,0.6745614441461298,31.447872089169028,27.88998153144232,464.32148302266233,2589.9392337443937,0.3108903867668343
2009,4,商丘市,0.7158237208278145,0.5440790032159568,2.02009837243398,0.5252949457323709,32.5604383212335,25.59282614698153,93.363585229334,2886.421140274359,0.2803551752453523
2009,5,商丘市,0.7530137729518894,0.5740928413246045,3.287956104714352,0.7271909836127433,34.92532133460433,25.510032503647142,288.80358167767474,1850.9326422703411,0.2869788723746248
2009,6,商丘市,0.7902004666861009,0.6041030803856371,3.201745146198291,0.7392594749396868,33.82323986018437,27.87580875567684,479.2887870843385,3057.1890879582666,0.2460881383095629
2009,7,商丘市,0.7708689459002116,0.558511200287324,2.2822878334335885,0.6115703341921545,28.196220887291854,26.371628431091217,350.5800444655057,2071.955740277804,0.3374910453165526
2009,8,商丘市,0.7515577527197217,0.5129145611299726,2.3243663011751083,0.6567345027665982,24.36773916648374,22.610680837205045,456.6007799580116,2551.026319798349,0.33042706250657
2009,9,商丘市,0.6384782411088382,0.4152835990828923,1.0870002009361948,0.3809795052085428,15.652606719952892,22.512246170630707,48.10565901548617,1829.386577800141,0.2801600647910566
2009,10,商丘市,0.5254234200956824,0.3176591046598161,0.6535167746201446,0.2839108116159395,12.775776787660114,20.304620209166732,207.5831503210242,1300.3120322453162,0.2848942226165817
2009,11,商丘市,0.510963635707689,0.3154108939197409,0.9259801497405888,0.4400337356296769,11.135439256923902,20.1183232677287,1130.1918528242254,1964.077985953572,0.3609975977063042
2010,1,商丘市,0.4605910360368912,0.3149186320380228,1.0273830555490893,0.3942680253282367,9.61848555351886,30.171998155737143,304.2357734284915,3062.8194281291644,0.2313805548988689
2010,2,商丘市,0.5608441619372797,0.3839557557380792,1.3841741021506715,0.5009454936999068,17.202909715235787,26.746946823890468,393.76054458685127,2727.0871376545183,0.2343827765849623
2010,3,商丘市,0.648107503046134,0.4816030634730112,1.636592012584498,0.4576566071756441,27.35326571924364,26.149582193898365,1366.2121694957295,2120.184988641005,0.3773255553564505
2010,4,商丘市,0.7353807450116887,0.5792638434087458,2.9822677378746483,0.6665116612410101,33.15281102881921,29.296969343719493,126.34876489036884,3222.831112008756,0.2748013664445322
2010,5,商丘市,0.7672531834668804,0.58768799700789,3.3354728768710187,0.7170261898627628,34.14048344943902,29.21954155128096,365.9819952657614,2871.3709251691207,0.2801237981678108
2010,6,商丘市,0.7991195908510901,0.5961102242722073,3.183077912679607,0.7408528238063526,31.971949406272287,28.524705217343424,165.34036409434407,2813.529489514246,0.2689620180443157
2010,7,商丘市,0.7828796225631808,0.5833820216208033,2.4484867240562527,0.6165170550547234,25.279537919874347,25.890744107603773,756.3777076493669,2169.255469683548,0.2879933125754561
2010,8,商丘市,0.7666377548030439,0.5706524203868577,2.2553384962771013,0.5746240365916652,23.23244036469421,23.943366587372104,193.6697928670652,2304.806588608039,0.3296307114045739
2010,9,商丘市,0.7084409062939058,0.4921101774147168,1.861651162800216,0.614763566794733,20.565823095011517,23.43445712393133,1735.7371788723017,1417.3756566645854,0.3784457220590179
2010,10,商丘市,0.6502461106535459,0.4135702906088214,1.3640199771518566,0.5429588108105904,21.113382200386685,24.90898914355879,13.43249393781204,2817.259617378721,0.3303968566508269
2010,11,商丘市,0.5357119101533266,0.3524521097998089,0.7133361386559826,0.3761869597888775,10.855869582264486,19.37455341781746,119.74163475303617,1971.8085720237505,0.2878599533614425
2011,1,商丘市,0.3868082057382657,0.2595704808444489,0.9391757543934052,0.383855922858991,12.623675608027174,27.549805569691568,717.9997612312246,2312.447159479089,0.2928414009442419
2011,2,商丘市,0.4356383594336165,0.3060503411257588,0.8064236789422092,0.3128778390817881,15.896326202732975,27.582227483469445,4.056784712004782,3100.807537501267,0.2242178530265299
2011,3,商丘市,0.5543257835923577,0.4044358156787034,2.094821047171105,0.6052960164005496,22.311573804600293,28.94505733940876,195.11584716245224,3045.5581991625927,0.1800598499392245
2011,4,商丘市,0.673017832317677,0.502825108633779,1.7808624213030222,0.5135108660018863,21.07385657647122,28.26023873592268,649.9710746844788,2552.1168474611204,0.3080744697217663
2011,5,商丘市,0.6784875278974801,0.5145147124424053,2.8604390201167296,0.6355793602617387,25.14798449707866,25.359866241953416,1116.371906384641,2068.879528440493,0.3717666808833908
2011,6,商丘市,0.6839671035932265,0.5262084729291964,2.316167884063024,0.5740078019179456,24.5223870176723,28.18083780375936,345.1155740260047,2653.317919333953,0.3320249311085077
2011,7,商丘市,0.7138637984071443,0.5271414416106063,1.9422105415892532,0.5071422433772024,21.73011716359936,22.987531146342988,618.0104219616073,1847.224923474352,0.3643231803462121
2011,8,商丘市,0.7437512271612989,0.5280683977255124,3.0891928477406907,0.7268962493354107,19.804540590061325,24.961553441463945,591.0377203661325,2463.67222042607,0.3471232749677833
2011,9,商丘市,0.698114139404598,0.4618717584893005,0.5360899540405303,0.1635482042855084,16.081168102466457,21.042806664583168,169.3793060006514,1274.0953895598684,0.31230807975566
2011,10,商丘市,0.6525323945988327,0.3956820934309788,1.5508315324462136,0.6015371014402673,14.800451231208704,20.13059235583444,599.3612246078196,1016.4283643909448,0.3740485813990812
2011,11,商丘市,0.6150969307816068,0.3691581883992652,1.1026763245007123,0.51087559212535,14.395677594779189,18.49566494582439,9.386931169063216,2991.8164914161944,0.3285412884694428
2012,1,商丘市,0.4824433122508943,0.3151922925355498,0.5414380259161338,0.2337550372095622,20.621627180953904,26.684806754250825,1181.786424967615,2372.931026721188,0.3501104575809543
2012,2,商丘市,0.588850486935211,0.3767571162905418,1.678719063167686,0.5308212203236,19.67574045317861,27.46481368594114,309.8762637041444,2965.16054636815,0.3493306020094781
2012,3,商丘市,0.6470176838860155,0.4543755602351971,1.9141809909113667,0.5424950988480974,24.04713403045641,28.836089050885683,180.3268081213841,3268.1748785372497,0.2553357083083757
2012,4,商丘市,0.7051901467446413,0.5320020894751123,2.874855479830059,0.6781093424425735,30.247364131896123,30.848717937190116,148.88388769831104,3310.167767287485,0.2106129246996702
2012,5,商丘市,0.7023916932661528,0.535314079455306,2.677739880762918,0.6430195968457563,30.89234124807555,28.283652008521678,162.70909294391626,2916.373116058749,0.2185934511697592
2012,6,商丘市,0.699593756448806,0.5386249010805495,1.9766428251377748,0.5367092421524652,29.501268716971413,26.53855819842593,152.2935957567209,2160.676707741912,0.2075258070818701
2012,7,商丘市,0.738389441831023,0.5530785315165445,2.607858147565516,0.6681309065531611,26.467712339468697,24.1141897008282,954.0382546408114,2415.621526856362,0.3222498747374578
2012,8,商丘市,0.7771827645526858,0.5675328127653055,3.299016625643581,0.7694952315475436,28.06283600987516,25.79410577571609,490.4086947759983,2360.4649162499377,0.3420598521717756
2012,9,商丘市,0.747509536137792,0.5341756485064626,2.6293766433100854,0.7064829717902047,23.224538339321864,22.385587022259674,363.2487110454243,2674.8745950531315,0.304565524028528
2012,10,商丘市,0.7178653166187599,0.5008184842476141,2.506195362266528,0.7069204042832323,21.248564745911924,19.93599978040482,412.4982354875372,2488.609930882882,0.3244979211301946
2012,11,商丘市,0.5956970392157183,0.4158875362854,1.1338242081253136,0.4872624315559636,13.95916186649033,22.0675987924016,149.50233590207907,2446.0795520200177,0.2819679577951515
2013,1,商丘市,0.5257265197937236,0.3459249799037037,1.4928747518189376,0.5060518729762941,20.274386014519003,29.62562401344952,632.678672095275,2809.7904964408176,0.3025838850497694
2013,2,商丘市,0.592053571608361,0.4060319996263337,1.5164603606693838,0.4533031651639564,25.618654315954156,29.95656672081629,147.30281923748962,3098.023718945372,0.2327907238911421
2013,3,商丘市,0.6839476891334664,0.5123714612388274,2.161980749127282,0.5840201540976913,31.000794837574293,27.33109933197493,1608.5948630315709,2070.0443220944608,0.386993750782369
2013,4,商丘市,0.7758353827323909,0.6187028574122787,4.0147244078278295,0.7921571698727314,33.96654169294278,30.098221436507743,518.3762679986381,3197.700358449209,0.3251886693422701
2013,5,商丘市,0.7849654819775602,0.6065008367667931,3.991039341798018,0.813955838533181,37.28662937987291,30.42753190941665,191.18147224403245,3345.694101254982,0.29442605798077
2013,6,商丘市,0.7940957165269218,0.5943017278343427,3.585209834842343,0.785752545540106,34.25265390335122,31.985150981040395,27.331094678753768,3472.174837939328,0.1974674797000375
2013,7,商丘市,0.7608895299664603,0.5606799221587367,2.253594671795099,0.6272990446554377,31.6619637378696,27.523148848548946,999.6207887027292,2344.686074615351,0.218404125134963
2013,8,商丘市,0.7277028699258465,0.5270581164831335,2.634982133077514,0.7257253391096455,26.17368201608418,24.52733598723829,67.6220535705455,2984.7333559182293,0.2898485562928151
2013,9,商丘市,0.6188892514548506,0.4346489066158387,1.1888919794104238,0.4438006684794098,17.022193321111295,22.66502269434801,188.9630391829342,2372.026671273056,0.234185941932309
2013,10,商丘市,0.5101010913258499,0.3422396967485514,1.1615757487311904,0.4977689033797818,13.78920020141284,24.806182156957053,134.74298321118195,2830.1890108349085,0.2517070248039119
2013,11,商丘市,0.4213629037568898,0.2729544596231976,0.512371985883819,0.2843232683676653,8.007411262497701,21.88515876863068,319.36375966293264,1988.4416095022484,0.2445230387819162
2014,1,商丘市,0.5104956534269608,0.3487476262080199,1.5142276302829771,0.5199112319060508,16.819763484636997,27.60355669716937,76.92944497552264,3141.8930616154817,0.1710882650791052
2014,2,商丘市,0.5802407366467461,0.3964312390465825,1.5347531066633764,0.5089289503116792,19.73577086651512,27.646562665823968,195.5861590082043,2986.4279464750475,0.1802919793562649
2014,3,商丘市,0.6429232009324765,0.444725645934996,2.6190651932349227,0.6753137987607993,27.430342012661058,30.05614942637721,339.7358511138914,3274.4003071265383,0.2186580995873748
2014,4,商丘市,0.705605239650782,0.4930196531890967,2.7384299174423057,0.6693621300463982,31.249756040184582,27.558634969345366,350.98509862709983,2831.8072824711176,0.2264838680082045
2014,5,商丘市,0.7134928574099506,0.5221717416153616,1.8051690380032703,0.5155336265392719,26.942024732712564,26.248805923484625,413.6787657791006,2265.1955702945224,0.2792516261751852
2014,6,商丘市,0.7213824353256384,0.5513281220882912,2.3594734185398893,0.6137675620335348,27.83383448363516,25.221214886055638,91.64861499319196,2975.285774464301,0.2588340603787542
2014,7,商丘市,0.7284613176606798,0.5377976649913164,2.7613161175513325,0.7181389879866504,23.8832967739727,25.693701256544447,184.94694485899765,2694.652051651622,0.2260612015357731
2014,8,商丘市,0.7355815360087222,0.5242688106558357,2.4220996011215274,0.6722742000103263,25.277708864608364,23.746627632537123,422.3128020505912,2162.3848111757115,0.258442539083176
2014,9,商丘市,0.6690027132837706,0.4609490944177291,0.5458323466897994,0.2171749630843268,20.61784496492366,24.061817629411784,216.1897089693708,2402.778148710039,0.2928699555006697
2014,10,商丘市,0.602479061645703,0.3976293781796157,1.3741725886293068,0.5614465588056711,16.80964370658267,18.725620604013823,1293.310782382607,570.3836452999037,0.3919941750690882
2014,11,商丘市,0.557093089544163,0.3523645259102228,0.996178828888824,0.4518787955467224,13.168559902227983,21.463365293292096,45.31071865200709,2460.0040008679853,0.3309293971046997
2015,1,商丘市,0.5537116074467338,0.3860668116846881,1.14216564234644,0.4049467558606265,20.18213312800957,24.904365916250875,81.80461794829412,3122.6933221460977,0.3117641105166926
2015,2,商丘市,0.6084089999370235,0.4275643274649627,1.8162140326792284,0.5813994449066321,25.57516384150963,26.585278264465494,876.5671634415521,2610.9211953372683,0.2607228949318952
2015,3,商丘市,0.6871331124872638,0.507768040512255,2.116726770532257,0.5486471516462402,32.518224350419054,26.14204806617821,129.93663848908756,2753.585597106808,0.3276457142918329
2015,4,商丘市,0.765862728296333,0.5879717535595667,3.911103414135359,0.7874157435818964,35.991257682285905,29.127983411379716,438.0959535108675,3240.0296539947967,0.2821974047786776
2015,5,商丘市,0.7788501198504858,0.6083205688261177,2.966606260722852,0.6693326463930076,32.993260570507,27.56593727338681,480.6783036374298,2677.9989414133647,0.3167470702033525
2015,6,商丘市,0.7918385785347757,0.6286692845451146,3.3518789826596223,0.7313309203803907,32.96791933514283,26.40256416082039,216.49272580044644,2911.713207761956,0.2936345304216551
2015,7,商丘市,0.7790491940049381,0.6084777119878176,2.7970350956091723,0.7205121497283727,32.250384500989554,24.44131659085949,293.01028289604346,2560.116259649784,0.3044574449895547
2015,8,商丘市,0.7662602382007161,0.5882870689314271,2.459322015572535,0.6518806696071718,28.20849949989002,24.199093674745257,150.57279256328192,2826.3759690520583,0.2486513812757491
2015,9,商丘市,0.7307328498081822,0.5472520096984735,2.4190483941455247,0.6940186691222643,23.07156899024699,23.49327950253784,331.63427171532646,2482.827731548151,0.2842024852114564
2015,10,商丘市,0.6952695957989717,0.5062271805057813,1.6052801051678822,0.5852214405262094,15.086961976974116,21.112356450767805,33.79705029401815,2532.461299868319,0.2117326758165967
2015,11,商丘市,0.499551675403231,0.35478314608517,0.5485994375002938,0.2964495746058631,8.756871591502938,23.25902559444545,61.49625337907479,2331.9745873827383,0.175314494637438
2016,1,商丘市,0.4702062716499289,0.3371949787973878,1.2312469047941674,0.42042867123603,21.59074347339326,25.99185041831915,163.5496972194713,2681.6040762871007,0.2530557218162385
2016,2,商丘市,0.5253449447261258,0.3997524222750195,1.274110921580528,0.3940767741853363,29.68368182053714,26.24493527216682,696.7559066329361,2068.969899089332,0.3044329646524203
2016,3,商丘市,0.6599690316424649,0.5190326356020803,3.658223804423288,0.7611518730173732,34.59394417149394,28.30172735075718,1845.3442081811825,2569.4221020402533,0.3656271486062302
2016,4,商丘市,0.7945638404224737,0.6382663666154323,3.679776639368332,0.7642080110110648,33.371036137957894,30.4045425066512,229.2522993025156,3261.2617540310143,0.3147401266822676
2016,5,商丘市,0.7603784731737044,0.6020662220370552,2.028172497399659,0.5183093446754202,33.99834774021595,26.901281457209485,727.9308615738984,2202.8095877287483,0.3699332947536199
2016,6,商丘市,0.7261971111042163,0.5658379918784467,2.870844364823646,0.6691500650036148,32.13478876781252,29.27669269591895,125.4607395994759,2799.361113335257,0.3003429138466997
2016,7,商丘市,0.7170843748174726,0.5358954324771188,2.852531646448316,0.7046701527515054,30.828807630222048,27.95716358013492,224.33052272619236,2427.909471792173,0.2723981958404841
2016,8,商丘市,0.708003870216923,0.5059573857246688,2.626310678474661,0.712999731414033,25.950103997457905,24.179727266840743,8.33748402874644,3515.317733692531,0.2138796600006282
2016,9,商丘市,0.5631730920444963,0.3892204369238909,1.5758341304200152,0.542609388184457,17.907265730976523,26.703105957452635,38.18562146441848,2844.6046593201486,0.1575218160911313
2016,10,商丘市,0.4183940218123849,0.2724834881231125,0.8290547819832871,0.3946507675172168,11.64813081665089,25.45578166986366,33.781599542091364,2822.796428387131,0.1503001357751628
2016,11,商丘市,0.3809272577034828,0.2475592595958129,0.5241337299810189,0.2993889098519706,8.062071857445504,23.001038335708603,517.9126772943544,2342.894355157633,0.1706402714304333
2017,1,商丘市,0.5127755523689259,0.389134222384079,1.5026524769104903,0.5173701684263509,20.587310188457703,28.72826526004592,863.6002189452354,3031.411061501594,0.2411811628494493
2017,2,商丘市,0.5796358100637254,0.4591401445042924,1.5796736901994974,0.5035824371228609,23.85989403338935,28.08850523925789,870.8344448637004,2723.394501383899,0.3327052076958969
2017,3,商丘市,0.6632637101952213,0.5274299686752827,3.138256985753416,0.726481118259392,34.29954725526207,30.73148752572494,229.8798482534977,3360.0165333792206,0.2998150874560364
2017,4,商丘市,0.7469257827886417,0.5957197928462766,2.9539493022954733,0.6817913992220888,35.476793331866865,28.42208904566317,397.3242194171677,2464.10337873277,0.2444348608677192
2017,5,商丘市,0.7639200173486118,0.6122343440079838,3.574303817829782,0.7551216711011949,35.07046849991428,28.91009896596928,772.7956678831572,2783.780908360486,0.317056393116059
2017,6,商丘市,0.7809198517376402,0.6287479334537479,2.904350240760755,0.6873481006559181,31.861479494512704,27.6497581422926,129.34575298457875,2995.932725982259,0.2890077301201277
2017,7,商丘市,0.769023981641133,0.6000688555272524,2.9905738122802967,0.7242299092655528,31.56236215198891,27.301704843278557,746.3159397280143,2418.907105939385,0.3345331740305496
2017,8,商丘市,0.7571280819081452,0.5713905728202947,0.8267410573833631,0.2990887364001361,22.064825252865884,22.287537675771475,385.6371262507077,1661.155901199805,0.313649648555568
2017,9,商丘市,0.7255631103655663,0.5286417782622411,2.702372263326758,0.7170870548878844,24.50147889418479,22.153218699438725,1313.967384916738,1413.7293690110723,0.3895336541733015
2017,10,商丘市,0.6940496746855213,0.4858929837041906,1.5838144917525374,0.5721439077423259,16.22640376817971,23.109125228590734,37.74730929889447,3204.909580035465,0.3249097516094832
2017,11,商丘市,0.5580504427308187,0.3775127976721465,0.6754361452860743,0.350015052312652,11.683409496711596,23.78720436161128,397.9659712714047,2129.093769481048,0.2912734764931796
2018,1,商丘市,0.5096282486458946,0.3615565571194076,1.2510759873536736,0.4366687786750992,24.22252983109713,26.77745775014136,629.6651062213233,2565.201765940391,0.2781573517751591
2018,2,商丘市,0.6174034800129024,0.4677639736508868,1.9188912311549615,0.5581734319858123,30.25531527266532,28.66356543057005,318.4224407961065,2632.647604784959,0.2881301752538498
2018,3,商丘市,0.6668773776925622,0.5058565533574769,2.6229531246943227,0.6707041360269729,31.66986680159398,31.75461394386777,7.646875550779561,3410.16688938512,0.1721846459436789
2018,4,商丘市,0.7163534625051174,0.5439453134798607,3.165201816170974,0.708242888947592,32.466160338294735,29.09366157269409,1063.317173664784,2559.674828315465,0.3306865190759507
2018,5,商丘市,0.720359068780986,0.5653008802279631,2.790114203112266,0.6620828538447497,28.5472720666809,29.923688350690544,206.61069646851035,2970.924367130493,0.3022866835569239
2018,6,商丘市,0.7243779110111139,0.5866617616609855,1.3730766983039846,0.4187253108178579,30.51689973845641,28.161051091320733,589.9921758363075,2323.0705886255405,0.3003485438310605
2018,7,商丘市,0.7298942728093377,0.569854504789866,2.979629698170377,0.7505759813805477,32.52283604116286,25.68356561832328,1482.827565745636,2495.197438881824,0.3546114342140014
2018,8,商丘市,0.7354343471383902,0.5530465926476954,2.374188355372548,0.681425120023473,25.86802094106717,27.03008281963555,241.2960196615907,2509.35283062331,0.2928779347668885
2018,9,商丘市,0.6957997781584896,0.5060842642368989,1.8570485896263311,0.621449204584087,20.07349978049904,23.70749137910457,13.47106022272492,2860.359680217272,0.2357645212466921
2018,10,商丘市,0.6562660060211147,0.4591219358261056,0.8108938302428643,0.345113980121423,15.436478144264376,23.077247166841445,190.538929484977,1810.6868914784168,0.215761384166475
2018,11,商丘市,0.5448185627704425,0.3760216590888589,0.8827014601773616,0.4343592384013695,8.152664836352,20.889927934279395,181.81094185239323,2213.628954391319,0.285120008588697
2019,1,商丘市,0.4920601311714126,0.356546053701148,1.231321724482121,0.4731205966790212,13.219122784580293,27.83749840654332,47.09629445754954,3283.810020654389,0.1950254454118103
2019,2,商丘市,0.5908405402947219,0.4399878703042508,1.76283628460214,0.5777448616381872,18.43863858619947,28.095976129790916,73.50442577385478,3124.232097300071,0.1743402326618226
2019,3,商丘市,0.6556040310261005,0.4874766743618218,2.0358104912544213,0.5945041485363516,19.53393431204344,30.936311576137957,273.3094581352238,3030.197498149191,0.1697392527644572
2019,4,商丘市,0.7203825075113781,0.5349655788012994,2.707171721360686,0.6630594252736616,26.023367018161597,29.75927049029208,1083.7710482759614,2708.926837926989,0.3555256722236667
2019,5,商丘市,0.7337274525216488,0.5567182432212882,2.446799549576516,0.6109007878269261,32.02737544230129,27.657397106580063,457.4117609905361,2526.9026934665408,0.3614005129906179
2019,6,商丘市,0.7470747811575241,0.5784704422630347,3.446694326508329,0.774345632351126,36.56646088729261,25.93835002053875,679.5668204198848,2511.256216272689,0.3450266745778004
2019,7,商丘市,0.7449153089743233,0.5683540055010515,2.7688317470882398,0.7054866852844738,28.19334682799221,26.311274115145466,49.32124074743588,3141.8045507682,0.2283009890556139
2019,8,商丘市,0.7429134276718932,0.558237568739064,2.682255029066197,0.7045647218455608,27.51540231820327,25.117029551084485,144.64236918444388,2742.238457836232,0.212719560321305
2019,9,商丘市,0.6811800242602155,0.4965532751765146,2.175656289220823,0.6543946998872582,22.712176918677525,25.63206728071684,26.930407208925395,3032.3437873066014,0.1730972723362071
2019,10,商丘市,0.6195832720524354,0.4348689816139639,1.4723719675048368,0.598819599618167,13.087784613429534,23.01399634951577,177.57214960692983,1677.625743167978,0.2228685844226014
2019,11,商丘市,0.4982576313861216,0.3467109503410572,1.0201422393297832,0.4530914723914999,8.517289552443263,22.395951678222684,1.1063486653582382,2585.124616802391,0.1795662741606966
2020,1,商丘市,0.5020822066814237,0.3332216455202758,1.398786586435424,0.5127008851528979,20.3041756750021,27.054167042340843,62.57395972048306,3139.990231484745,0.2638298637806805
2020,2,商丘市,0.5702332163212653,0.3865783948307937,1.0690113948935966,0.3782057233082485,25.907060806139867,24.76247057815812,602.8315110007069,2407.07617142673,0.2978827040205056
2020,3,商丘市,0.6554499978011402,0.4925955341971736,2.863771046788962,0.6917999618306074,28.994870338051644,23.90522938476699,1781.7904137281896,2072.0670339463068,0.3782587801930911
2020,4,商丘市,0.7406667792810036,0.5986126735635527,2.564180888263365,0.6359341307544509,32.6085899929113,25.90692862412426,614.4765053450018,2325.030068790045,0.367151117248865
2020,5,商丘市,0.7421172582131753,0.5897489757143171,2.3030749646271604,0.6050720172002305,31.23715994035839,28.05169345061448,910.609534796937,2131.956129220823,0.3978184902746958
2020,6,商丘市,0.7435706374604839,0.5808862159383729,2.6438613727871405,0.6722635230471182,35.91918256703586,29.082318542800504,337.89509723168965,2968.825601611442,0.3611102795791652
2020,7,商丘市,0.712348643737724,0.5488082351761725,2.312234178408557,0.6499996102306504,33.17005069345655,25.731042684271177,557.6932899072413,2171.6681813055625,0.3674627090562542
2020,8,商丘市,0.6814005270902028,0.5168147496147607,1.9806069840299731,0.6277356974141827,31.1935743267092,25.55768367342445,40.86840972220765,3074.421251767704,0.2957949183234235
2020,9,商丘市,0.6606154763920216,0.4915655711194948,2.144773568040456,0.6580564395835546,22.65360474786716,25.268058930855357,224.95139418199776,3106.828607886345,0.2299936367415616
2020,10,商丘市,0.6401155208514625,0.4664003254818918,1.3603752727334002,0.5381624361291096,13.659750905136088,23.05046410412621,40.5765291581311,2713.969104878767,0.2510096174710394
2020,11,商丘市,0.5003760872772075,0.3564637048231431,0.5984061726954755,0.3225333754327909,9.157454511500625,21.848337760637484,80.91068153997685,2338.862111633539,0.217303428695273
2021,1,商丘市,0.469576007906039,0.3348178970629669,1.2295434102493206,0.4450195399884626,20.286507912297253,27.710543855065048,210.16515220920644,2878.67915644754,0.219128528799013
2021,2,商丘市,0.5659948821979959,0.4095393523847733,1.3616338514479769,0.4498799318706972,29.925741164967157,29.61334896374928,971.865501875794,2650.6307891652405,0.283028474543642
2021,3,商丘市,0.6623740828791465,0.5153322235893336,2.3050355935599054,0.6049519109443653,29.59823437999612,26.681735156640528,749.0819644118887,1964.0443742296984,0.3826538681866036
2021,4,商丘市,0.7587929109554243,0.6211299441434328,3.3545967261445098,0.7358123428299874,37.17534216616618,26.80229363511975,2302.42244033701,2571.480848294841,0.3634263137356083
2021,5,商丘市,0.7624341725706572,0.6206937737478546,3.241192092876551,0.7283485556507722,33.160442015105644,27.522962219686868,173.93122081178052,3145.92403389338,0.3323025715004706
2021,6,商丘市,0.766086496987171,0.6202598402766789,2.6887046789475173,0.6590566662109578,30.98167594632324,25.824329099197996,102.33708300910814,2498.887861947675,0.2914909682140974
2021,7,商丘市,0.7135295723035695,0.5809009581878941,1.7156057695566511,0.5441876919726493,24.376416834592703,25.780881379917226,754.4520848430415,2531.610826171579,0.3301058909967833
2021,8,商丘市,0.6609742952184461,0.5415433400134857,1.6450838193817685,0.4961986542388635,24.47840491799256,22.247797788854704,951.7811018634792,1177.9200235399617,0.3999989268146973
2021,9,商丘市,0.643190824478664,0.4763101887514185,1.5949477539907904,0.5761880488359434,24.981376871745724,23.134733268103577,1075.6088030251124,2220.458651978165,0.380588727907358
2021,10,商丘市,0.6254073537388802,0.4110770374893654,1.0996325629311492,0.4905179570672216,13.532643693872524,24.5232304119226,49.65065805043216,2799.3278531974847,0.2966244377526532
2021,11,商丘市,0.502074835307345,0.3284938686628554,0.5714935503090285,0.3117364412509304,14.007482255627435,23.60984768339232,1156.6624702440797,1977.4006410349052,0.3780513182187879
2022,1,商丘市,0.4462483519056153,0.3233991517898993,1.1509759005993598,0.4443176053226576,22.9507554036815,28.08611928398712,1266.4862775437718,2660.0856364293654,0.3651465103068797
2022,2,商丘市,0.5511241722786026,0.396590459519208,1.4132069487307013,0.4730487125302881,25.88328458947488,28.74392202713888,791.7604134307994,2320.9327895866927,0.3779207477430854
2022,3,商丘市,0.6439814960607712,0.481574601388878,2.685040598484081,0.657459249548027,30.69020900002432,26.322226767148123,545.2315854023806,2532.7569302427546,0.3769797064466976
2022,4,商丘市,0.7368468349734918,0.5665605986276221,3.029607579955698,0.6960480963094879,34.11709323556051,27.128657620599647,438.9323316012114,2582.039857463596,0.3745206935831999
2022,5,商丘市,0.7340977191882914,0.5790736528161473,2.7979569358705496,0.6956510443933314,33.66423625528541,30.507217578092117,44.19304469665195,3177.7508287732503,0.2756816285384004
2022,6,商丘市,0.7313785017377135,0.5915882270550151,2.831296091793093,0.6891631384570428,30.131729310943317,30.734104900696416,64.64665647798223,3111.599486410919,0.2029882204812633
2022,7,商丘市,0.7251983179473673,0.5757940494606657,2.2198484840221195,0.6469132777700715,27.536116729485947,28.41820993820433,178.2219015387657,2679.1014777944647,0.1779463888333648
2022,8,商丘市,0.7190530002724076,0.5599998718663065,2.071631304016332,0.6412653210306647,27.64479863899647,21.89979212415982,460.26066075624624,1767.328050750796,0.31860306499753
2022,9,商丘市,0.6946751264046196,0.5234163842874787,2.500680171515718,0.6984515183106086,21.99416807997897,24.246255248752576,7.089568600750504,2999.317788157443,0.219184982499115
2022,10,商丘市,0.6703002215893897,0.4868328967086521,1.3951032765672415,0.5609327084430741,18.266642327002657,24.331662976824376,5.470957353823159,2842.8959194440326,0.1653265687669342
2022,11,商丘市,0.5636528768832803,0.3971926432283692,1.1556669896462914,0.501086018318375,9.92620572462167,21.00716098760855,0.0872228596573041,2696.580503651965,0.1438659716082314
2023,1,商丘市,0.5885479944684187,0.4226974256063506,1.8342774707101035,0.5851966237427837,23.887773189607056,28.39192174322694,1088.8944151251555,2864.417853652866,0.3180070741047039
2023,2,商丘市,0.7082905318972885,0.5180902063666235,2.995835217902984,0.7066771557350813,30.44060802815868,29.35754874785657,721.3072069941401,2983.291209681028,0.3235108009037277
2023,3,商丘市,0.7322153635863706,0.5677160873237613,2.504553124178183,0.6129413878164168,33.15109739678817,28.108197719512138,282.05667357794255,2876.566478901934,0.3076197123824558
2023,4,商丘市,0.7561792946370357,0.6173565157923633,3.1751436256656547,0.7215989935328175,36.39874058517296,27.856182601772577,970.0360763249662,2585.2976889906927,0.3488869838302458
2023,5,商丘市,0.7577743798428667,0.6323939356115165,3.0007209042244565,0.7072173964270526,34.139457957028185,28.763297642723483,252.058201089454,3100.441825596402,0.3221713735954501
2023,6,商丘市,0.7593869801092606,0.6474368773927729,2.5701402499128565,0.6451478670836648,29.800239413361307,28.39189038235254,71.47897403754388,3192.333573049561,0.2464308560572483
2023,7,商丘市,0.7448961601103945,0.5959475079602193,2.359216219630479,0.6653679513845001,25.864934749089382,27.63931018733176,391.8202707354903,2739.788135714261,0.2568296675761148
2023,8,商丘市,0.730409358499129,0.5444627061360767,2.4730412192214186,0.6883340832507915,30.63865790423081,23.78266179754408,1311.6722415306049,2531.804494451022,0.3433188886535564
2023,9,商丘市,0.6612812771022655,0.4702766158840896,1.8954686020187852,0.6148845943413571,20.61633019579125,25.96797462383095,32.34673567828095,3090.943795943817,0.2335726000143964
2023,10,商丘市,0.5921714048380811,0.3960905256320931,0.9797262401444712,0.4227158700111493,13.821624050255494,24.57620481699305,284.2468795094788,2363.8672265060613,0.2627649509557972
2023,11,商丘市,0.4905918070206223,0.319581202059053,0.5139043240626577,0.2771703617136042,13.266444999144666,20.21947109431312,1413.5805349184234,1403.2867878063723,0.3830950107605451
2024,1,商丘市,0.5028808858602849,0.3535539290268282,0.6542163280461758,0.2930919171997506,21.8455517254534,26.901437052460427,1987.9802528766656,2410.78361163892,0.3576518511135968
2024,2,商丘市,0.6502834018818459,0.4489434188384296,1.8347007541934288,0.54265274555523,25.13227309427799,26.385045169857374,1358.18100950334,2385.3520352554133,0.3574944648443132
2024,3,商丘市,0.6605733915529756,0.4752059385102364,1.9551232188386225,0.5744890285737058,30.36220327833565,29.449054599482547,1375.422104407313,2364.2496493673843,0.387231378353075
2024,4,商丘市,0.6708809794470056,0.5014705014205774,2.0514572848445134,0.5972701931185881,32.39398603407391,29.19586942646617,295.99681179724325,2528.580816391938,0.3456912229831815
2024,5,商丘市,0.6905190684879446,0.514064719851182,2.257871133034679,0.6372021568060489,32.00861520275725,29.483265454280183,992.65519921591,2712.855524507517,0.3636181317390025
2024,6,商丘市,0.7103172262582382,0.526661352439601,2.48805451781618,0.6665106042590886,31.247757068759107,28.504505116320395,86.25080702857679,3239.2358065529265,0.3175948980425639
2024,7,商丘市,0.7032827197652236,0.5050509417478636,2.2479268032856363,0.6365273673729047,30.961773050769025,28.57772689402231,475.1650465297572,2981.5936534516227,0.3256740386026852
2024,8,商丘市,0.6964263631998187,0.4834405310561371,2.2691704055493,0.6635104497394813,30.195653790911948,27.15028171743611,296.4447890005323,2407.60827624158,0.3101477957327454
2024,9,商丘市,0.6604463098940176,0.4668031264918417,1.542212326687756,0.5251058030784886,24.177573032191717,27.187200547117182,26.148806190550832,2706.301295422144,0.2237664726676941
2024,10,商丘市,0.6245028669108695,0.4501680913093677,1.1268308460924348,0.4761280427306342,22.292636167289952,24.32388271741002,3259.740287937875,1358.1450122886567,0.3592461477645363
2024,11,商丘市,0.5313617496347526,0.3647031210234701,0.903656904874352,0.4370626418535022,11.559368885630338,21.19089432829938,89.64749972375839,2792.7066460205097,0.3547478272043403
2002,1,安阳市,0.5586045196563091,0.3928038723544081,1.400741722139338,0.4940602656032604,13.083833469775447,26.25205102121568,426.8577406493552,3243.34058325421,0.3075609572164605
2002,2,安阳市,0.5586045196563091,0.3928038723544081,1.5344765542488068,0.5236952138173429,9.418462090858531,30.666408198402525,82.11695804738359,3745.97903405324,0.1920796785336248
2002,3,安阳市,0.5398430062452192,0.3959471361269367,1.857356749571731,0.5014350431191268,20.77154860940079,25.319245861851456,542.378566011261,2840.805483579125,0.2876394101728189
2002,4,安阳市,0.5210784724182488,0.3990910961130373,0.7968722801054315,0.2659257585267351,31.214136244792968,25.891137821274977,636.0090752957962,2553.5606582268174,0.341299222859545
2002,5,安阳市,0.6253928168789995,0.4572604883961181,2.3846638521255348,0.5789973876289388,28.16167663513036,25.977407410848148,252.759219847468,3108.158495006089,0.2867983405596269
2002,6,安阳市,0.7296851565914867,0.5154170647291559,2.0627196836873622,0.6165844339522263,22.577975733500537,24.05244972031825,111.17454346894368,3114.076383436386,0.2103435184454451
2002,7,安阳市,0.6794248749583609,0.4762689119133442,2.276900695501056,0.6487208414971881,20.19571500268197,26.211480893468277,265.9894557021972,2589.228614844815,0.206441566629617
2002,8,安阳市,0.6291645933252545,0.4371207590975118,1.7300914078390452,0.5697886160123258,11.985537243059348,27.748946189816465,173.77766466308648,3350.4975221442287,0.2190375327130815
2002,9,安阳市,0.6187637526334906,0.4057105328583035,1.4193214749602203,0.5355951343425486,13.13282469240283,22.134437665687525,26.86525358464751,2974.127413730716,0.1570765064677931
2002,10,安阳市,0.6083629119417256,0.3743003066191012,1.1848181766730634,0.496193115658981,11.500056835179132,17.819713572797347,415.41786594822514,2099.0219718604435,0.278199802793813
2002,11,安阳市,0.4927512645408336,0.2978653735773745,0.7858733492303783,0.3877216045058372,8.185517656497964,19.670383865614035,117.61435606621022,2501.1626406259325,0.2363892644754329
2003,1,安阳市,0.4538182565277844,0.296724396570477,1.2038300370702175,0.4325929562007644,14.172479129938347,25.070300860878323,272.1032856798648,3029.467526002224,0.2703407230520463
2003,2,安阳市,0.4909138162592037,0.328231259650775,1.2063342005779398,0.4126095865294016,23.37384190003641,22.4029524783415,979.2764240942256,2099.997780069182,0.3216507544625302
2003,3,安阳市,0.6060365412144122,0.4372398080412839,2.41015309718932,0.6356078637762275,26.59499979587189,25.088158474116984,497.61847247496064,2358.029696265441,0.366567136375528
2003,4,安阳市,0.7211592661696286,0.5462483564318092,1.935365781957604,0.496438538748912,26.863236331524057,28.27346127760831,377.4605512105571,2592.6231728919165,0.3357842750452517
2003,5,安阳市,0.7371908395872745,0.5349143076512413,2.915767879669932,0.7014047783028489,27.722323325469223,26.183332148707777,572.2832651724985,2501.392022220016,0.3315255318694943
2003,6,安阳市,0.7532224130049466,0.523580258870667,1.5807343689741415,0.5063830269476145,26.725954654457038,22.20601639312148,206.0328942532072,2150.8366254424664,0.3227227404623408
2003,7,安阳市,0.709969296880546,0.4859727218566776,1.9210519807326445,0.5570361835967987,27.12063208378477,24.68027743759876,713.70282814734,2358.5118347602765,0.3198192687817201
2003,8,安阳市,0.6667161807561967,0.4483651848427061,0.4621530609985593,0.2057969541280924,19.20144030993496,19.51894072118379,1442.2878999531274,1737.0018843092585,0.4021364845172077
2003,9,安阳市,0.6626485293842753,0.4312073331340668,1.7287289361071507,0.6012328932245306,17.935382395178973,20.559720069855537,470.6667745945265,2093.767861524902,0.3886667560079261
2003,10,安阳市,0.6585808780123513,0.4140494814253936,1.106873882665883,0.4325133851714982,17.649036136620303,22.96762719540661,224.33302726833287,2584.434076122866,0.3256457500698775
2003,11,安阳市,0.5867085024699725,0.3630395030206222,1.042761621414804,0.4672255456670988,12.520637054621904,20.14810925669219,175.00656101616684,2386.987325507788,0.3448472398905544
2004,1,安阳市,0.5165088840989553,0.3221126920937712,1.4059971048681772,0.49004541659162,14.615956835781445,27.165067393337942,225.7142308437792,3824.314783604991,0.2745804771889743
2004,2,安阳市,0.547194168360655,0.3573890764352432,1.1123744046266015,0.3652865557788743,21.717962649228607,24.195668483694043,1047.0983018931197,2668.240034049772,0.3328967557192476
2004,3,安阳市,0.6343887662112861,0.4506908143438447,2.7532988736460258,0.6655382041129367,28.193893391301827,26.494796057379634,944.6275490035774,2636.21495518618,0.368234711257533
2004,4,安阳市,0.7215899579270934,0.5439995977876866,2.557182540432822,0.6495792941944704,29.34962424036696,25.08732188853854,680.801997395477,2230.9783914781906,0.380227891474401
2004,5,安阳市,0.7448685556570627,0.5532224235905681,3.009001721828061,0.7166183767963945,34.84337655019307,25.63644024548138,796.3173236763207,2745.9784381608497,0.3739479733775498
2004,6,安阳市,0.7681402817887809,0.5624391646081859,2.9583844959044066,0.6737814023485742,27.667386175443653,21.74402428436608,728.9494434427654,1752.341695724176,0.3982466965072379
2004,7,安阳市,0.7255505491963851,0.5023019603703005,1.8904704187305448,0.4737395169410843,25.022811650818703,22.26509066420208,110.25236053081048,2481.6869401290173,0.3499812554104686
2004,8,安阳市,0.6829677794203125,0.442164756132396,2.369881744060605,0.6774659786754501,21.147555686748863,23.984159197074597,175.20512896941912,2700.203274810736,0.330803397792736
2004,9,安阳市,0.6430126159554171,0.4134093121642508,1.8636148602967693,0.5961677822446337,19.432534525538035,22.354188612839,67.39340707677964,2732.543583996252,0.2669076073268847
2004,10,安阳市,0.603061181910759,0.3846538681961116,1.2418688411317875,0.5257092957154513,12.314175462243846,20.382061709476567,300.67973177494883,2571.505578810537,0.2610244685567643
2004,11,安阳市,0.5140225928708528,0.3190142200492459,0.7967468473279113,0.3915495548353645,8.330859469452887,18.593336490909145,153.89617524507304,2443.810998936476,0.2976874464855376
2005,1,安阳市,0.4792102455373999,0.3331428466914872,1.2959799305244433,0.4650980843093903,12.391867674255806,26.260961275315847,220.4998046696022,2958.076734076039,0.2840120424895611
2005,2,安阳市,0.611637400823258,0.4409078146756769,1.613973676143002,0.5335480877868412,20.45157476989862,27.192821263860424,611.4775360596336,3156.5097243824625,0.2593552249984256
2005,3,安阳市,0.681121762542561,0.4959379198893858,2.6087564900975733,0.645085957281307,26.83337448691804,25.63748942395852,1158.8421088269013,1960.165163644076,0.3918638331161058
2005,4,安阳市,0.7506061242618635,0.5509680251030727,3.5021856747346867,0.7554131101171704,28.688408932817094,26.205890289954503,391.1460564463501,2877.0634416111893,0.3484634260512586
2005,5,安阳市,0.7554473299032698,0.537389612597865,2.9447432557876705,0.7121794130683833,32.37738493736574,25.14103065758354,644.8985784871298,2597.147430136025,0.3654948609817843
2005,6,安阳市,0.760288535544698,0.5238112000926145,3.18306300811024,0.7455995356042203,24.04597161027476,27.088512182031742,687.1245150454577,2637.360078999364,0.3001419947448884
2005,7,安阳市,0.7530572096113965,0.5070936225738588,2.789781424432614,0.7076525405998353,27.79889217477791,21.128886917579585,132.5027548107883,2674.0330492468943,0.3210854785205756
2005,8,安阳市,0.7458258836780768,0.4903760450551065,2.325533754867237,0.6712439738471648,23.245614005189324,23.309772075572152,282.0500861212544,2832.4155863905803,0.2937913105389861
2005,9,安阳市,0.696742274182683,0.4480004917125353,1.864589211052493,0.61707849103499,19.63995481805017,22.257474610030624,12.541273234753827,3352.8177158912367,0.2330118383974867
2005,10,安阳市,0.6476586646872882,0.4056249383699652,0.7573375298230384,0.3471048300970519,12.730390674456494,23.432616264999247,269.22695478694305,2507.283989799366,0.2358395218795111
2005,11,安阳市,0.5530082319210139,0.3345330859908622,0.8651058317552995,0.4183223212182499,11.311154223839576,17.855024802792997,732.1095250546455,1918.4415011734648,0.3678379724713463
2006,1,安阳市,0.4882940685314798,0.3314600823356882,1.415446451133668,0.4772729631474913,13.385338147902994,26.393925208911337,902.832962890572,2606.516528399672,0.3287545796126824
2006,2,安阳市,0.58863472667399,0.4038837138595058,1.5011354422512797,0.4424495067529405,18.422141466633622,28.213543724014528,433.5178683147894,3124.6550345008054,0.2809088316346871
2006,3,安阳市,0.6266796686593956,0.4472326638843047,0.8275540281893723,0.3035722227493501,19.498816246824912,26.27473542216287,220.6319856068251,2360.1821662198,0.3047052508096773
2006,4,安阳市,0.6647214671258529,0.4905794253064804,2.734883669504072,0.6500392719955552,24.163728170791096,26.062265212361076,493.8808255734653,2793.718428890077,0.2872688857166794
2006,5,安阳市,0.7150721850167424,0.4954925436866693,2.3966889741777586,0.6024279990771428,30.05442520909305,25.717713200341286,719.636025770255,2784.702765354997,0.3643538099653642
2006,6,安阳市,0.7654229029075843,0.5004056620668521,2.805558045345246,0.7119824376768231,26.36087734222487,26.96468586851372,126.42410002319876,2885.088949687817,0.2848057867232533
2006,7,安阳市,0.7253706259897306,0.4755680666431172,1.6614566782730529,0.4096943351835995,19.800395218984317,24.64959599577497,408.47648503157455,2645.574339672852,0.2244860431811458
2006,8,安阳市,0.6853413722163858,0.4507304712193834,2.1135756779103687,0.6394981396821694,20.703536133464254,23.789241395363952,700.6289808017231,1826.6282948382525,0.3575412913708671
2006,9,安阳市,0.6607049263913839,0.4080200542969706,1.287514054928792,0.5468669541332609,18.58612524992184,18.95875542273433,164.46596696082293,2808.907512520393,0.3178581022882603
2006,10,安阳市,0.6360985726156478,0.3653096373745642,0.7259992809287276,0.3288071583719704,10.157030505342084,20.846167138782672,10.817715231766972,3007.2748501154097,0.223211372618681
2006,11,安阳市,0.4693605949717674,0.2642534324026471,0.4504055890065808,0.228585217542113,6.339567742418299,21.831729690313907,113.3496186462833,2341.738994817477,0.2079052731269089
2007,1,安阳市,0.5233250871710825,0.3133036872367266,1.3755629703877743,0.4908133017538725,12.128228841221782,25.72359863470687,85.84750126615613,3130.4892078885987,0.259211668754549
2007,2,安阳市,0.5767775731594369,0.356448838326258,1.9014562232878616,0.5169924626443226,19.52147315974748,26.634806996735104,257.1420707007176,3103.08127807682,0.2361485166714262
2007,3,安阳市,0.6640797666921725,0.454292105785782,2.117523230342353,0.551634421774098,21.75716188623752,25.047327041757484,425.0455337880408,2601.5814542132084,0.2816610814514717
2007,4,安阳市,0.7513794982897251,0.5521341046323542,3.2703388757552947,0.7380791201499808,24.875228137923767,26.80693438281894,774.7743508134748,2895.064102838702,0.3125598263637001
2007,5,安阳市,0.7594032959970252,0.5359148543941008,2.80531204759979,0.6793207242650657,26.445147578046264,26.030173322559172,601.8506670450294,2553.431862796764,0.3262175993360997
2007,6,安阳市,0.7674261044299554,0.5196939166829384,3.0045983182472966,0.7107260650830851,27.8769353807016,24.86783415285323,215.34241151858265,3206.516478921,0.2964122036541627
2007,7,安阳市,0.7475183440557042,0.5092237792399595,2.7179568786203645,0.6843043237409598,26.20613489090484,26.783976880210886,228.5867334753329,2982.979255082945,0.2179419673646531
2007,8,安阳市,0.7276099391647184,0.4987535970734926,2.612845552948152,0.6848338872055427,21.3171383222181,21.89777244181893,664.7265343964153,1934.5567770586604,0.3272057099339187
2007,9,安阳市,0.6444145208025408,0.4146763362003848,2.0045697068672133,0.6280390847411234,18.49436004782469,21.66202460283228,97.1550435950624,2900.566128350868,0.2907145318861898
2007,10,安阳市,0.5612191024403277,0.3305990753272678,1.350975327786402,0.5523333314833155,13.285196087915487,22.42207758362972,100.32829835045683,2661.3705317967524,0.2211811546871172
2007,11,安阳市,0.4986590472643032,0.3126630534038442,0.7904191188535892,0.3904147592171558,7.584398986727543,22.21772929808936,15.861180332268653,2893.2320367706097,0.1708440888409008
2008,1,安阳市,0.4847324379227521,0.307333015852982,1.115305380090102,0.3857582466710557,15.412334605719526,26.245966299079736,560.0682963615892,2821.405495718068,0.2967918452178116
2008,2,安阳市,0.5813053118743575,0.3675981523243106,1.601787448143772,0.4188518679172088,23.69891137493704,25.832574217898976,688.947345625394,2616.707537054593,0.3354629152705417
2008,3,安阳市,0.6674521322670249,0.4621189165052566,3.094773974431476,0.7053064371905413,24.37498872778436,23.34339017740733,530.4091496913026,2399.7325290581443,0.355340505512784
2008,4,安阳市,0.7535984952514369,0.5566413514743549,3.1477728332718837,0.7272793274307642,30.502824077310105,26.13829065725706,578.1264926358556,2824.001147857005,0.3210710175669265
2008,5,安阳市,0.7572848222538887,0.5507161874797892,2.8354058864515705,0.6501372724769376,28.53155002722084,26.71496574538149,197.1029943796652,3200.5865983898307,0.3200888901476102
2008,6,安阳市,0.7609708250811316,0.5447920116258244,3.021746022055477,0.7236724718457288,25.51598544900752,24.036042306494807,812.7281938414342,2401.4344973908187,0.3421975875530182
2008,7,安阳市,0.7492907409121697,0.5248699268718369,3.1873356312626573,0.7408310657845175,26.673185671188573,24.712657733231577,1005.472114264498,2656.036509008156,0.3373421011096279
2008,8,安阳市,0.7376106567431946,0.5049478421178634,2.480731267336296,0.6842287302079385,24.05673227484917,22.654474338944294,165.00617536385232,2745.445134021392,0.3131709813626127
2008,9,安阳市,0.6973833965460823,0.4541005967086171,1.9233216569533256,0.6064987096550956,17.536300707023496,22.89525892161675,121.88921953538969,2581.6311487151,0.2440778580703225
2008,10,安阳市,0.657156136348962,0.4032533512993661,1.3059878346423863,0.5309112559852265,14.972063148469832,23.112167678735545,42.50636336532735,3090.9604315112165,0.2265306347264873
2008,11,安阳市,0.5335365036953235,0.3147856779953019,0.4238362773447203,0.1484622365913135,9.443704008441172,19.54345940630924,94.48924007357274,1705.574606595604,0.2549332625395809
2009,1,安阳市,0.4506238798757355,0.301226330645637,1.4542905074333212,0.5200243083997589,14.476312719947604,28.57914413529998,605.7974393022936,3333.6229468091688,0.2008936610101998
2009,2,安阳市,0.5059670581577324,0.3539881816948347,2.2418338385854444,0.5991625997055529,24.24293222370517,25.74623367784066,510.64755805142784,3009.996751690732,0.3095054999416259
2009,3,安阳市,0.5996290872711089,0.4294394219227175,2.171774879138641,0.5699381016577205,24.05376392016645,26.62220647799106,975.4039781336072,2624.351695219158,0.3330532645400971
2009,4,安阳市,0.6933079690355548,0.5049032503809707,2.717077747856008,0.6187161159077011,23.834666268987664,25.01770778820338,97.29594264349912,3179.1651577878733,0.2885456689921633
2009,5,安阳市,0.7032387451705938,0.5061490738958123,2.586316053828708,0.6689109944417488,22.967808478930777,25.0380269469549,411.3626083658551,2441.6838839660422,0.2789621007716107
2009,6,安阳市,0.7131594663962292,0.5073880119095957,2.751830862400415,0.6854659879832444,25.92101436574735,27.038205055401757,899.3912368694198,3162.248980972708,0.2202993816628217
2009,7,安阳市,0.725663383716427,0.4866522532446046,2.2450783367336795,0.6235743982316373,23.42364347710537,23.858793688617496,232.2195483772579,2140.388489111957,0.3377288958470902
2009,8,安阳市,0.738167301036663,0.4659164945796282,2.581313204542261,0.6897713199732391,25.1583821887608,21.4257868924878,424.97528905361577,2688.595480941001,0.3245891142473205
2009,9,安阳市,0.7080012247944615,0.4658636842973578,1.7149188084878435,0.621346901972679,16.5063407081218,19.59012900927621,398.4661218662061,1515.4862286474408,0.3426223114734656
2009,10,安阳市,0.6778351485522823,0.4658108740151032,1.095795927957346,0.430434925355267,11.41602585519594,19.937468615946347,166.9109555516031,2114.9152152662105,0.313924742385142
2009,11,安阳市,0.6167604485945375,0.3984092288619715,1.1001034900621471,0.4853566076996937,9.65816320006154,19.01447495857982,209.02071416529972,2214.217803411168,0.3254725449425501
2010,1,安阳市,0.4678670675004772,0.3127494002103532,1.2173957394424997,0.4170983470091826,10.61393720103947,28.80744955873745,237.2303085536372,3180.9733756458063,0.244781159980348
2010,2,安阳市,0.5506386950105355,0.3540401433975439,1.4752831754854543,0.4852938210692551,15.85975443616226,27.179022634273696,83.18239325647953,3136.922070634974,0.1961287328639274
2010,3,安阳市,0.6287040577750821,0.4269563841308688,2.328419081622672,0.5934124456209001,26.358466415406816,25.651419216011632,1051.8417589281448,2535.7091457816923,0.3024828475793477
2010,4,安阳市,0.7067729440223509,0.4998777022285448,2.7916248523688565,0.6710865592245465,29.36170157555292,28.81311900616244,105.0295918282923,3140.107272419661,0.2289512444945108
2010,5,安阳市,0.7206627002757238,0.5199225004803427,2.7920536357294963,0.6879950192263931,27.36478021682952,27.62591904096957,799.2415865916846,2953.3037050769044,0.2672242636715894
2010,6,安阳市,0.734543541422089,0.5399572776337694,2.692007096709363,0.7045754927369893,28.75223177753999,25.87052355093913,569.2428670683449,2287.0261966505936,0.3483768989874145
2010,7,安阳市,0.7369685961279062,0.5386072909408958,2.1323830527898946,0.5792311467683394,21.67789241510056,22.54445088684648,1310.2849445779862,1505.3196192305654,0.3965338392382371
2010,8,安阳市,0.7393936508336933,0.5372573042480513,2.343569931931518,0.6396894760474643,21.507115001890345,22.796433881305152,372.7540523561124,2519.235768922871,0.3588008930908427
2010,9,安阳市,0.7142903020444318,0.4816606566623994,1.95528624301358,0.6108487615966809,18.06267071142847,21.832509413487752,1083.5007991053233,1948.7067274979293,0.3771476914199354
2010,10,安阳市,0.6891869532551128,0.4260640090767607,1.2299387338371266,0.473387786010454,20.31860294115117,23.234195442483323,115.72390925963305,2605.450976889492,0.331536498178157
2010,11,安阳市,0.5713030557964847,0.3467132486439587,1.1800133350191928,0.5133336131455082,9.190357912321732,16.85386256767989,67.17623676089151,2002.720055855016,0.3189419544208445
2011,1,安阳市,0.4362634672247514,0.2846743896731739,1.0981501519919272,0.4176398866112269,14.315864710112978,25.680037369186252,1066.3370118301914,2565.202402722139,0.3273600893449785
2011,2,安阳市,0.4861462547650165,0.3322870623542944,1.6554844096308374,0.5113123272383652,17.97464417193363,27.30608838444508,68.31817011384136,3493.624122501969,0.2299196453585496
2011,3,安阳市,0.5952349906359906,0.4111737188205243,2.406579319574139,0.6293312004586784,23.81310155131915,27.58566642420987,305.93556139031244,3185.887213429884,0.2075176588827733
2011,4,安阳市,0.7043261892902636,0.4900620334756753,2.2763260686789173,0.599759955202306,23.30007987238878,27.56600438184104,601.6498726711642,2782.5079586613906,0.24946827695808
2011,5,安阳市,0.6887987114182392,0.4853612775250585,2.4866541612562605,0.6386811393770201,26.676077772393683,24.288884645386844,644.1013669180389,2397.465753387804,0.3443766906703673
2011,6,安阳市,0.673248267789756,0.480635965075549,1.9481587978433028,0.5256574272548218,23.989470338461,26.42473851561739,391.5690383457194,2602.98660638234,0.3231509667474317
2011,7,安阳市,0.7069030636000617,0.4806912623927357,2.446150211307339,0.6274531974995172,22.33721606055662,21.55510096475589,347.122464719875,2032.6084164307508,0.3357476868673628
2011,8,安阳市,0.7405306809853068,0.4807272230052503,2.361300058569781,0.6543243280040242,19.97478452074436,23.95805570073807,85.08498287383561,3001.8937458532464,0.2541541859587026
2011,9,安阳市,0.6828226219615383,0.4264959019170063,0.0687184593353246,0.0321455734194569,13.849581780218836,19.41495677545354,124.99787606478571,1504.930763016031,0.230987520139911
2011,10,安阳市,0.6251145629377791,0.3722645808287602,1.6147552021519422,0.6111395622546284,14.539112135082764,16.875755238696176,1313.629115048006,1106.0738671966938,0.3917260015292492
2011,11,安阳市,0.5927721257607625,0.3577165552387527,1.106648162636444,0.5018857336396912,13.193100442646967,17.717522628144934,11.631292498445289,3173.7154695324534,0.3243901627583426
2012,1,安阳市,0.511626687897057,0.342730583927459,1.4907384921577704,0.5127968294844215,18.72241742854984,27.23271373471166,701.2438743972691,2881.942185399957,0.2584954996175219
2012,2,安阳市,0.6034933341123799,0.4136249471918768,2.259007627369657,0.6181645389084253,22.64164053727369,26.531365194861618,273.5634342393868,2805.0740859081125,0.2877935177914333
2012,3,安阳市,0.6611413617909744,0.4828640904964966,2.6359496096299813,0.6444525285516186,26.550606890708607,27.91177126792222,166.28920850576858,2987.3277450501014,0.2064079078221541
2012,4,安阳市,0.7187875348929076,0.5521037559936433,3.165600388337708,0.6901488849741564,31.096203056924768,27.884056880937862,728.0461628270076,2667.574688129395,0.2901259673188674
2012,5,安阳市,0.7374089253131055,0.5381891441761726,2.9584402328846084,0.6894817180564531,33.21927923378115,25.642085834343654,567.5160834841694,2579.973172271292,0.3489544027944622
2012,6,安阳市,0.7560343367399132,0.5242749223481986,2.866024780843091,0.6925214066485552,24.097167028450222,24.100584410654616,122.03026968768368,2524.2527849836238,0.2842736143027499
2012,7,安阳市,0.7440477037583272,0.5118628899314731,2.910762084839336,0.7191488868820949,20.86823067396027,22.680940652341025,388.1049226703731,2702.1685378817706,0.3079161825988123
2012,8,安阳市,0.7320635056056612,0.4994526436265156,2.676314676736401,0.6990256622517302,22.56669252795804,24.8019831391031,338.1152172820303,2276.9599135035264,0.2827098021749871
2012,9,安阳市,0.7014796536797777,0.4638771481731142,1.9399183589962583,0.5332127169116178,18.79358279006113,21.868913880755,120.36149311567358,2598.720068325042,0.2748048362990135
2012,10,安阳市,0.6708958017538943,0.4283016527197102,1.9150614086710007,0.6270837594834022,18.433526778992043,19.64425077461228,56.228798052771474,2768.2335684963605,0.2493631884724063
2012,11,安阳市,0.5737998774024582,0.3669182485047154,0.967200183057147,0.4431046839470739,12.31937599373991,20.64096442116885,178.45483774818894,2181.682266658562,0.2336223961951465
2013,1,安阳市,0.5384435682774522,0.3739066740237951,1.462681515909571,0.4824168360716129,20.563634289480163,27.794200057846663,1156.45573897872,2882.8304479968124,0.3037382247009379
2013,2,安阳市,0.6536880274546332,0.4584714422065618,2.2365331829282957,0.6142444170374824,25.81525079762472,24.51609136451702,670.9841842447136,1763.4326724653129,0.3647799641159177
2013,3,安阳市,0.6997149201622503,0.5005276781628676,2.2635786610326174,0.5946171220351434,26.80596123398635,24.89607451923633,799.6987653221968,2645.265288702367,0.3716738592496917
2013,4,安阳市,0.7457488857154797,0.5425835291367732,3.422917727163537,0.7592514961716935,34.712096672931,28.23531456843019,777.9129283074884,2840.3350051335237,0.3488372356746538
2013,5,安阳市,0.7464036194971466,0.5382877064472159,3.347503953359864,0.7637221084569681,30.60461293354599,28.85946171166544,185.60958768266784,3196.6602540102785,0.3061709487916042
2013,6,安阳市,0.7470649441775942,0.5339918837576826,3.108652054801661,0.7533813321179147,32.02326766285936,30.154957425963246,203.14683213330144,3345.608925472754,0.2495630044746875
2013,7,安阳市,0.7091422188560993,0.4874314525922334,2.813767256799105,0.6925470207423924,27.674440190228875,26.71655359422796,2.9538698088777147,3395.481010934688,0.1692384781019698
2013,8,安阳市,0.6712194935346126,0.4408710214267868,2.0787936282358634,0.6311173249856837,20.25639218960499,25.13435725752453,109.30577002247072,2930.806080440238,0.1696771333214526
2013,9,安阳市,0.6352153947109864,0.4268247669081947,1.481627473007082,0.5401192910713795,13.761652750020678,23.05392208814906,104.9399428584907,2517.7021923783527,0.1659959700301923
2013,10,安阳市,0.5992112958873728,0.4127785123895921,0.9204524251828268,0.3992256196092252,10.5684178491057,24.98452104876001,84.33001144592203,2772.574963998671,0.1747444792707339
2013,11,安阳市,0.4656217111359325,0.3009029611059792,0.4819577237229597,0.2560360250751252,6.82969642821426,19.666687466241854,147.521306841915,1915.4389572223065,0.2150206073719962
2014,1,安阳市,0.5434675593543995,0.3572799371278637,1.77033848841152,0.5681748410866052,16.04759259983584,26.803937605844567,639.7880308925345,3245.7075483077306,0.2772553491807388
2014,2,安阳市,0.6487394940899394,0.4232792097339861,2.013093773582161,0.5962237097172427,22.132814176786862,26.503436576450603,164.26003196757534,3088.7403269219326,0.2287221925511543
2014,3,安阳市,0.6685284167941576,0.4575564591030652,2.820466748216895,0.6934166615935574,26.42401034559536,28.537531793050547,189.90568476241344,3063.608325076613,0.1918031118901813
2014,4,安阳市,0.6883173394984019,0.4918337084721451,2.9452844959213715,0.6832125836538142,28.78734253939771,27.07703931434914,254.22563455267675,3199.70224055761,0.2117955382435641
2014,5,安阳市,0.7105866643829273,0.5088940838518109,2.510005513573324,0.6551411748171453,23.99661768046751,24.664206181494404,346.3439871734297,2306.226673864636,0.2499492925828203
2014,6,安阳市,0.7328559892674763,0.5259544592314787,2.65983031006023,0.6903203454200815,27.845514563699467,25.18349294123986,244.60217268523456,3074.936930642953,0.2262118876100104
2014,7,安阳市,0.7120929438476246,0.4946903675216932,2.5175957473859354,0.6767557701014093,22.278610340781853,25.25792708490459,87.60823423183805,3040.6859353443,0.2162747039597622
2014,8,安阳市,0.6913290120093422,0.4634251902044459,2.2663978214419784,0.6260813280651972,22.289588195585416,23.71488096650119,299.7799456081304,2592.7331791446054,0.2034367084656249
2014,9,安阳市,0.6442705041543598,0.4187994049126957,1.3843390878111863,0.4962789070187046,16.910373475389004,23.69007003110117,157.07470580486026,2551.572930909964,0.2185662464291323
2014,10,安阳市,0.5972110982058596,0.3741728094075081,1.1309266502838418,0.486401867156997,14.193309681284784,16.630145069249046,1552.4118221783883,771.4975062322865,0.3762587089461682
2014,11,安阳市,0.5094134753542137,0.3059444498426854,0.8896999580223873,0.408373728335664,10.643113774482195,21.06564443536181,38.899033095912,2489.46921942543,0.3173766157404437
2015,1,安阳市,0.524994058242103,0.3476024289508728,1.3089104706610284,0.4534505391097241,17.274351580395116,26.12816143154385,21.09614148060237,3410.9543641457417,0.1849369454181177
2015,2,安阳市,0.5766188307656163,0.3714300154557911,1.584737273933824,0.5224343055478672,17.491713616444006,27.497238866653184,299.7100819708144,3061.709640239534,0.1831219592716846
2015,3,安阳市,0.6587822516415921,0.4382930075837484,2.989058187823738,0.706537860244529,29.19188721961985,25.978710016019537,645.1334349535301,2994.8077409741445,0.2645546821871631
2015,4,安阳市,0.7409456725175819,0.5051559997117278,2.2268696184199093,0.5301077433241191,25.72485115098726,28.637245579371022,355.3345139353551,3009.4159434760945,0.2567507397293455
2015,5,安阳市,0.7274601962382033,0.5114505064430336,2.63899346967924,0.6431544806988676,26.598853068711307,25.296204432457728,822.2423459275475,2388.2112771367533,0.3417080228313712
2015,6,安阳市,0.7139729195675126,0.5177431285881491,2.8075472965079373,0.7136469470721163,25.07324050445284,26.470370372397888,127.19544790529687,3080.3949802875013,0.2613451745843189
2015,7,安阳市,0.7000139571274581,0.4985900633493755,2.4398591735029336,0.6680122155388892,25.81200386218115,24.681481695025266,139.01509501845513,2929.464576644713,0.2009812982560395
2015,8,安阳市,0.6860543037996237,0.4794360058835151,2.204291391963821,0.6170131248131392,18.52451300033375,22.96417505690981,846.6329986634249,2697.0336326344354,0.26702405457619
2015,9,安阳市,0.6751334956265229,0.4686993736337677,2.1607368121283232,0.6446601801679301,19.117298550707545,21.002267781991083,377.3062244967562,1861.382019962533,0.3216722414711484
2015,10,安阳市,0.664213940587244,0.4579631699216816,1.680865400886453,0.600790689860298,15.175266379206857,20.021614942388464,28.87698703219659,2896.808186267167,0.2631858077935414
2015,11,安阳市,0.5218334158536851,0.3501875081085748,0.8110706009654884,0.3953209353961269,8.37279062735011,22.224191383228256,28.389357116025646,2603.8910938314943,0.1950155199744083
2016,1,安阳市,0.4689641970128855,0.3129584215282783,1.1612104232611624,0.3825496567009219,16.547817505116374,26.59956595466453,342.7104811746877,2878.9518507068656,0.2231853068739689
2016,2,安阳市,0.5003415463381284,0.3474375378546017,0.860133105644755,0.3068082369210299,21.32924431467295,24.51991614428156,1732.5605437733543,1905.7238563596732,0.3727755573087193
2016,3,安阳市,0.6206475682508878,0.460180776341039,2.672108795163955,0.653048595755851,26.300182736986173,26.74189806512675,1497.7663182264478,2274.950724518437,0.3764887139601702
2016,4,安阳市,0.7409455628689948,0.5729180758296715,2.8550175134140563,0.6882145391598268,27.1890741156287,28.770338633140483,493.8798005899757,2870.9453187648546,0.3022634065989306
2016,5,安阳市,0.7043674610953768,0.5311788041664246,2.2320789593157784,0.5572242772620596,30.179364850895244,25.33063928512802,736.111379568344,2449.958799735247,0.3891275510868322
2016,6,安阳市,0.6677746598340262,0.4894230890786709,2.1869542483274254,0.5694867277941023,29.08563924702438,26.68714516950329,132.85949083508123,2368.8180488041585,0.3279716739808534
2016,7,安阳市,0.675828059053933,0.4788284915805233,2.6327982820224616,0.6856497289492118,28.99427441661304,26.085617353185864,423.5605761811439,2381.964005120018,0.318999852241639
2016,8,安阳市,0.6838726576155817,0.4682315675087282,2.51252431808357,0.6801195703055363,24.1922715311743,23.07620524165779,14.00317037493896,3392.5753761535634,0.2766836821727209
2016,9,安阳市,0.6449226556832002,0.4333416875924463,1.90408710878978,0.6123431283806403,19.55730841765224,24.568244676133457,62.36171337268936,2910.324119680375,0.2125188901855955
2016,10,安阳市,0.6059726537508113,0.3984518076761453,1.307254019742949,0.507898830298053,14.11937766889885,22.62822511543401,298.781868345596,2638.6601434119184,0.2753526699345187
2016,11,安阳市,0.47775206273647,0.3033349578138567,0.7726487287359094,0.3828303618601908,7.984409631159517,21.376682557465564,92.0552836498085,2388.156053323199,0.2310787895447749
2017,1,安阳市,0.5512834773961972,0.3858737469591641,1.6937627855840949,0.5528133054539315,16.785912300828247,29.223864085509707,365.33502286260494,3382.166223878824,0.2027745578851464
2017,2,安阳市,0.6042187231988823,0.4325975872299172,2.213345197025658,0.6172401837788164,20.60838792885696,29.50030416712929,198.8911339270505,3155.172648624775,0.201200018885655
2017,3,安阳市,0.6768394987613059,0.492766963033613,1.5717830827260508,0.4303719473653779,27.955407806599904,29.11836482879161,564.6639704288166,2836.889599410078,0.2770958813255381
2017,4,安阳市,0.7494602743237526,0.5529363388372787,3.415420611860421,0.7549990108289459,34.74012002239052,24.410087896364143,524.7131922224053,1947.3633214644212,0.332420350186367
2017,5,安阳市,0.7445512100989817,0.546642346057685,3.29027743788874,0.7436716699871031,30.88556054927156,28.353657441922177,363.0277885386399,3004.9576649944843,0.2986782138897469
2017,6,安阳市,0.739642145874188,0.5403483532780691,2.756022048048808,0.6746192304550754,29.12818874464492,27.194973273767744,381.2358645236295,3042.746308026245,0.252336659867006
2017,7,安阳市,0.731875631327116,0.5105996954250582,2.3469372555150305,0.623656754953831,24.2114094556033,26.10683143822469,314.55066872556307,2220.262414019852,0.2876521794302772
2017,8,安阳市,0.7241091167800542,0.4808510375720332,1.3150996024643458,0.4478072105766215,19.71224214848061,20.67233048084496,402.018104339005,1662.208258265806,0.3051389107738915
2017,9,安阳市,0.6849967677472013,0.4589227694820392,2.084096573265769,0.6347124114016839,22.89564824948342,22.435094338866843,242.11905420785104,2244.5576718252096,0.2970853342849577
2017,10,安阳市,0.6458844187143052,0.4369945013920435,1.3554114156345975,0.5379783625930332,14.2540188133947,23.3443385002735,9.4055017427266,3080.235187440473,0.231803600572268
2017,11,安阳市,0.5313468159529205,0.3509825121920238,0.7223252334045382,0.3600219944565768,9.31292282140666,23.90430079010768,120.47179047995292,2296.162864085864,0.1763246913883012
2018,1,安阳市,0.5516030426051585,0.3794410665574259,1.2713246300162813,0.4240601768609563,20.957846780182248,27.30454029560399,117.94874224662792,2875.709512653311,0.2154847598924404
2018,2,安阳市,0.6382463174212989,0.4538043269415266,1.8557153761401417,0.5418940962102684,26.234798890079425,26.665777603404305,740.7567773765849,2097.659872680126,0.3270286479135179
2018,3,安阳市,0.6750768843895089,0.4987199293280595,2.89128205635189,0.6994721605025399,32.385547934948576,30.721432780563013,24.518530547668792,3400.372112130545,0.2355528017577274
2018,4,安阳市,0.7119098238742702,0.5436375325053316,2.783140349602129,0.6345196898500927,32.940886284655775,27.53123584453687,872.6745944507438,2382.677248623602,0.3281326600901528
2018,5,安阳市,0.7159519842132643,0.5414828701867445,2.7250816470742403,0.6691879747450169,27.80460355091985,28.708471026411043,290.7441958029884,2669.2255547622985,0.3155828626301411
2018,6,安阳市,0.7199934284103531,0.5393287094926321,2.028480909145097,0.5934126361129143,28.59763365135721,26.883513031276088,538.3678425238134,2588.6325434951677,0.3050552159277986
2018,7,安阳市,0.6978968150668655,0.502531090704464,2.741819084848825,0.7067822617882857,26.03021938738194,24.433488225283178,2027.6914362569548,2363.788786185396,0.35566807557528
2018,8,安阳市,0.6758008534212157,0.4657344322153673,2.025021357363677,0.6126445081383374,21.879061930657485,25.06955115827519,152.2668333245795,2384.8618557081727,0.2708470069311261
2018,9,安阳市,0.6436891221201525,0.4375024309425021,1.7173998325638673,0.587602963535449,17.148171837400593,23.34480263459238,6.441869814507637,2949.7364904354827,0.2266131964241084
2018,10,安阳市,0.6115773908190618,0.409270429669631,0.7855014937871955,0.3289341879284809,12.30544456751461,21.183270990430564,469.9862201026627,1720.3510409461228,0.2267889723324358
2018,11,安阳市,0.554207706568946,0.3590910273618119,0.9799583871781682,0.4491724231964877,8.686754370546002,18.28736572488412,243.16818182319716,2290.615446482648,0.3206503698274525
2019,1,安阳市,0.4387781793124225,0.2946575033811928,1.115486596097703,0.4129285464742535,9.548222097956945,29.1018272690474,17.795984613711887,3487.5013888821923,0.1396781198123964
2019,2,安阳市,0.480944504122948,0.3252326110947139,1.2982398075357977,0.4487197213810218,12.916349667183956,27.445021732413856,314.90081093571933,3033.370912453512,0.1977505044947518
2019,3,安阳市,0.5487619516620769,0.3950412494182037,1.6682904766772488,0.5349347488248848,13.8462090371557,30.52103307896472,98.40601686125764,3197.792606531026,0.1755647456097983
2019,4,安阳市,0.6165793992012091,0.4648498877416767,1.6050165797429714,0.5196032204539964,21.417172783592253,29.49672321282551,778.7129525678481,2808.6669706778134,0.2674846455788726
2019,5,安阳市,0.6516745603889146,0.4849250616717727,1.5173664487660123,0.4652371608237856,26.44459189540196,25.98436306007492,640.1213923332416,2156.6072616508195,0.3611834422053082
2019,6,安阳市,0.686769721576649,0.5050002356018669,2.7248752190587338,0.7058016745143924,29.430621332949467,25.17117674804121,266.6882920989118,2659.7642182734166,0.3391906101509723
2019,7,安阳市,0.6906405085192392,0.4959710022861463,2.103384410052603,0.5944242695383355,21.64744987281955,24.93095882486736,377.067898985042,2246.5570845543552,0.2830130063338743
2019,8,安阳市,0.6945112954618395,0.4869417689704317,2.222089769087652,0.6510636328312995,23.30094590642496,24.51507073178876,66.98698053697976,3052.120962008571,0.2378369288593655
2019,9,安阳市,0.6719078708735313,0.4722493870755777,2.029186226785688,0.6148633747334098,18.431635197595813,25.23550646632164,96.90157574027442,3064.052438357986,0.1679140792634403
2019,10,安阳市,0.6493044462852197,0.457557005180714,1.4434957498890597,0.5733359166824704,13.32428999009448,20.01326798837221,320.0003519678673,1441.176863143858,0.2995856273314775
2019,11,安阳市,0.5793783868106657,0.3938961068365038,1.284486327442867,0.5362775975667029,12.333201103788204,21.401651983531508,6.473913961492296,2554.7481641460854,0.2142569202784657
2020,1,安阳市,0.5053947380496586,0.3221489667909549,1.3417658598188438,0.4715005454892849,15.916370087342322,26.38089100424453,445.8343222883006,3077.059847006264,0.2753644402803168
2020,2,安阳市,0.5601463593126751,0.3545060250736599,1.3252597758970637,0.4554495397638186,21.801671264722597,24.7815383508569,172.41217588063506,2434.404000580577,0.2558149132134868
2020,3,安阳市,0.62111701746066,0.414181445079519,2.5097484331816577,0.6525931258803146,27.23250901432232,25.565609717357184,78.6857191074575,3066.5082851972184,0.1923354407395683
2020,4,安阳市,0.6820876756086345,0.4738568650853885,2.180681343397306,0.5866207040364967,27.365632765692645,26.67590398472989,235.1897603167532,2683.819573408232,0.2005284296895452
2020,5,安阳市,0.7154701930645362,0.495042195885728,2.360360487782141,0.6190314776058371,26.657616189778047,26.02228018030593,1041.8995074915483,1919.985270466885,0.3603294884479771
2020,6,安阳市,0.7488521964895387,0.5162268977911459,2.332409773702912,0.6171240666108752,32.45400454705847,26.43856418902147,325.8985101699698,2320.8091852659986,0.3502490752937006
2020,7,安阳市,0.7097154165596399,0.4937136590323683,2.1891785013082714,0.6180510324060605,28.875151623585506,23.496076468135907,414.63238823298366,2046.816061329543,0.3521251968140446
2020,8,安阳市,0.6705771197601731,0.4711975579918357,2.0459472289136302,0.6189779982012459,28.70414272018637,25.0538955624024,33.97194078617313,3354.056607839569,0.2570115762759103
2020,9,安阳市,0.6657540464245608,0.4564263964757412,2.2180370471417303,0.644956454508337,22.816338716447145,24.98354831832781,43.624145365545054,3147.445534561561,0.1780683061837671
2020,10,安阳市,0.6609288130459278,0.4416535063473845,1.6624347376962263,0.5860545022223475,15.513552718786412,22.52392289762102,32.409773067514394,2780.613319904399,0.1670306107596813
2020,11,安阳市,0.5183563640099189,0.3389477294838575,0.4801273787430229,0.2380042625695909,11.504006042838942,21.573955395113742,44.06143162112421,2305.540242777259,0.1528727751788462
2021,1,安阳市,0.4694417394313163,0.3169588911578619,1.3416346111098731,0.4703705824135471,14.502466482065072,27.51617567855513,325.1344248146115,3074.7361758450934,0.2232015144261384
2021,2,安阳市,0.51552443177745,0.3645197795721859,1.9038262792608829,0.5675590390831576,22.167472289862147,29.23342992465749,889.3530365286488,2993.271580813674,0.274332100234122
2021,3,安阳市,0.6144470811827776,0.4454516939379096,2.436689273646464,0.6396464473990345,25.67557394012812,24.66353980191109,2973.230430313457,1659.1899854992748,0.3908559397259589
2021,4,安阳市,0.713425870788726,0.5263836083036346,2.927664441292311,0.7046948820894358,29.76276812235523,26.351585337758568,298.6714207252766,3020.531271031837,0.3452432663140021
2021,5,安阳市,0.7050532339899389,0.5237582138172665,2.3315636827524178,0.6225681364499014,26.12109312425772,26.631254098678152,174.87293587765635,3045.407514162582,0.2838715210094129
2021,6,安阳市,0.6967462096654461,0.5211306788305444,2.435849637455432,0.6442206142075328,24.54785927993569,25.354208799770507,89.83095213766511,2918.052916027345,0.2402746538011033
2021,7,安阳市,0.6925629346252644,0.5028821330542477,2.490435670557947,0.6698343187753351,20.01610681831956,24.860448664269416,347.98683471995133,2709.276027148024,0.2734351502304201
2021,8,安阳市,0.6883797920272148,0.4846338511529408,1.552445400045679,0.4741775612779129,19.63956227546583,21.3027870255818,1327.4063256608788,1801.457678978222,0.3376200717817758
2021,9,安阳市,0.6708670468610763,0.4588920366847869,2.1289855973585654,0.6422314512086432,22.745625407723768,22.39941991017545,516.4027875493215,2394.8645929554464,0.3707311330203712
2021,10,安阳市,0.6533543016949381,0.4331502222166437,1.195751415263137,0.498725602930299,13.450388466180527,22.61247586075703,580.7977568347818,2224.1012441009434,0.3108404431080556
2021,11,安阳市,0.5480415285746416,0.3393372463704618,0.4384959473187088,0.2235020543363549,13.543644713076874,20.086864905442667,1996.233105679509,1477.5752284351895,0.3977411640636127
2022,1,安阳市,0.5184373570640305,0.3497631438821836,1.526509128903434,0.5120336832085151,18.09448231859618,26.916346117479858,940.653160767197,2881.2014068324,0.3474966546143569
2022,2,安阳市,0.6751179711607945,0.4386918270710123,2.0405933800239016,0.5810152837032903,22.25483711842048,25.320653510854527,1183.015193563805,1681.529564840821,0.356626396513988
2022,3,安阳市,0.7055581307358341,0.4737890931546764,2.985137174196025,0.7078076352089233,31.769871872616054,25.076483942530466,842.9556566137876,2830.884867327651,0.3620160208385105
2022,4,安阳市,0.7359982903108577,0.5088863592383522,2.7251802953443307,0.6648539302028663,34.4174069384108,26.004243796200814,398.83708546555886,2835.155166487916,0.3526136774151583
2022,5,安阳市,0.7168938589675636,0.5245826548903245,2.6794488542812744,0.64821036163255,29.227541829501277,28.490444767033527,390.350254995048,2778.443283914939,0.2770431317049305
2022,6,安阳市,0.6977894276242578,0.5402789505423083,2.074931326039207,0.5979435219215896,27.469564719636164,27.74998698246983,87.40763107864203,2319.578537194106,0.2878236190349095
2022,7,安阳市,0.706799425245068,0.5146329579099413,2.4097834270559755,0.6388107736733952,24.046158568290664,26.612346486999336,43.026325398110174,2496.1438250886176,0.2087581509378339
2022,8,安阳市,0.7158081345447029,0.4889847537793906,2.304262170662041,0.651045137184036,23.47450308536039,21.74261376611838,306.37169665485976,2447.267470919416,0.2630754598334965
2022,9,安阳市,0.6948373958920095,0.470676530593463,2.3028497894441684,0.6637881135064265,20.02200794621253,23.826300333513213,64.341434874518,2746.759304843992,0.203257512641111
2022,10,安阳市,0.6738663661055139,0.4523672057267009,1.445483882381417,0.5700702828814639,15.904919826140416,24.024389450300173,18.61570803414306,2868.2286197902104,0.1694215897844759
2022,11,安阳市,0.5678376700741039,0.3734875049292426,1.1555383486441104,0.5053683725327625,10.011482346717164,20.66290980141881,2.249354269242304,2745.3973256628938,0.1469678054247983
2023,1,安阳市,0.5493633799674942,0.3715522833721763,1.4312119200249245,0.5022086369716048,11.294910164031158,30.100027417206395,243.5576785455765,3352.939597841104,0.2002796556045857
2023,2,安阳市,0.6373054902670898,0.4318907137040197,2.112742710385524,0.6124052805196142,24.737037249632348,29.880566090440567,486.7640023779584,3116.428508020851,0.2325587707366417
2023,3,安阳市,0.6809354172644508,0.4833663942805026,2.749677756308201,0.6722619062278364,27.651251852945315,28.64078545281263,272.987609894786,3176.6248052005417,0.2137467583204322
2023,4,安阳市,0.7245668144045309,0.5348434019911438,2.8269873043285707,0.6879005091715444,30.737057750801707,27.33041978691701,1925.306229306616,2185.5213111375865,0.309077785455326
2023,5,安阳市,0.7193989635200578,0.5382254692525251,2.375740344757698,0.6060577012742249,29.061135837627013,27.906557943883328,301.14737304406225,3138.733813892088,0.3275204174503515
2023,6,安阳市,0.714230878053763,0.5416074380009233,2.4387132382932566,0.6650937810398825,30.302751108644365,27.360836451254556,334.8721949767973,3126.530252336261,0.2830264961950362
2023,7,安阳市,0.7163583792152797,0.5254695224798634,2.234421074533554,0.6481790241062295,23.30220678324028,25.836964757743843,587.5407950368323,2636.044789673142,0.3295964269597708
2023,8,安阳市,0.7184854317215926,0.5093325492559638,2.7435100989386205,0.7078816808136789,27.322143388167788,22.46401773068814,801.4541572046334,2475.952263047737,0.3545472482907819
2023,9,安阳市,0.6810008601623322,0.4810087713262414,2.2652594770068357,0.6542331008290398,21.67075042260859,25.09948511716993,197.59638075005157,2867.077537995666,0.2730950354784464
2023,10,安阳市,0.643516288603044,0.4526849933965276,1.5191659710386014,0.5807899718297053,18.209985055498684,23.534441843314955,118.40908993518802,2645.459939585768,0.2968344958146746
2023,11,安阳市,0.5680409383270254,0.3893133674871702,0.8054151329745853,0.3883211456022428,11.333396625796931,19.0700913895373,774.9372254414449,1598.8563803776583,0.3516701431801863
2024,1,安阳市,0.512565347043893,0.3472981007682257,1.136029217370519,0.411400907470359,19.165576064889027,24.787679841426257,1703.6965514202757,2220.9727926059754,0.348095308460321
2024,2,安阳市,0.6190610072561984,0.4085082244231205,1.863486270960343,0.5743640413976687,20.772563008254828,26.586231425000467,204.6816366752861,2824.7000404658093,0.2899156854768611
2024,3,安阳市,0.6756407906853521,0.4883675767094377,1.9448160214253571,0.5468264362795097,23.78530905843881,28.7609030276348,569.4450279948289,2473.7887354664035,0.3109596239276684
2024,4,安阳市,0.7322205741144984,0.5682269289957848,2.7369955235244987,0.6759058638182439,29.8613660779551,27.73905040936175,590.7195561021128,2532.1745869348983,0.3597984961353382
2024,5,安阳市,0.7459710564398415,0.5556299177906153,2.526266394670736,0.6624718102170308,25.74644638895308,27.915812028428174,653.6430407175126,2302.613004169986,0.3254264239619581
2024,6,安阳市,0.7597215387651919,0.5430329065854739,2.541063227566001,0.6317735170775325,30.550351485382507,27.244026749904737,156.5883791423904,3187.226011867671,0.2896365933821531
2024,7,安阳市,0.7527875791150238,0.5407566404340911,3.0244528586608497,0.7233001596837272,31.302382799340755,27.349953509216483,509.88049841103793,2927.559106729353,0.3044539493948442
2024,8,安阳市,0.7458536194648234,0.5384803742827177,2.518883947466544,0.6844964859570951,30.408442433726623,25.95975280372152,295.83125037200114,2786.8911769579704,0.2769141885170336
2024,9,安阳市,0.7176736121277105,0.515966254167675,2.3648066147617857,0.6921848260478499,23.646666358446097,25.58469153718153,72.14478748575101,2586.2319071018114,0.20356686464933
2024,10,安阳市,0.6895187789992314,0.4934521340526295,1.5077155307302934,0.5731012669423736,19.06285639079241,22.862250420727143,200.153149625062,2206.3743038826783,0.2374001692142489
2024,11,安阳市,0.566686784292639,0.389845202496146,0.9472541573365196,0.441683369260879,11.748923410922464,20.09723356058637,106.14481077275128,2569.382483863482,0.2546675598262117
2002,1,平顶山市,0.5853006518352626,0.3869304128775369,1.638011955922139,0.5269262390404537,20.29172305503058,25.740113699345784,466.779571504202,2854.4563795101826,0.3571572507085846
2002,2,平顶山市,0.5853006518352626,0.3869304128775369,1.70928496836876,0.5409217260637301,13.548146271882173,29.31173008558652,24.63793765236066,3675.86901150334,0.2580327552198329
2002,3,平顶山市,0.5568120659789174,0.3878251852446631,1.4848053015760223,0.4444459219308632,19.517744075236497,26.00274596142023,579.1310087668874,2576.091940045357,0.3058918784109974
2002,4,平顶山市,0.5287274856429156,0.3887764252734383,0.9971896767810284,0.3423781963228157,28.93856184327236,25.56138935714715,269.3655452247651,2493.4047038030512,0.346445235604709
2002,5,平顶山市,0.5484554318481474,0.3928490915391898,1.5880654699917596,0.460323443806088,24.83559689288593,26.505375962570188,291.73363877655135,3108.7436880451805,0.3037107818208209
2002,6,平顶山市,0.5682288760770798,0.3969299963005772,1.042828481077689,0.3679105684585185,20.078354065895414,22.90956554825136,201.86127565806157,2735.6180007999774,0.2523893556447673
2002,7,平顶山市,0.5958145592578082,0.4014819821884037,1.979207998309056,0.6239254975691075,21.226213928209734,25.59793868116384,610.1129659487938,2205.991455730242,0.3267993857866288
2002,8,平顶山市,0.6239081730631597,0.4062545491892455,1.6542852064058304,0.5633890158525838,13.82338715459971,27.024472724539716,22.168196138865216,3573.234849252951,0.2745958817617583
2002,9,平顶山市,0.5749037588823339,0.3801968291996231,1.2798156265552598,0.4834153113925205,12.293009000201302,23.067131576705457,171.2973067291714,2699.01644036207,0.203224295201056
2002,10,平顶山市,0.5271107841136444,0.3545137226070995,0.7251440233593496,0.321134346216902,9.21393117677281,18.306464549719085,456.5651305868864,1915.5358456355016,0.3510239526855147
2002,11,平顶山市,0.4675098864686422,0.2857811953903625,0.8508576353519087,0.3982869377135727,6.885180378352447,19.798377722888933,236.06138036559256,2454.811998408648,0.3231928098953572
2003,1,平顶山市,0.4843194302207996,0.2976093984667746,1.3182428680085565,0.4366225878780138,21.044745108411156,24.190011637837685,925.9329208617728,2301.076062939279,0.3789638415614371
2003,2,平顶山市,0.5200227478059533,0.3238735192980152,1.086868945807808,0.3484646872678763,26.0858791556058,21.433505260586788,934.2235856212473,1547.0490223109891,0.3938905480881159
2003,3,平顶山市,0.6063802021763097,0.4120930481774019,2.095681685042424,0.6005173725269249,29.07977486629498,26.228665166136324,757.4242131534006,2834.1642215401957,0.3770148786787127
2003,4,平顶山市,0.6927759662992591,0.5003224307356764,2.2681087919305143,0.6151655415336449,32.72838093963896,29.65558664993055,154.56844245937614,3337.4908544389577,0.3023863237466994
2003,5,平顶山市,0.5738820783414545,0.4161742669927966,1.2658214582060276,0.4081960963710707,28.040533216833055,27.21555926165897,510.4918427647084,2456.324142098817,0.3341473948389256
2003,6,平顶山市,0.4550032703150482,0.332026103249902,0.2992385264676787,0.1107582761774009,24.08671036527112,20.742773445214716,920.915188960332,715.6824767936444,0.4075306141784767
2003,7,平顶山市,0.5200357557267873,0.3569632351759031,1.436799429975541,0.4553561685282886,28.314289015042046,24.59655986001868,738.130921493751,1933.0609510431148,0.3853679532204201
2003,8,平顶山市,0.5851060481266749,0.3819003671018912,0.197344426798882,0.0909597288878486,17.40309306573401,19.933645226255354,1692.4130990268118,1190.1105595101046,0.418919727892012
2003,9,平顶山市,0.6016113284911591,0.3685488781757264,1.4766775914851076,0.517240313967024,15.096871422695225,20.69803429582514,487.84213379039375,1488.524681858053,0.4079158315959824
2003,10,平顶山市,0.6190495172678546,0.3554685604971312,0.8922899871503698,0.372298898213744,20.408137192426075,23.59121748276569,255.57050703279825,2600.270496190044,0.3534307486243531
2003,11,平顶山市,0.5892487660525311,0.3308524279099457,1.041502547542151,0.4603217926704628,17.110276518438322,20.04481068499356,422.60361636930895,2499.429187692021,0.3783354549654806
2004,1,平顶山市,0.4287573412464799,0.2597672236374986,1.03521974369004,0.3665931181465072,10.04174917109249,28.22962447650104,82.98068054872138,3650.048909094328,0.2555321508655138
2004,2,平顶山市,0.4431500379174198,0.2808358238788511,1.1045553465195486,0.3788266985379302,17.443043037535666,24.56281460427032,2236.5994924062456,2426.6513817309897,0.3663688891977431
2004,3,平顶山市,0.5528935271866959,0.3621359621586655,2.200717871998937,0.6156554655326212,26.339538996483707,26.42580279094416,884.260797800551,2916.014746830333,0.379771427787823
2004,4,平顶山市,0.6633092120427961,0.4437030139741699,1.8252925574337333,0.5102374850178387,25.637891113412905,26.20195422168276,556.2031710382178,2123.1757553945445,0.3753270506205016
2004,5,平顶山市,0.6849203091761408,0.470105884042081,2.2423108300460464,0.6095631000985181,26.955115305288192,25.8924040015136,500.2081317952053,2173.4274679016835,0.3891588408608694
2004,6,平顶山市,0.7079260366820145,0.4969958773346294,2.2373553059265854,0.6195116034172341,25.205158477714463,22.0875076252493,1415.8088697054814,1616.1162947360408,0.4105596688106268
2004,7,平顶山市,0.695711723482752,0.466575289178553,0.8743848429951677,0.2895925436690563,21.75472069894504,22.479631533600983,178.12419277897007,2203.820455996182,0.3758816669589679
2004,8,平顶山市,0.6852161974669487,0.4365093957830554,2.0647305696374816,0.638396482206457,14.643188852885316,23.05645278954072,143.2201276778242,2343.205405215579,0.3573533499705965
2004,9,平顶山市,0.6746983196860626,0.4104123348283487,1.6114935359227875,0.5728924423472755,19.109188057835738,21.590834364096384,520.7719330435218,2293.543685377084,0.37954919454357
2004,10,平顶山市,0.666994879045607,0.3851990447512987,1.3840205748006635,0.501299675874368,13.08396269804192,21.115551143731043,246.41878783203688,2772.7155783033904,0.3354813322081922
2004,11,平顶山市,0.5883941487914929,0.3376022454977881,1.0011938426894436,0.448865832276804,10.60593667502301,18.412855074239985,327.76717721726686,2353.659419062629,0.365428186433018
2005,1,平顶山市,0.5030013937838145,0.3393046118408961,0.7858922251297767,0.3002637603918361,16.821593827809565,25.118071560907303,1316.181871140289,1867.671707588975,0.3595630734963802
2005,2,平顶山市,0.6273632000899135,0.4429139944239942,1.8319721733924916,0.5716645648456071,26.444340653954484,25.901871592174565,605.8362303845892,2802.2159942043613,0.3621038810475366
2005,3,平顶山市,0.6487043722094555,0.4585773170950017,2.0793431303618517,0.5377001425524989,25.8210179109106,25.782407475947345,1008.342801161604,2016.952937646723,0.4051272079931455
2005,4,平顶山市,0.6705563492127476,0.4744780787432374,2.408263220932012,0.5541345990786241,28.203261860922087,27.03712112764578,586.3867694075082,2643.522693825702,0.3976193807244825
2005,5,平顶山市,0.7160524821871903,0.496554116463495,3.241969242006629,0.7485219510694312,35.16695272922031,25.34707982929914,677.3703797529444,2506.346292068338,0.3946553182723413
2005,6,平顶山市,0.7618630943211503,0.5188458961125412,1.3747959100779985,0.4081732276392427,25.682771237247664,26.86443997195118,647.7298964931376,2557.9531326119704,0.3596336105142628
2005,7,平顶山市,0.7448092589898632,0.4940915878472468,2.510258707791825,0.6845990690473327,23.48516600329857,19.447068192118373,357.5258998014151,1603.7912308051923,0.4001542172763185
2005,8,平顶山市,0.7283989430735004,0.4696075321491187,1.684235881898392,0.5351360077623823,21.823624909121374,22.77745467829321,1142.836398928869,2359.1986206597376,0.3843294146155649
2005,9,平顶山市,0.6801519599298926,0.42503113038111,1.832265625338525,0.5943931798807611,19.982416255174392,21.98957669162161,49.80920797981439,3086.204060348064,0.3580952552536994
2005,10,平顶山市,0.6327880190997457,0.3807406273894863,0.5323523951151521,0.2057364166848475,19.72826371681859,22.933958602905268,425.2237187276075,2187.732582215527,0.3550777522899068
2005,11,平顶山市,0.5515999531541717,0.3304642605783744,0.9661672537929892,0.4141935865032597,13.416695521920262,17.954521081036546,1045.9763904988954,1436.9772186603373,0.4053535942831375
2006,1,平顶山市,0.4943338903572611,0.3301663750676267,1.3288475049170831,0.4199464660371432,22.5564767148133,26.650383379338336,935.2630472299004,2692.4558545243945,0.3524808652189568
2006,2,平顶山市,0.5813051806520843,0.3980509448067012,1.519541542410384,0.4733744959969494,30.87357067165227,28.2380213782851,270.58017157744456,3112.9184361564985,0.3019852377424973
2006,3,平顶山市,0.6207131071470384,0.4402152905411017,1.715043518281959,0.5109770831157423,25.145748696008223,26.07204126535129,779.5288710759233,2101.748082267457,0.3500736852428055
2006,4,平顶山市,0.6601513838893047,0.4823801332637861,2.0801574516778936,0.5645154214128146,29.91037712430995,26.016873218080907,353.2115553177089,2624.308628642592,0.3516284710299664
2006,5,平顶山市,0.7017453131602357,0.4832488458094736,2.2087558174325697,0.5847501418208618,33.18023847702225,25.718539496681213,650.6871307328513,2568.238920010081,0.3771930737129724
2006,6,平顶山市,0.7434994485487177,0.484199605474483,2.5408154745768297,0.6666329884788178,25.028489693524563,27.13555602854883,277.7463374596357,2572.528164235566,0.335834436589569
2006,7,平顶山市,0.7011899693405218,0.4446445939546454,1.746417617613886,0.5470932882333703,19.69495658163393,24.97013807735947,217.4574329762881,2822.310344439843,0.2805533714743719
2006,8,平顶山市,0.6597283143585738,0.4053655210008101,1.6622067084938477,0.5506683567347576,18.44204542330624,24.47529406135504,341.1391593074285,1640.907429595091,0.348979154913245
2006,9,平顶山市,0.6295770620197524,0.3685101306460523,1.0854681021126873,0.4506857254057068,14.804850713298489,19.022483810879827,668.2942720013336,2395.820109657674,0.3765812526950544
2006,10,平顶山市,0.6006635839232998,0.3319675264151995,0.7690592590348335,0.3648577547657574,9.370903470961071,20.32844700638917,6.007624892292638,2796.7332813089884,0.2881498270690737
2006,11,平顶山市,0.5028349998109911,0.2661810397966349,0.3236245671421761,0.163903503865504,10.4987315719301,21.72864479535895,127.77444453906442,2395.88434590769,0.2402338057934715
2007,1,平顶山市,0.566329010036249,0.3493836946692817,1.7856383579261097,0.5668093577720013,23.094431167145675,24.14386235269901,1467.800456032743,1984.522550114131,0.3913988860801277
2007,2,平顶山市,0.6694698990083093,0.4422200838774038,1.681343917533009,0.4772911778810466,28.215987184486263,25.6923549384394,1265.993273832917,2787.4440146460324,0.383007651527245
2007,3,平顶山市,0.6996347774046013,0.4733322792213634,1.3292963391035006,0.3996084664040847,27.838867848722515,23.499646642156417,897.9387071748878,1868.4039648206644,0.3978655803017854
2007,4,平顶山市,0.730002786887784,0.5045638061816865,2.995498408721087,0.6998090468113534,28.98228231527,27.04964893940376,198.3767775460306,3026.5477476938167,0.3496510936255749
2007,5,平顶山市,0.7516077278924311,0.5193156440059146,2.862961944281808,0.7102534576220044,27.898954060921845,26.265544761549197,1003.2142612635712,2454.442030847212,0.3881704743343536
2007,6,平顶山市,0.7738466442751843,0.5343471308450548,3.092687232547325,0.7354628840991644,29.023685937427807,24.90856599700002,767.9946854858862,2973.457227256526,0.3666900010895841
2007,7,平顶山市,0.6860762106467686,0.4695028949289728,1.532724253519369,0.452607080938003,29.940353534984077,26.127242355857884,411.4162903969241,2405.78082447929,0.3506817624188437
2007,8,平顶山市,0.5989990364111664,0.405025393449878,0.9619918810129084,0.3552360405807045,20.989188902020985,22.723066117354907,389.0797237272348,1779.167031603501,0.3778557089090769
2007,9,平顶山市,0.5725087985185936,0.3672268232130709,1.3311399699972557,0.4970700660566158,15.018523031555388,21.21545297330901,168.0966780916163,2690.5720088167777,0.3577205203937199
2007,10,平顶山市,0.5478706501484915,0.3303513986231324,1.2371969533318703,0.4521832037245828,10.881973256267456,22.130707000067066,88.21292057100251,2720.662664289315,0.3028056367163544
2007,11,平顶山市,0.4609096702201926,0.2791585262393443,0.6534344233071443,0.3091111137937813,10.748492403286315,21.900803173336104,59.01360341020989,2908.960907288537,0.24233281412923
2008,1,平顶山市,0.4623099108586642,0.3000956644162731,0.7494688038793678,0.2741527403141231,16.82660478923098,25.87473572126912,522.2061246815873,2588.3324355415016,0.2726007687726696
2008,2,平顶山市,0.5059768401484539,0.32708746102931,1.3284412694290446,0.421235892826028,20.18863632446376,26.67966979998843,493.6110838164476,2740.77362216868,0.3038640317691655
2008,3,平顶山市,0.6018095082546102,0.408904126201884,1.3856378101817275,0.3929568145613479,24.97263238941837,23.771826587632336,2144.0215322960416,2132.2361283444984,0.3814109574840565
2008,4,平顶山市,0.6981174645748215,0.4910332564928214,2.775179688051177,0.6659025826741755,33.14368256004384,26.05198001564294,335.22638389142554,2571.772590493242,0.3713485143090312
2008,5,平顶山市,0.7198690113318938,0.4927383487124468,1.9469872852752492,0.5421561427053754,25.706183263665334,26.92307921700035,309.983153852694,3093.8981111283088,0.3422820459444385
2008,6,平顶山市,0.7425247051365625,0.494990620615716,2.861711485000951,0.7184812138841643,26.25713822282441,24.442183881280556,788.2274528961738,2392.5789927250303,0.3638147131958321
2008,7,平顶山市,0.7263244423442079,0.4923839468221335,2.4786652736705777,0.6922227950071078,24.919746100572198,25.395833088537145,185.7024381596722,2935.084221592277,0.357972593182276
2008,8,平顶山市,0.7113416968120829,0.4901829494401948,2.206676141461675,0.6590204367745356,21.89058042024858,22.95124268211768,287.8547800813798,2904.50641515438,0.3379774165305163
2008,9,平顶山市,0.683709987105783,0.4371722976210898,1.664942533042663,0.5689725971719484,20.844851586552725,21.98382548226182,349.8751798256004,2198.006421104073,0.3328522324442821
2008,10,平顶山市,0.6579929873483862,0.3848427940589355,1.150672753949331,0.4855054836149943,16.771963215204494,22.514112509128807,360.4265417519206,2658.199144773731,0.3215210653740981
2008,11,平顶山市,0.5624986177909164,0.3150657731527224,1.1127134959311176,0.3591633037393938,15.66522379314723,19.39835500511488,305.9088239652304,1168.6052316540677,0.373092527792383
2009,1,平顶山市,0.5588500358821522,0.3914554577645388,1.3582144594295094,0.4344500834247112,20.813117170052948,27.70037611366433,536.5247591085115,3284.12660699534,0.2396914732895087
2009,2,平顶山市,0.6116407363144897,0.426643010835588,2.306471527640116,0.6010186070362138,29.63420798641506,25.508223684722484,936.3532557274484,2540.2313430166005,0.3740308061251206
2009,3,平顶山市,0.6758305341102854,0.4960839906430757,2.525707862040773,0.6486191214471623,26.55021394908504,27.964950566376853,1212.435608372302,2804.603307402275,0.3344508390012088
2009,4,平顶山市,0.7407130927601332,0.5657634077703553,1.9483244244047289,0.499749512187481,26.48362313479665,24.83583771607407,96.3837940634106,2726.2414098040967,0.3107099167218825
2009,5,平顶山市,0.7284166520846878,0.523737926289206,2.687910283958613,0.7035952320306187,29.28657221189435,24.45367602014181,401.6221207790845,1816.9410581178308,0.3475847856993338
2009,6,平顶山市,0.7171630532820946,0.4820074344037769,2.3010822908911632,0.6617683967201149,26.55124976983547,26.604902265083517,500.0826620822091,3128.2376810951355,0.302529067058107
2009,7,平顶山市,0.7083768994331088,0.464708461506482,1.7045061067627785,0.5260043222200148,25.112192332629743,24.62313280107109,353.5466074525526,2102.224906978679,0.3659529952574302
2009,8,平顶山市,0.7019285217390777,0.4480349490393551,2.0008280666995955,0.6158847989711731,22.72863813255889,21.79595725612703,927.7991481298905,2508.29033537823,0.3609812506988047
2009,9,平顶山市,0.5599617488424015,0.347101492037418,0.3812174621850668,0.1434238431225306,17.738591221056957,20.844653536295525,140.90395415130098,1787.466735617256,0.3365791215002994
2009,10,平顶山市,0.4201124782000423,0.246772537372379,0.7787986807374332,0.3178187381787085,15.494781631979864,20.095821543342502,274.427069238071,1496.675593664078,0.3553123902801767
2009,11,平顶山市,0.4511419427069459,0.2577721762080083,0.9178989200362696,0.4115532850117255,12.934929289410183,19.01599014233145,319.07226740426034,1885.2441736798744,0.374643693492661
2010,1,平顶山市,0.4983053005635546,0.3396900918611453,1.121626131728991,0.3680673622982331,13.245765349444104,29.049515396444303,417.74801753671625,2776.6819106440807,0.2397334136748903
2010,2,平顶山市,0.5377450266717235,0.3836696525252134,1.3699184109029872,0.4686454829342737,19.704905813751378,25.76501594791981,463.60910439096375,2369.7088327960846,0.2752673069749304
2010,3,平顶山市,0.6361931786009468,0.4612049538389379,2.182192989271444,0.594814228444866,23.949470245984987,24.39021162660043,2484.5689068124034,1683.5433059252753,0.4041052126037964
2010,4,平顶山市,0.7373804249769401,0.5402785128097686,2.6260035948921487,0.6638561572328665,33.48238736843525,28.28177732869906,180.97144267068973,3095.031470154526,0.3489994250549468
2010,5,平顶山市,0.7137277181778813,0.5182618134289617,2.332512205636417,0.6212680868358879,28.3130676547508,28.294386025521483,109.25397488538472,2819.349189394592,0.2925936569106716
2010,6,平顶山市,0.6935170575814379,0.4980151381538784,2.1856836817202305,0.6218428299880949,26.1497937412352,27.090105707622858,294.13744718595115,2421.654718649331,0.3052192197648734
2010,7,平顶山市,0.6963102040748683,0.4885620138529928,1.846797021808224,0.5443644091363941,21.865996786100308,23.37389883154328,1516.826569943975,1655.1934971139362,0.3727535291850303
2010,8,平顶山市,0.7013506465177005,0.4799414947267282,1.758998357775387,0.5201727443707603,20.98987294390241,23.069797183717803,55.44422196734061,2753.453676295146,0.350508320922674
2010,9,平顶山市,0.6856513167477464,0.4474733566926351,1.5806893086342624,0.591273519859417,18.11868806837496,22.21118351451244,1917.416366351339,1566.6008647065962,0.3868295032228644
2010,10,平顶山市,0.672693917319423,0.4160054667627492,1.0665652921928015,0.4012892324895754,24.62754506255192,24.814283109793635,61.70806122316535,2629.3278993192234,0.3526937318260995
2010,11,平顶山市,0.5646459216032369,0.3360580349463626,0.5795676292077094,0.2844876199849284,10.69201584904252,17.84826374387347,178.97205266569426,1867.475212669372,0.3363607443183251
2011,1,平顶山市,0.4462679177550787,0.2995767824598064,1.1047581100011514,0.3923699439150883,13.88132671231261,26.510646313893783,288.6084112932678,2489.811745572619,0.28253986567406
2011,2,平顶山市,0.4633732745741446,0.3358054717232738,1.6503293400959889,0.4901611624408676,16.48764323904084,28.233229789007325,45.9943159251131,3326.498794779339,0.2020907455039829
2011,3,平顶山市,0.5504550657777738,0.3936160839871193,2.059812828972017,0.5954474562415717,20.821428773231236,28.863359398304294,98.82903704332509,3442.0831378384287,0.1710867459617342
2011,4,平顶山市,0.6380395434131156,0.4516065154342935,1.492189793551457,0.4504532188655108,20.91903720893478,27.844856922054408,672.1049584683984,2664.099569404597,0.2399291747926524
2011,5,平顶山市,0.6765085017958175,0.4892797134311975,2.8186807527599704,0.70278062076429,27.87114055801014,24.13233262551127,765.7820265138546,2008.3854327490124,0.3786470351023969
2011,6,平顶山市,0.7150624591806299,0.5270217106096813,1.611377550393254,0.4438936837101943,27.16284466817478,27.73744550615543,285.5298044073145,2799.483808863949,0.3165004068115961
2011,7,平顶山市,0.7135543957372229,0.5098365936414067,2.515964469873466,0.6457220088305597,24.67770707197539,21.39740622792471,437.456743248045,1742.795323762838,0.3584966116494626
2011,8,平顶山市,0.7123129345662627,0.4928597425290285,2.23883607395769,0.6254009377654335,20.91583619747776,24.70539683773643,23.579035038932048,3159.284045268701,0.2596387519670157
2011,9,平顶山市,0.6580127659602344,0.4192041872181126,0.1852396900290515,0.0719554677372607,16.786042283347058,19.43913795229683,1216.4213292526013,1034.0443476546047,0.3641220740596242
2011,10,平顶山市,0.6042619385628782,0.3457873079761535,1.3356951584611878,0.5007507260268464,13.431104530219958,17.035242427473374,1221.590033036929,698.468158646786,0.4152356710836287
2011,11,平顶山市,0.5689595014015362,0.3223288005874049,1.126520635501994,0.4614549281273843,14.532358317022045,17.960789367619164,23.367577480814884,2906.252524641981,0.3584391062226555
2012,1,平顶山市,0.4596015606664616,0.3050589549937217,0.9548460992583266,0.3305270090108279,21.680075688027117,25.305637899897604,1807.7893168191097,2067.116163253497,0.3837116566534503
2012,2,平顶山市,0.4996317159431642,0.3361020291898141,1.4380968753588013,0.4455733900058816,22.144801392286396,26.874983454297872,284.47439358978056,2870.4795829560458,0.3551456169889804
2012,3,平顶山市,0.5881029696846366,0.4136323081790515,2.2166870453876752,0.6043138948522555,24.946490295797,27.23220640661421,271.82476355691176,2991.7008367694266,0.2783165190679225
2012,4,平顶山市,0.6771527237258949,0.4914239351056464,2.4929515041672468,0.645704915666907,28.56855369229174,28.78865052036977,252.09492602221795,3177.742066941557,0.2731638489176037
2012,5,平顶山市,0.6787858840550196,0.4837456719323557,2.652270712002539,0.6185732706194582,27.559348419306943,26.022359137825205,567.3888604993786,2478.4874269470456,0.3378545529882466
2012,6,平顶山市,0.6811190834496031,0.4764034880563252,1.9588598030023516,0.5711448596367078,24.08393779981387,25.609591621639357,84.92216979161603,2442.159544439189,0.2808253883211337
2012,7,平顶山市,0.7018449639166875,0.472508957336506,2.508422312027483,0.6623908492153809,22.69254987091192,23.34363108826608,527.0576050759412,2670.464819508028,0.3248010981836842
2012,8,平顶山市,0.7237193652966648,0.4689937794496656,2.344282919232854,0.6667150059610434,21.565027944770904,24.294190802682014,499.93823932588697,2201.692459614669,0.3272589040666539
2012,9,平顶山市,0.6989117456235062,0.4486516534184788,2.141335471915913,0.632316129539829,16.94348858909114,22.11145775560493,769.3985256045287,2659.94645100421,0.34906069182225
2012,10,平顶山市,0.6772081789163275,0.4296097215470427,1.844485045041969,0.6214400526466135,18.8153838511778,19.452260057558405,256.6311900504691,2645.2614762529925,0.3492951316723138
2012,11,平顶山市,0.6010879780344679,0.3763627288650822,1.2135874641448212,0.4891842093121556,12.665194134782965,21.505056527931647,47.51349079112306,2489.7706223622417,0.2747752159937681
2013,1,平顶山市,0.5632444094266753,0.3946379167987319,1.7329400375090338,0.4951567615472713,23.26192416678396,29.64744273046907,485.5146712819838,3132.251967365305,0.2511662087146796
2013,2,平顶山市,0.6133916008404974,0.434338527511354,1.0903324063737323,0.3703101025543646,24.18268725549157,28.8524903901337,242.35728381098417,2987.6278491428493,0.2274688209927874
2013,3,平顶山市,0.6674225073207253,0.4670593141405805,2.1297673174188345,0.5912911351515237,31.116190928519845,26.11361752534191,1635.1838626693398,1883.9070092861248,0.3893959394232287
2013,4,平顶山市,0.7216744329760278,0.4998211577418194,2.9061600219337334,0.6945266706084506,31.46486051121755,29.342756601559515,295.25476161236304,3357.922411337938,0.3145215147543796
2013,5,平顶山市,0.7061301752601241,0.4943247840204956,2.63517240332515,0.6864339722765939,28.53369910807536,29.05719329159645,301.0918060089133,3265.623766193369,0.2979696379789368
2013,6,平顶山市,0.6915005016457917,0.4891784277693556,2.4422482373196104,0.669434452683722,24.94761716230892,30.82470253066807,52.55160326712539,3514.1363836882024,0.2116097980235842
2013,7,平顶山市,0.6493189372732875,0.4364577080491598,1.867920444206013,0.5665240557699618,22.034106065120888,27.39774143249524,318.17602112637815,2519.5766742666915,0.1971287191776099
2013,8,平顶山市,0.608318876309203,0.3841475535728388,1.7675808236858983,0.5663865708693956,16.894827962071858,24.73779540585659,57.52175351202014,2729.573709152457,0.2350030760513083
2013,9,平顶山市,0.567597031501744,0.3598637138384727,1.2412750892418354,0.4757386940473829,12.163768226605118,21.6861725135394,193.19145772055572,2308.44358642241,0.2001566125492323
2013,10,平顶山市,0.5278644584628361,0.3359757451854964,1.0535943891584576,0.4036837341508739,11.454243636231942,24.68856331281664,8.717806035733632,2866.702880952056,0.192827705123087
2013,11,平顶山市,0.4653984123863641,0.2795860912295197,0.6558119195529524,0.3124095540007703,8.261332841116786,21.10655971219223,245.09327399333813,1991.1506914352224,0.2168092174630359
2014,1,平顶山市,0.4824205552513236,0.3155956260130654,1.309636456681137,0.4229838235312884,12.571005047468196,27.171981487402668,169.52338950441614,3362.4483756933137,0.1936758702754146
2014,2,平顶山市,0.4944563392815472,0.3401855926200668,1.3498519905068378,0.4373748086199449,14.649019181405016,27.303262709125438,90.979460059418,3085.946227128494,0.1642509942732126
2014,3,平顶山市,0.5073182818754799,0.3422714362415568,1.4983366042203652,0.4825100825140264,15.528139082558724,28.875238385740165,237.4410024272577,3081.9339727192005,0.201645196565786
2014,4,平顶山市,0.5207146452573532,0.3446148851602976,1.540684950660922,0.4819150889020273,15.903618865851278,28.60305335952079,125.2136984066024,3414.9039374624112,0.1619840078490681
2014,5,平顶山市,0.5491881198414977,0.3666575630857488,1.092584142171236,0.3858858296024327,13.494412616576216,25.404985371115508,236.37298829820088,2081.428186602513,0.1999884510650309
2014,6,平顶山市,0.5782706719508981,0.3889667715414235,1.7113806978792037,0.5283966010206553,16.370908803922834,25.407608699492958,94.61866236536812,2900.225493887272,0.2181195634236129
2014,7,平顶山市,0.5846593095259753,0.3817223288505743,1.3975846712486488,0.4853716936718888,13.497081185133936,25.82300279071927,127.73144752950584,2886.028273526344,0.1793831476629885
2014,8,平顶山市,0.5916328981031894,0.3745732139606282,1.5180783893985057,0.5212385912159369,18.33112400963936,22.427077095092184,563.5073662977668,1650.7910114781153,0.2851297717712274
2014,9,平顶山市,0.5875484347816549,0.3540055155898686,0.2632464143120235,0.1204054084214431,15.915630961362282,23.30151681179085,430.2342868343441,2279.3247764529383,0.28603136925833
2014,10,平顶山市,0.584273113074094,0.3335267967582279,1.20820799958972,0.4603499238349154,17.376287013349817,16.510440439614307,2006.881805637784,363.22220786593545,0.4225243686241225
2014,11,平顶山市,0.5367685376654433,0.3134330796516401,0.9717064171401588,0.3982390820329393,14.857721043815346,20.850127777646367,13.834568393636676,2720.100714962341,0.3415102555085735
2015,1,平顶山市,0.5812259258713549,0.3877426708296896,1.6503316455270312,0.4971072914108704,24.45925510462737,24.63811306857976,35.38154463536694,3398.4117674319505,0.3037948587771509
2015,2,平顶山市,0.6026221088539887,0.3917134216352751,1.5538588733359202,0.4908913017311835,25.9386915279276,25.654999076109814,566.9040401607407,2906.5769237985733,0.2649023576887102
2015,3,平顶山市,0.6497217220474953,0.4377933679245722,2.3259837698198798,0.6351444787228625,31.23755744833209,25.746458855361247,161.36994046012242,2938.1467654299486,0.3127066888171766
2015,4,平顶山市,0.6971095646648077,0.4840429471265627,2.6639138175358905,0.6730669743808283,27.242044865006356,29.001938711099637,165.87969779374805,3385.3079698680244,0.2284078839449249
2015,5,平顶山市,0.700064949045396,0.4830583276604749,2.4462085591609517,0.6259437147258803,27.88303834317609,27.16439814319,295.6641713870485,2785.068043270225,0.2484081357873815
2015,6,平顶山市,0.7038051390471235,0.4825213107403279,2.2880491984445173,0.6375816071509058,23.65712503850624,26.945999426032795,98.59896833346248,3089.529399110676,0.2214004786566102
2015,7,平顶山市,0.6944823749471295,0.466995149855563,2.433462817170865,0.6691273847960754,25.45002336548533,24.379439629339448,369.2147855442925,2484.32475345306,0.2599240275664782
2015,8,平顶山市,0.6861029023389571,0.4519859992925687,1.7843427192812316,0.5335736430037535,21.93473815494252,23.949987009343825,332.6782252223611,2960.8272522628085,0.2904780724164672
2015,9,平顶山市,0.6667194437265151,0.4348307910716621,1.7906313820894069,0.5729653389336289,17.989624162028292,22.777901025646823,461.35322867379176,2198.287096738565,0.2997667282284149
2015,10,平顶山市,0.6491410945597027,0.4185037919523278,1.592765565427278,0.545434732496538,14.818459354963943,20.840725977846944,46.462644353770685,2736.6900344352616,0.2646139832552964
2015,11,平顶山市,0.5568404980138123,0.3485968015232664,0.8882310522654234,0.4003037285551644,9.359374814559946,22.024337007227874,177.12808989037293,2203.274247040927,0.234261759871638
2016,1,平顶山市,0.552518160427139,0.4142290816661717,1.234057373132662,0.3902993722169497,25.076349460390507,26.34344325514268,206.66795186630347,2934.506665207911,0.1940131762218276
2016,2,平顶山市,0.5822521681483268,0.4453812561690807,1.467208872628735,0.4484265048599903,27.81941203571137,26.89389181359382,525.3554977469283,2443.407261998023,0.2677332591361574
2016,3,平顶山市,0.6566501285568279,0.5059065626220844,2.902056572608286,0.692075627568439,30.19975796760855,27.968743331090163,676.8597653990819,2646.986131310684,0.3334467153486894
2016,4,平顶山市,0.7314288663599565,0.5665854086723046,2.6925545530806447,0.6761822020338385,31.05754798432878,29.983999996667613,302.3389641053053,3291.0680747847614,0.2754255271502726
2016,5,平顶山市,0.7113107231106097,0.5283810964023671,2.010640060429685,0.5413048006896528,31.794257468447395,26.035799230218167,586.1456767912108,2268.539601093294,0.3328149505015109
2016,6,平顶山市,0.691920081430602,0.4905121492692855,2.204650479615633,0.6116241696599242,31.804285213051884,28.69370974426036,132.85571162529604,2708.724039492399,0.2683057995147396
2016,7,平顶山市,0.6613392525455927,0.4452234861012678,2.018759161942601,0.6056393092568964,27.56253046675936,28.065381740555782,574.8508073840388,2468.976412398741,0.2336057432706753
2016,8,平顶山市,0.6318109174393052,0.4003049996718963,1.9945902868810583,0.6167730739383879,19.998667013803946,24.63987164916901,29.87526384425246,3165.767711728984,0.2467603856158817
2016,9,平顶山市,0.577988529309803,0.3777875849129212,1.386220209490718,0.4911823231643614,13.600980995854425,27.063180803602556,6.8376784025262936,3080.0065621422445,0.1578015079043713
2016,10,平顶山市,0.5255185358935968,0.3557506363597651,0.9495832960561972,0.3564208563902837,12.1577386715579,25.43914279136196,36.57055367415774,2793.2362095439767,0.1462430167153494
2016,11,平顶山市,0.4801398092634387,0.2987328566342458,0.7735646981491576,0.3566797492159347,9.94939818331673,22.752671992256893,312.4979302044575,2066.281998965685,0.1789000184597932
2017,1,平顶山市,0.5787070533531694,0.3989095352513386,1.975279451085098,0.5702590544238823,20.86790703449505,28.448096129630063,800.6226850069784,3251.271092890388,0.223507218015434
2017,2,平顶山市,0.6165771962939259,0.4240457359493539,2.0988751213111776,0.5908416019781771,22.97099079037751,28.43300626326094,193.9321661893175,3166.2260508579184,0.2547957313810955
2017,3,平顶山市,0.6515085771461412,0.4710135310055438,2.538204527545247,0.6596568153271054,30.73603623471861,30.43475297288928,118.18140364565082,3342.737321898904,0.2394723907134262
2017,4,平顶山市,0.6875399568271583,0.5184087805478242,2.9137610445751227,0.6951683519249862,34.28916610252745,26.69284135575036,458.5260453196064,2119.763652609636,0.2497631623748779
2017,5,平顶山市,0.6919395237703723,0.522581644315275,2.690500427608614,0.6880919186819358,30.38337191219948,28.565452168702844,438.6871262939538,2908.538468315088,0.3024856516492266
2017,6,平顶山市,0.6972267460067311,0.5271082500855668,2.291259315024913,0.6286468471172529,27.55552240021371,27.726024900062004,44.313436176015685,3236.517561379193,0.2294042931099002
2017,7,平顶山市,0.6704838816621425,0.4844253573100618,2.0051729622422747,0.6077975352979635,23.15834693774688,26.753465844717542,315.3664055593307,2264.132472632857,0.2762924539607383
2017,8,平顶山市,0.6439873162168872,0.4418834854854711,0.0084029202454104,0.0095861255233054,19.893351450492258,20.971920737894976,620.0726584799825,1302.9042561184565,0.3054248879384107
2017,9,平顶山市,0.6458252029469529,0.4189255222416402,1.8398732563372715,0.584369690917181,20.30872397071849,21.10119564491568,928.3477451952284,1610.3738840124954,0.3866253926189942
2017,10,平顶山市,0.6486123966751097,0.3963832203151661,1.3777522439323815,0.5242012952543406,14.557024614371535,22.46983262792165,15.73542435526872,3054.1290953261546,0.3232462200008315
2017,11,平顶山市,0.5499155882429686,0.3285459417630142,0.7896189899067397,0.3528026174654704,13.15181242860535,22.93710851962778,448.1085964059873,2001.2796198378992,0.2890575109085714
2018,1,平顶山市,0.612880377580093,0.4337158696306794,1.614777788735866,0.501801798492386,27.465260236090156,26.13295208391541,388.890813022734,2666.948793742588,0.2989310058837841
2018,2,平顶山市,0.6663058912741027,0.4942077502517046,1.9915527696962732,0.5724516649069106,32.58619512983498,26.72031925990248,561.2668020397597,2087.5263188491035,0.3528567308345686
2018,3,平顶山市,0.6752180283676827,0.493136645376225,2.5294870958129607,0.6557453623569439,33.15282936443712,30.50516937451673,19.22394691560565,3549.612720248841,0.2332115998603096
2018,4,平顶山市,0.6852084226405013,0.4925559177811289,1.6916189322984236,0.4798066846982971,32.98044136005002,27.38657738475235,1440.3803141716082,2310.048983740217,0.3572198082065553
2018,5,平顶山市,0.6924332160904197,0.5008776632177947,2.4863034502684798,0.6475548706905218,28.688142995350315,28.5035248679868,307.17960613453795,2938.692514971197,0.3674940169214503
2018,6,平顶山市,0.7007406542949453,0.5097270834555103,1.554658759819342,0.4824060105585975,29.1447848199177,27.61246958863211,216.05614432991032,2869.3061561091504,0.2923811625722009
2018,7,平顶山市,0.6752578443896439,0.4813544708172604,2.4764169823940545,0.6841371162495925,25.218336378009905,24.947255016336296,2073.3772062598337,2532.993493899998,0.367933325147497
2018,8,平顶山市,0.6513272702369889,0.4536380600024118,1.724940810237117,0.5627601558395081,21.23069342803776,25.44829019453401,262.87863054542504,2260.0564678788337,0.3215042207088254
2018,9,平顶山市,0.6036182197067462,0.3923670223959846,1.346391854557489,0.5017660449624203,13.67498447482348,22.98163609186765,15.39733814218924,2897.994639283312,0.2792594954053232
2018,10,平顶山市,0.5576451026214885,0.3317214231324211,0.3694116520791103,0.1698890605305838,14.14837436983014,20.76309418217087,502.3220094051208,1311.4771146492983,0.2944741781306703
2018,11,平顶山市,0.5172399934671866,0.303645688638994,0.962025985587342,0.4135975742504428,10.36411962244676,19.263847886314068,503.4184921091247,1919.3614088698905,0.3753144558707962
2019,1,平顶山市,0.5613160430262102,0.4022076103614068,1.7683172508624438,0.5317217899509108,18.22570290349359,26.79821943853113,15.513584262915746,3448.7205735509083,0.2319793207577387
2019,2,平顶山市,0.5724302412650437,0.4227717372667466,1.9274000402825875,0.5645933387157971,21.570636228413864,26.83062291190118,109.93902063599752,3226.929650530346,0.1973630422945907
2019,3,平顶山市,0.615603222850406,0.4476816749334889,2.0771132035063085,0.5968605612329875,23.017401804967317,28.787936001595124,334.332584674822,2990.103591292669,0.2477079706230474
2019,4,平顶山市,0.6597995307502061,0.4729637137773054,2.016261164683602,0.5758399686919436,24.70252846564011,29.821747221944506,602.416436750683,2714.6584841633558,0.2652325674005283
2019,5,平顶山市,0.6778877983451165,0.4914336627735056,1.992232852790972,0.5609826720148593,28.87733246336361,26.556704735745814,770.0022467690607,2185.8392749765053,0.3689245433573297
2019,6,平顶山市,0.6962537919963558,0.5099928017404972,2.6538318403852577,0.7020483578068396,28.78578338133624,27.011664600520607,155.65084180698517,3087.971553113005,0.3141310618859488
2019,7,平顶山市,0.6794236472098208,0.4955996091475184,2.143016120277266,0.6325201517431464,24.94005779248676,27.10576925255612,151.54632113579524,2856.945077082386,0.2342270014589353
2019,8,平顶山市,0.6630366425079374,0.4812679616963145,1.9864253574311364,0.5991160854587152,19.800987030846464,25.31054516140933,126.63018381688656,2661.2786783149545,0.1992886718386535
2019,9,平顶山市,0.6181788447745786,0.4295263276710239,1.6908004225098856,0.5536246458976171,16.13041928173963,25.857892552120585,113.29547555846302,3082.462371848185,0.1756511696749618
2019,10,平顶山市,0.5739672033967289,0.3778123425583382,0.6023081071301385,0.2748603032753793,12.636126233286443,20.27488883076692,482.6203590394172,1147.5587198803785,0.2970251513463443
2019,11,平顶山市,0.5156985417286674,0.3314122258593766,1.0975723701658429,0.4470225311197035,8.771079921739535,21.45983642820852,8.338452975443468,2595.424408805201,0.2578451526039977
2020,1,平顶山市,0.586332065288838,0.3886951594886001,1.6976179065176769,0.5302122299194966,27.088498459972463,27.061042263217367,49.25890163575188,3304.1303260290333,0.2526707620257418
2020,2,平顶山市,0.6170126165673144,0.4083198437510315,1.2763524357738962,0.4317737207399219,24.46502290242986,24.088446367368444,782.9550316249919,2184.5147602818647,0.3020692595499947
2020,3,平顶山市,0.6740559839705621,0.4510689617399107,2.5047844971042807,0.6382521218890987,26.32277526385068,23.384943059500948,1395.305284867698,2018.0254135773785,0.383367412398581
2020,4,平顶山市,0.7311533645560319,0.4938533842180627,2.034972929034298,0.5622167521070979,34.285068863276784,25.40818375109682,360.08771821693625,2277.8513346822747,0.3712564176974801
2020,5,平顶山市,0.7264662464555685,0.5120630219704458,2.384657824838985,0.6351571741269051,31.961756231450803,27.25658025725172,541.2194980292963,2144.2411792144508,0.3809177238908174
2020,6,平顶山市,0.7223021648759947,0.5305130859192964,2.044704625090086,0.5432743391868258,33.018924423019506,27.84993047067976,331.52086177801533,2716.3739485488704,0.3521751619143847
2020,7,平顶山市,0.6841395312465913,0.475212801560521,1.9571854537000715,0.5640413036510041,26.544454147035083,23.837852681959863,858.1790087364765,1625.4788692869038,0.3812079879780446
2020,8,平顶山市,0.6481950972383631,0.4214603048849799,1.8696662823100567,0.5848082681151825,27.3899862043279,25.12514188835414,5.838292539868908,3436.601345817628,0.2896900183754294
2020,9,平顶山市,0.6145490859576291,0.401485054486049,1.7805407827353468,0.5760106389922074,20.634099359271417,24.934699565655038,63.5244963147572,2993.6358481097136,0.2125057133800915
2020,10,平顶山市,0.5826687841790926,0.3825880788373934,1.379970038661248,0.5223778676762046,15.12975923951139,22.899555956502557,5.790284910043866,2764.249902733889,0.2073090334091741
2020,11,平顶山市,0.513448734516117,0.3277259511827811,0.7728866834021363,0.3378328111186849,13.429124278092894,19.66789723572664,401.7109713598185,1887.1506590839012,0.2810699938799172
2021,1,平顶山市,0.5455852839863974,0.3687965035925994,1.341985151116159,0.4495870523283889,17.588633872339702,26.71898460338401,162.72128113779942,2821.147017401041,0.2094388546855054
2021,2,平顶山市,0.5796692038923295,0.3716541398798249,1.6373498639100754,0.5121663032251514,23.29867586585348,28.760298876310067,1086.2626399504209,2735.0586905049386,0.2732493776930395
2021,3,平顶山市,0.640432012613345,0.4362753173340788,1.92962819855073,0.5563011192214193,28.49158524289633,24.811216269873636,2958.7695184829586,1559.4429645625185,0.4068666112681288
2021,4,平顶山市,0.7035359588799249,0.5020048030175546,2.750738450560288,0.6900912724527012,32.845117958065686,27.576864846238596,109.93877238082568,3379.311484691209,0.3350395954144357
2021,5,平顶山市,0.6997455395124678,0.5080109618377477,2.3047267141719594,0.6297546890520129,25.99256758864689,26.986654078852908,54.618390751722174,3242.857606322508,0.2662419396539307
2021,6,平顶山市,0.6998049615508223,0.5162812835200222,2.2043300137944373,0.6087672116032025,27.12926441918815,24.41266144934331,371.6549701364862,1960.1806359590869,0.3053186278767226
2021,7,平顶山市,0.7045986312628347,0.4844050108465992,1.4270259800010077,0.4780577375322165,20.550551237825108,24.817747087767703,1314.4970674797903,2222.903943910872,0.3549080281060334
2021,8,平顶山市,0.7136569565435644,0.4544537459189248,1.9223024024145012,0.5549722840039372,23.457062752363186,20.354350577761785,1669.4143644251535,1043.3296312879686,0.4077613453034662
2021,9,平顶山市,0.6854002746089309,0.4422780684260895,1.9830151643137792,0.6272063295691733,24.48501648455725,22.606567896965917,388.91718228641207,2314.6970774856536,0.3943133701022385
2021,10,平顶山市,0.6617495870756228,0.4318465421606645,1.639745005151464,0.5705680603996697,16.44395062465028,23.18456793558088,355.98878429178484,2554.856063886679,0.3294190704362908
2021,11,平顶山市,0.5965470476415053,0.3656727103152391,0.5621841474254841,0.2649824676870532,17.62572000764017,21.576328511107004,1211.6103727210657,1764.147206191088,0.3997363071010795
2022,1,平顶山市,0.5130460437220101,0.3529946907786553,1.532969108831311,0.4941145952400267,22.373747833074724,27.93506287433252,594.1182506655881,2953.640850108879,0.3055820860954654
2022,2,平顶山市,0.5906779798844048,0.4016960303707688,1.5848299309922331,0.4859276993375577,23.96073279702512,28.160523425687835,343.4269989302636,2210.879333385777,0.3011280847455029
2022,3,平顶山市,0.6419403204620762,0.4366208391074823,2.2485832839843565,0.6211851681644734,29.430025463687866,26.37200688822823,472.42100611925855,2871.031931381245,0.3188739975854766
2022,4,平顶山市,0.6950737597499649,0.4720038412834676,2.2223193361602704,0.5995550550705557,29.773317829609656,26.579636355107738,523.4838356168982,2674.127448182372,0.3428548913586413
2022,5,平顶山市,0.6826808816805452,0.4747080812897565,2.471897203825628,0.665502946278247,30.427705283021343,30.40455834651626,72.70476401817389,3310.4040467647064,0.2392395555168244
2022,6,平顶山市,0.6718651739966299,0.4777941144943036,1.5803858910124269,0.5160847376184822,23.862079274007375,30.83555598789279,90.31215259179356,3001.7720516324234,0.1803171601406921
2022,7,平顶山市,0.6721619448861764,0.4706323372478647,1.6756297839569028,0.5500089865486084,19.32114114432868,29.07487129832028,150.79763955834227,2865.439366659325,0.1692343230782235
2022,8,平顶山市,0.673411471408836,0.4636905229696736,2.0499753801216865,0.6163298777028977,20.1567826747002,20.488388120970203,687.4280804327756,1561.648794884296,0.3501377736228984
2022,9,平顶山市,0.6617734073920896,0.4420099224292254,1.983745830637524,0.6177834255691887,18.03022168958401,24.13886669257992,65.46657017429655,2861.733641272079,0.249014850661257
2022,10,平顶山市,0.6514524282563112,0.4208429785480905,1.4386038467397848,0.5524238937275135,16.1118883549782,24.034886900204384,11.829544873564888,2852.1172548962227,0.1952530782401484
2022,11,平顶山市,0.5827037302525756,0.363223327363555,1.1360590214338355,0.4527429978185706,9.414456603029512,20.749022208082973,2.3504076272843464,2266.7160753811504,0.1584697324676385
2023,1,平顶山市,0.5888207143452315,0.4089372949455191,1.921480720614653,0.5685105525386035,25.0431343271038,27.07169608888528,682.9977851319303,3006.961591558564,0.3308142812329991
2023,2,平顶山市,0.6079871881819265,0.441981082479947,2.0378223846296266,0.5856447954198497,25.434553821773388,28.945036573371777,334.79516923159247,3216.3557077880746,0.2975570970947524
2023,3,平顶山市,0.6767774768084268,0.4766822744491594,2.3161557988528503,0.6168077627734552,29.940911764423827,28.181942144398736,91.78542297616652,2909.825447726486,0.2244368750084182
2023,4,平顶山市,0.7466309332247233,0.5116703740197694,2.860029024450865,0.6995279943237317,31.56067213621156,27.220091033177283,702.2653784139541,2313.834222944675,0.3047684785421474
2023,5,平顶山市,0.7446563013967393,0.5127649216595485,2.4345220128747047,0.6496900386056194,27.919565801220152,28.421027242310974,236.6780820038368,2938.659686545067,0.3155374042166043
2023,6,平顶山市,0.7437820145023917,0.5143101478595328,2.8559836196670774,0.7154323267819783,30.600943684164083,28.61349451018702,112.85003300795694,3235.993387543793,0.2406205199655997
2023,7,平顶山市,0.7229646942286325,0.5054542319318454,2.390875722358366,0.663806897855269,22.44427184825536,26.914366603017516,286.1527060332817,2620.295641710785,0.2726719257999933
2023,8,平顶山市,0.7036091852196188,0.4971331843088648,2.541441003977748,0.6942067639767215,28.14777096599675,22.77929063561444,1197.2818233109597,2563.348021448161,0.3496090413580052
2023,9,平顶山市,0.6568817548155396,0.4523715971302691,1.694620292911336,0.5512218730254131,20.145382401470545,25.79024239477469,56.88172633357486,3060.380863031616,0.242508471274091
2023,10,平顶山市,0.6115724636851516,0.4081546208434454,1.3238644764052745,0.5062110308228085,17.875097140749638,23.866315478186973,412.8687851976243,2238.771556222063,0.2924840911807767
2023,11,平顶山市,0.5306507744278173,0.3491024469434716,0.3316915784480227,0.1599742966234693,13.87724452645482,18.60789909577086,2244.6202700311137,1129.1053122121198,0.4024412885287818
2024,1,平顶山市,0.5575423463111598,0.3847169402721551,0.9881905437157172,0.3491473717390694,22.633992780152365,26.05370628478867,905.3248317491768,2454.386176344972,0.319789520648336
2024,2,平顶山市,0.6157729182007212,0.4394946610707727,1.6242987286038255,0.4983181414235935,27.467092951324062,25.452821670416995,1630.6038876317075,1893.0542403296056,0.3862628034537804
2024,3,平顶山市,0.6661108057203883,0.5001343214187555,2.0791698578676447,0.5883038417557045,30.727482738229718,28.84942629686991,680.1207582007618,2487.468336332172,0.3831730875469079
2024,4,平顶山市,0.7187758057138126,0.5614484078840352,2.313157907286925,0.6085229906935349,34.850363171304025,27.693828290512386,503.5203831782299,2364.858147815417,0.3723339671873848
2024,5,平顶山市,0.7322569436461257,0.5765194289225489,2.16579230240553,0.6000371376062239,30.78154295485913,28.092342843047465,739.195007819095,2433.405508120796,0.3706615349278077
2024,6,平顶山市,0.7482718082520935,0.5926492585734104,2.5935841106419546,0.6671535842490632,32.291898776182066,27.328140806131884,126.0798332859048,3343.187071338205,0.3203902273290669
2024,7,平顶山市,0.7353852030152381,0.5518340123476305,2.6656847074462906,0.6925821204226791,32.287021013010715,27.7250091991312,244.7293136012285,2892.374542872836,0.3157520667741234
2024,8,平顶山市,0.7245229485484515,0.5117038351911517,2.449559353364238,0.6848930976237725,28.547252889269387,26.93153484439771,121.1075002164254,2611.070733839052,0.2706240417275448
2024,9,平顶山市,0.6668384031178177,0.4707779084591576,1.6398154734049,0.5665167835791395,23.84538920549507,26.708497366848267,29.492007213953176,2567.0846146495683,0.2064039466486381
2024,10,平顶山市,0.6099921387251642,0.4302244635131181,0.9435530486369056,0.3610294316619246,20.765494185462742,23.7935215143812,94.41026796327456,1753.3988012454518,0.1951224562931298
2024,11,平顶山市,0.5449300077118847,0.3557337317565774,1.040991480341972,0.4365430747588663,13.102583148729565,21.14806635592452,54.40562672462441,2583.454168312557,0.2222510283971998
2002,1,开封市,0.5941310837288415,0.4357123126970888,1.575329617715714,0.5495885543865012,17.694892347926437,27.322314858422384,252.8284720013233,3266.0638542722822,0.2848797458561363
2002,2,开封市,0.5941310837288415,0.4357123126970888,1.918500335234064,0.6022812330961871,12.622662651317476,31.30139053487809,1.7726968800119105,3773.37506670716,0.1739132706851221
2002,3,开封市,0.5242546857429143,0.399938460504207,1.5488989032710248,0.4316133454046275,21.94886264789792,27.00888397682555,472.5319599676008,2798.0167622373506,0.2913213610122369
2002,4,开封市,0.454496529656949,0.3641681880875395,0.5591821654163714,0.2137567421206678,33.13425519042967,26.745547095824087,668.7169506830337,2531.9016155007,0.3466096772325025
2002,5,开封市,0.5933872938958834,0.468080312141427,2.670113233524107,0.6646942833576879,32.0752304195061,27.18969090120472,262.901057709334,3207.069682105612,0.2923919506804527
2002,6,开封市,0.7322431050418553,0.571967120209883,1.7126150439978538,0.4939829507602776,25.41405974394482,24.29652861319301,234.960479659538,2863.748502427676,0.2219025455537864
2002,7,开封市,0.7284936467404015,0.5467687060513339,2.914889401391332,0.7447592478997547,25.84762205995539,26.84618511189396,452.8248862729562,2429.6399590434053,0.294044938894307
2002,8,开封市,0.7248690311677465,0.521603462891693,2.324394238948915,0.6810144255448396,22.222640554002385,27.86879796682721,64.36583830302115,3476.3656482520046,0.2391888049849507
2002,9,开封市,0.688006941588831,0.4816361561000998,1.7467098648379766,0.6003247540284231,18.47051085599088,24.25257114490076,18.530776506275537,2880.701703728646,0.1565159863457283
2002,10,开封市,0.6520880289009069,0.4420981219802422,1.1952744284900607,0.4677942296256576,13.667800624892395,18.971952069479592,346.3489269179417,1973.4233952500545,0.2720692480502517
2002,11,开封市,0.5424410406027069,0.3584082796482274,0.8793939800302868,0.4270839075411666,10.729334972821617,20.577254791799778,188.8863817385008,2414.870009506737,0.2701433829598237
2003,1,开封市,0.5059390804913801,0.3411951373619817,1.2570172745649737,0.4605772832597642,18.50027877502041,24.89602180717337,665.0723252398958,2554.988751639443,0.3541684759221707
2003,2,开封市,0.5628088179770986,0.3883828490842642,0.8614382438187445,0.3238338878969537,25.768958783969023,22.237580624803776,1364.6490652229638,1669.9915382142829,0.387538251334209
2003,3,开封市,0.643793635949716,0.4807813254857017,2.1271185635026844,0.6113882968825719,30.256551214683864,26.38158696470721,745.221815252333,2535.791815957809,0.38571389238666
2003,4,开封市,0.7247864209776836,0.5731798018871428,2.4001535795696536,0.6382710205937699,33.86226343012086,30.18185995111993,111.59266246958929,3224.9654711257235,0.3176202755129401
2003,5,开封市,0.7207668489230596,0.5699621432945349,2.685995705049188,0.6799987300588971,29.133509933913757,27.566819380616664,601.3838173695473,2664.4077127919545,0.3386991658858025
2003,6,开封市,0.7167565764531196,0.5667444847019167,1.552295721985092,0.4804947330085005,27.38484190151383,22.116947080035523,536.5941916508798,1079.5963246261642,0.3889109966901687
2003,7,开封市,0.6490628166752133,0.5094078159093883,2.1092741808941406,0.5852271639006084,29.763624555363823,25.47648489786019,760.7880640982385,2197.802861662124,0.3794659032680978
2003,8,开封市,0.5813690568973247,0.4520711471168718,0.101653405501041,0.0480875407966693,18.52905384832374,20.190881941806776,1686.7402236450264,1436.2024651036054,0.4144235753214516
2003,9,开封市,0.628297707696894,0.4362773521304916,1.8839156095413965,0.6118847030852416,18.636664321384,21.113123943178987,477.40580688979696,1729.1155785216154,0.4002310618677121
2003,10,开封市,0.6752263584964779,0.4204835571441274,1.2096728233933558,0.4584821259446776,21.154712924800943,24.001080053805644,167.34889499436437,2699.4926672005577,0.3336936532115793
2003,11,开封市,0.6195515943324623,0.3874584504648655,1.195681588264859,0.5173041194067058,18.662279852651125,20.846025264516104,157.02174396364023,2532.3417063242428,0.3407313334189005
2004,1,开封市,0.4768897729870305,0.3391570928194904,1.268520230977595,0.4853694574848773,13.333760103809668,29.003769746081275,210.0072938831516,3797.5507910694346,0.2289800021263682
2004,2,开封市,0.5129360403488239,0.3766068089314038,1.4807690457251537,0.4357313165739536,22.04019737910715,25.123189799872275,1826.8469010842232,2525.6602114509037,0.364233034913563
2004,3,开封市,0.6194532188907524,0.4691129321308461,2.638341429052118,0.6604709074176872,33.26431754538678,27.238224555414423,1122.787099418253,2745.2542556213243,0.377681034514265
2004,4,开封市,0.7259725819605838,0.5616190553302755,2.492330137218601,0.6255912038201816,31.161408996073035,27.065238436834544,421.3422478141133,2185.6746348565853,0.3838846972865083
2004,5,开封市,0.7409523863688324,0.5667398094230833,2.6075311960945005,0.6306384284583401,35.171355300514605,26.66457414838501,817.9850543415714,2286.3523515953198,0.3880089474600021
2004,6,开封市,0.7559343318032442,0.5718605635158741,3.061015871951718,0.7311540333822085,29.660681749939585,22.810831652667037,1024.0765454400216,1711.25549514309,0.3989527518671378
2004,7,开封市,0.7279249827191453,0.5154995844598086,1.743146828345247,0.4753035885134929,27.024357065545765,23.35413897870439,111.40192812207972,2503.370242270814,0.3580859918774105
2004,8,开封市,0.699922578002763,0.459138605403746,2.4525533891226785,0.7014694452683193,23.04411982082819,23.897479930249283,622.7108121164067,2466.5615178059384,0.3672328565455475
2004,9,开封市,0.6762023341546113,0.4420689377187666,1.9420377872587469,0.6234205106808727,21.00747431565423,22.327765124416292,64.14628460736756,2564.790454846366,0.3354604105710874
2004,10,开封市,0.6525065503116249,0.4249992700337963,1.3263145224853492,0.523156309551829,13.595392844121331,21.397635815424525,79.53402384293354,2645.658739395876,0.2792659770909019
2004,11,开封市,0.5717424678473164,0.3710086472246687,0.9416665734467554,0.4473825555246645,10.665488254268752,19.037109860171125,582.3359359978054,2561.2478752150014,0.3548403757422479
2005,1,开封市,0.4868554135789739,0.3442573661324746,1.1623381713386536,0.4257091468366062,14.772626027033,25.51526418027047,541.9246460034911,1966.2950216039933,0.3621030543540914
2005,2,开封市,0.6429090483960522,0.4545478265665381,1.800395647002588,0.5831896003691311,23.31901457127389,26.772355911282723,734.2218313472605,3136.1624456161912,0.3215298087916258
2005,3,开封市,0.6765523479039957,0.5127683876562451,1.8222704826285736,0.4936424426621952,25.71014881159459,26.99931456150936,803.7669700028835,2080.168184341043,0.3860555802514027
2005,4,开封市,0.7102000027481287,0.5709977446043003,3.4728684616777303,0.71808127575394,27.594926077018076,27.092854830061327,1134.9084740041746,2675.49092787273,0.3892411776177312
2005,5,开封市,0.7490745418119118,0.5741358291963932,3.7854227933106976,0.8005793413462756,32.229874478478685,26.054838008919404,384.1396068393103,2453.078462771899,0.3731723913819657
2005,6,开封市,0.7879391361373008,0.5772680706962703,2.705181046848343,0.6653439702601954,25.906508905415507,28.02159976992832,300.2276705792958,2839.1782215870508,0.3083374201564243
2005,7,开封市,0.7668837874810025,0.5436492519999884,2.4887993983711336,0.6659911533217632,26.38738677506034,21.02859467196295,250.50202046482488,1885.8963704706748,0.340000542140392
2005,8,开封市,0.7458284388247101,0.5100304333037141,2.3445401594304776,0.6607965070533661,24.755257425220723,23.689349308771654,1130.842500389451,2346.1320881130187,0.3588636953319085
2005,9,开封市,0.7063538738531204,0.4686554399274233,2.0956244596162863,0.6426574695503756,21.079817929548344,22.49712877808036,30.589946982705708,3235.2139720535283,0.3366876633350073
2005,10,开封市,0.6668793088815328,0.4272804465511337,0.8777939222556523,0.3309444553606788,17.462171249738088,23.88332265677288,245.62360034006835,2093.546279573584,0.311964576725133
2005,11,开封市,0.6141318866687179,0.3708986761424757,0.973019106952246,0.4300131247646951,12.543172920788976,18.549521421325068,972.7565252747954,1608.9869763679276,0.3951825272091601
2006,1,开封市,0.5000362673894617,0.3479749286933373,1.4249198823579388,0.4685649502446749,17.61563498431659,26.95754261658068,684.5860684765204,2599.3442038032035,0.3645795668589032
2006,2,开封市,0.6070059667144494,0.4272405537661324,1.756857748203242,0.5244320835334003,22.974798942143885,28.98723193592915,137.47603747921863,3143.256614481342,0.2657874601067815
2006,3,开封市,0.6848185466510794,0.5195545497806495,1.9538590687720985,0.5375319274581661,24.69481515182935,26.925227352750017,274.9508063325679,2205.691072351551,0.2830147597185951
2006,4,开封市,0.7626351600838873,0.6118730783010531,3.2854338980699493,0.7016629666103132,27.54337407129777,26.944087480260848,546.0998957808408,2706.6437680458635,0.2968757914167833
2006,5,开封市,0.7643470728550411,0.5921158273848138,2.8456465314305217,0.6619682726894462,30.98335972215367,26.78148510193756,920.7122216125524,2691.585464427744,0.3804627495924407
2006,6,开封市,0.7660746573757778,0.5723577427541412,3.104332756799415,0.7588443621058704,31.218981818013056,27.86076435165976,151.7832645966408,2863.064367770966,0.310092435805624
2006,7,开封市,0.7418964895421755,0.5417237320619249,3.363555271321571,0.7339066611318176,25.290636845026597,25.66761379683385,242.2761155475244,3121.9918220465497,0.2263266958867398
2006,8,开封市,0.7177848483801037,0.5110858422928742,1.5668221208304032,0.500330418611648,22.72417932819464,24.95397155912964,529.9165407227806,1682.6516324428587,0.3534302728860344
2006,9,开封市,0.6694703869873385,0.4447910835327827,1.341568731881092,0.510430707576804,18.6931827148064,19.421493126881103,201.24821943178029,2582.502030673324,0.3345684527649528
2006,10,开封市,0.6212746926530875,0.3784980096622309,0.798161778118786,0.3667487937174724,10.810764316512008,21.1615334867619,7.968640186814278,2863.615142501952,0.2453515819349591
2006,11,开封市,0.4957466182836995,0.2968025078689747,0.5265662972322414,0.2741464814318589,9.42277948249935,22.689464093214667,78.5540465244259,2461.206438723725,0.1963473170928828
2007,1,开封市,0.6233572045940083,0.427082763281697,2.337481653431755,0.6561295231791561,23.08959071617585,24.964237491484003,1403.57301731435,2276.019742223484,0.3782870316755642
2007,2,开封市,0.7369708668455196,0.5394508603006432,2.247060987399665,0.5745091664076087,27.919548031534674,26.491176325782178,1074.1384226502782,2828.110466447936,0.36195214557003
2007,3,开封市,0.7691126098326388,0.5640969495433004,1.0885771467792549,0.3710254772624304,29.350143472744023,24.340447732035877,710.2287491379269,1984.0791812202197,0.3872101522652487
2007,4,开封市,0.8012825123726405,0.5887430387859564,3.6598756926577143,0.7856569527676917,33.312458465531044,28.21462695516781,239.77563677221565,3068.368542601239,0.3417412549725545
2007,5,开封市,0.8091033260462268,0.6001589463326502,3.366990956693587,0.7211153282298547,31.65000706032907,26.786374928175874,1460.281221364571,2265.001788275449,0.3846585976752439
2007,6,开封市,0.816943892023213,0.6115745055592048,3.5208628098787806,0.749138060209381,32.597262928433885,25.392134290439152,445.55999839182704,2758.693891305748,0.3655881122913895
2007,7,开封市,0.7315809014458603,0.53222704533695,2.636967305188211,0.6144306279462304,31.41449135391096,27.49521835546917,120.37390408705164,2666.4616947827585,0.3174347403599784
2007,8,开封市,0.6462053940884878,0.4528655766474082,1.7677955553286846,0.5563990529605735,22.86735841678356,23.37749184461592,441.0078736980244,2072.4352185243706,0.3267530192242245
2007,9,开封市,0.5694267095467669,0.3747196268760164,1.7010475534967662,0.5725561316513085,18.07851417096133,21.90626795297949,171.58457514111163,2716.6347518621305,0.3219776804785634
2007,10,开封市,0.4926847632652636,0.2965813727092135,1.1494513089452545,0.4995605078988447,12.381294427324798,23.22383755208938,59.97255073499234,2653.4352246825724,0.2649040029327811
2007,11,开封市,0.4636736739358694,0.2975722720683714,0.696176368874841,0.3628563817667868,9.0461343690149,22.96036763905995,35.78038309664074,2911.9025609517093,0.2025657222582386
2008,1,开封市,0.5582767448614356,0.3877670465484339,1.1618535230564833,0.4107667360300565,19.058603432689036,26.35714164388504,702.863377294782,2436.087926024938,0.3000953048699586
2008,2,开封市,0.6438468321528799,0.462167974590899,2.3377038812224464,0.5516235164938502,27.69118940370646,26.83245221014808,734.5980733916789,2679.6419643460163,0.3577304170949094
2008,3,开封市,0.7102381190990628,0.5270332051558398,3.1249079887726814,0.7256416604328867,30.321113204181515,23.94874056842073,1813.342699161395,2087.510388496823,0.378608236886829
2008,4,开封市,0.7767758722891638,0.5918831857915051,3.573584932861161,0.7647223478657525,35.66052770455557,26.780488748131106,313.2848185311012,2479.477308677933,0.3640817366436672
2008,5,开封市,0.7764579735769068,0.5784617309736797,2.603056654707389,0.6289007923719209,30.12073905607521,27.39366927945097,187.0094032400173,3202.614491068265,0.3255418642653858
2008,6,开封市,0.7763213692791113,0.5650402761558619,3.7309383797040425,0.7936452674735995,26.59339978463125,25.426846109639005,612.7834125800136,2428.582389114186,0.3252197746857546
2008,7,开封市,0.7434105738174642,0.5442523121613738,3.02259778741934,0.7356307981013666,27.744298037595147,25.633519620544444,396.15991365354455,2839.456825182229,0.3587380027115452
2008,8,开封市,0.7105275826824581,0.5234643481668865,2.065297514897192,0.6432960421733528,23.350217261930077,23.519055817437987,138.00664029877794,2821.2852129032326,0.3106953154663572
2008,9,开封市,0.6696478877975971,0.4650066824984759,1.955700014141153,0.6205795657535436,21.306248439987804,23.073368826991626,214.23569210161807,2505.9126211157472,0.2850687177201791
2008,10,开封市,0.6288148396940241,0.4065490168300489,1.212474813259853,0.5294732127941759,15.16844697220714,23.06102516723939,118.77135430186638,2754.0653478259915,0.2810632733425056
2008,11,开封市,0.5077351051493908,0.3197949486143478,0.1473771704306483,0.0815825434679567,11.534880739270944,20.558783450843254,88.56201765734238,1380.5956735650702,0.307385612887272
2009,1,开封市,0.5687467957644277,0.4090827116981492,1.2442227251591516,0.4343483112826693,20.84909686107576,29.184053432481196,372.51779008597697,3337.3752086383606,0.1977666286802805
2009,2,开封市,0.6999546004156986,0.5053977890070619,2.868889958941297,0.6976062528431709,30.604151221524194,26.062973083289368,1176.850708039033,2537.345491481246,0.3645359829749591
2009,3,开封市,0.6587867875624187,0.4953825924665025,2.1001670440053037,0.5418774543907645,29.86544492326711,28.158059975286875,520.1017591110049,2738.7585248650607,0.3074132530851435
2009,4,开封市,0.6176124402019328,0.4853651757849546,2.016405313243338,0.538927825626651,30.304099760860755,25.856144217144788,83.500448924283,3101.3045010323067,0.2725134304218727
2009,5,开封市,0.6938724859561788,0.531693324998858,3.150775012577827,0.7197427296553047,31.281022041110717,25.87158255461438,327.956611889317,2102.5318123622064,0.2677080497548709
2009,6,开封市,0.7701379222325366,0.5780166234932171,3.3695868896924543,0.7693237062165097,33.09181111042442,28.08547711196899,408.4057510038786,3172.720012763107,0.2229193315449638
2009,7,开封市,0.7510964985919276,0.5340713477073952,2.779133518002315,0.6941156216932917,28.20485400046548,25.41217388706563,279.3126022729961,2107.380573995856,0.3150585689792273
2009,8,开封市,0.7322638715931397,0.4901260719215807,2.637198607872594,0.6931814979068844,22.757805321464776,22.41824990835418,540.9999143771968,2604.8827041853315,0.3250926014875813
2009,9,开封市,0.6296526954035286,0.4014277202621679,0.5726271966705876,0.2173649109938658,14.814650992476668,21.32881082524532,112.37647278550294,1770.4383993777485,0.2959895371897911
2009,10,开封市,0.5271970213149426,0.3127293686027412,0.9069959575754694,0.3676894705358295,11.902280790400807,20.23871637134244,263.22372099884865,1416.92381403557,0.3042601147592457
2009,11,开封市,0.4971217441551393,0.302927558424458,0.851795749406754,0.4149635424902684,9.813414355462214,19.623115389026115,415.6205638716862,1973.64390806778,0.357994464355501
2010,1,开封市,0.5055546247555289,0.362860713159968,1.4882983105568417,0.5027810785101432,12.055767023508931,30.360472656961957,316.5587565736687,3132.115216689104,0.2259028017936668
2010,2,开封市,0.5970178982191214,0.4233038907751879,1.4222551243313422,0.5029722558162838,17.94446789349213,27.429469840178005,177.69966670676175,2934.2379115184976,0.1942580255934011
2010,3,开封市,0.6489225196507181,0.4915697661059058,2.270042201825892,0.5593515881388423,27.814742200428505,25.79370781773885,2777.227508997349,2180.0174820990164,0.378663211684339
2010,4,开封市,0.7008406450219532,0.5598570085375076,3.3316276262068354,0.695981449747785,29.924538050002223,29.29842071630446,88.61563714649509,3229.7202851504,0.2894189643437008
2010,5,开封市,0.7282291545813815,0.5798837908242294,2.839971441796209,0.6554471146378444,29.854181116993672,29.13373417314856,197.50006056515429,2963.654500593789,0.2617538905798826
2010,6,开封市,0.7556020485738193,0.5999046685660282,2.797529296452868,0.7015691378541566,30.446849320350072,27.73894121253559,212.24077731471644,2590.321998880065,0.2942414043069769
2010,7,开封市,0.739918074053978,0.5755147345254155,2.0074782767822685,0.5441465086327262,23.92272025938299,24.35460210876346,1144.4563725419812,1850.789513321804,0.3605977029975423
2010,8,开封市,0.7242318879255053,0.5511217605960026,2.261453204302987,0.5880229553667945,21.88027655338876,23.781845035863235,112.75868881471538,2474.479930210625,0.3391079001453198
2010,9,开封市,0.694064319577289,0.4851870908164475,1.832644415507988,0.6060606692511523,18.08016377854011,22.922852516613226,1947.202468758912,1734.5587142203865,0.3725961932238852
2010,10,开封市,0.6639011480789796,0.4192584987228825,1.3331786747955965,0.5047824114892783,22.908528846175948,24.947196627333252,30.722897697923187,2781.0831032084293,0.3336152198594005
2010,11,开封市,0.5434889067963149,0.3520821892792049,0.7577379958859228,0.3871451452225722,10.26155121927469,17.788527523523545,112.39605336609516,1840.1180444037789,0.3041606862264698
2011,1,开封市,0.4426748706920101,0.3041911087035277,1.0092345764126145,0.4041399049390637,13.222437077818787,27.287225045475207,509.0585519712864,2454.867265069189,0.2746897357076379
2011,2,开封市,0.4799445698452177,0.3492716252855011,1.642046698947151,0.5453705846214169,17.338573037745885,29.40493266093348,19.387678713490715,3419.71802692694,0.1851084628404808
2011,3,开封市,0.5928850777582292,0.4272073253669661,2.1898476760912704,0.6254097453885846,22.80998388925821,30.18741856406721,119.24475982081384,3193.411158142029,0.152892142587265
2011,4,开封市,0.7058506545269174,0.5051430254484357,1.846454645779581,0.5388386400607258,21.940492875868188,28.59474633873892,635.8216635300945,2564.870522488037,0.2643200539887097
2011,5,开封市,0.7097397127735156,0.5260348548028274,3.393378574744132,0.7290728841803898,27.273343684855057,25.00099249339928,988.3189621114057,2174.061381548047,0.3620770291525227
2011,6,开封市,0.7136278594304898,0.5469247273948972,1.8942872915482885,0.5055558661367068,26.43261923089352,28.16184296548641,247.99215854080117,2727.030813565218,0.3039450684205
2011,7,开封市,0.7303066868376017,0.5387203569419794,2.511756461815743,0.6389857835619773,23.95361077233697,22.36458196485664,623.8720750936354,1727.378544366895,0.3425945945734506
2011,8,开封市,0.7469923614238825,0.5305190985303582,2.346321915684652,0.636438841728055,20.71629950181935,25.507940802220144,26.47277643201421,3028.607208076748,0.243571835231976
2011,9,开封市,0.688358168145436,0.4539139482568594,0.2627993248604919,0.1067703755758047,15.141634105796218,20.13016405055878,432.9430408757353,1069.9284829478552,0.293092247771629
2011,10,开封市,0.6297777574556888,0.377316607333732,1.4819907460565032,0.5731637404923202,15.296979835273367,18.108513850687885,1280.5909623925656,842.258789564294,0.3996403117076865
2011,11,开封市,0.5989414719281381,0.3591743467623418,1.0999492091564842,0.5056300453169474,14.287669256201807,18.627447377494253,13.39875995665686,3114.496925221003,0.3318432809856634
2012,1,开封市,0.5754717814229722,0.4106716882614364,1.3160878143697854,0.4438176088502117,22.6984681926338,26.44934083100912,1714.7056930729327,2479.621773583127,0.3322540866151769
2012,2,开封市,0.6444800574623478,0.460632897141178,2.4201002094027864,0.6459274978219884,28.327443512016604,27.383430315249807,670.1813252855422,3014.3341747481945,0.3650448272356981
2012,3,开封市,0.6995742973958186,0.5190137065999741,2.993609867228096,0.6948233267132518,29.95821083558752,28.202046057281056,223.3224551714864,3067.018021925777,0.2799198633481437
2012,4,开封市,0.754679836910069,0.5773945160587639,3.5096912723902647,0.7415709725535341,34.749602375832666,29.6381597434433,244.9055745368699,3213.0486783550778,0.2721704788172011
2012,5,开封市,0.7402369207268684,0.5614297378943899,2.5718386329547065,0.5860084503615118,34.18459878004782,26.9831810370835,470.5113980985768,2709.948721028756,0.3063206254355617
2012,6,开封市,0.7258262572973585,0.5454573526734734,2.8231066784859635,0.693270013651131,28.195106024441586,25.825585519167173,98.4634124901049,2426.6471291173903,0.2489252523799898
2012,7,开封市,0.7229193858465905,0.5379789176770892,2.573225677236588,0.6802104474296922,23.62643851769741,23.74635523091739,863.7401941399779,2606.295705273901,0.3377875638622208
2012,8,开封市,0.7200200831978174,0.5304973597822793,2.6933565964329014,0.7134679741767229,24.262637792433384,25.4208449210538,554.6534728308939,2240.8412943922176,0.3561509539631925
2012,9,开封市,0.6762365608808731,0.4765365362941421,2.258296946772832,0.6535666025281209,19.574433406515386,22.628069023506576,325.6738400750291,2667.402321817998,0.3296321877099845
2012,10,开封市,0.6324997172682055,0.4225757128060114,1.8693618874120177,0.6067052338879251,16.478215178886906,19.972611127216968,236.5807569939384,2644.125203136281,0.3284264955208189
2012,11,开封市,0.5193094735576996,0.3514902445383757,0.7707859622920931,0.3846122278224316,9.383059812049632,21.862292867180468,130.46127058492877,2395.9091066932465,0.283348760105683
2013,1,开封市,0.6014888936003671,0.4387500806059315,1.928280415097784,0.5390601990499753,22.12422986402932,29.738785941455703,563.3591867362056,2954.337706777748,0.3010154868557211
2013,2,开封市,0.6638424722027392,0.5106358730084113,2.031415792552512,0.5489053954408455,25.53416720918206,28.614422884609464,133.4451509811903,2834.569872795615,0.2164033803336571
2013,3,开封市,0.7297044037548904,0.5602881797485851,2.79525626170224,0.6713208322395128,30.77572291524237,26.56707565402401,1291.5923030230515,2075.784412257752,0.3776686422062423
2013,4,开封市,0.7956126450827332,0.6099342326501113,4.131012060088276,0.8018502609907093,33.63950568452528,30.28524036306657,430.20367440397166,3296.174200392546,0.3086325317441987
2013,5,开封市,0.7696835897837244,0.5962062346135772,3.638513168609124,0.7796653346509353,35.89280134486619,30.29294518519263,192.842359837594,3356.984240970289,0.2901281298433988
2013,6,开封市,0.7438488903622984,0.5824782365770407,2.9970046492763958,0.7409310004453593,32.67499242540439,32.41730090793749,21.235040100268243,3477.231858015138,0.1919559824026758
2013,7,开封市,0.7007175100972537,0.5274700950004789,2.423400165782681,0.6776559505512223,27.27629791804791,28.598029100477497,122.37784419488762,2922.9878634431384,0.1586422424746781
2013,8,开封市,0.6575979453267864,0.4724619534238922,2.076951058782538,0.6449712808007416,21.59114389323438,26.13265088944696,38.44285441789364,2890.1789443668604,0.1693347446977234
2013,9,开封市,0.5542481235443794,0.3857398851766577,1.248970955002067,0.5023833996020639,14.189574871663709,23.743144677880704,78.10398161400542,2487.208761766938,0.153610536955433
2013,10,开封市,0.4508983017619724,0.2990178169294158,0.8942715218377858,0.4074197204273001,10.74656233746368,26.266355942610524,5.434341182375494,2929.643462509541,0.1514216657258057
2013,11,开封市,0.3846770470375267,0.2485120754678431,0.43237090045778,0.2471319636760422,6.294834835066221,22.314593237016005,83.95120621267148,2106.638596712123,0.1581767411302017
2014,1,开封市,0.5772078219732222,0.4136882328155167,1.880853749265765,0.5921435456408424,19.01556835916105,28.03181107614947,163.5268770341808,3413.771449574319,0.203007900579222
2014,2,开封市,0.6487509505242781,0.4740548745146898,1.954319991086448,0.5799556163238624,23.09133431979528,27.85450801804948,185.79135205611925,3113.97897034094,0.1847818245406511
2014,3,开封市,0.6901208348177755,0.5099393904366903,3.108008625943183,0.7252710498006338,29.419758743153583,29.768385842676132,230.17386006669,3213.3351553331104,0.2108494907181328
2014,4,开封市,0.7315075197842592,0.5458239063586959,2.952053015331782,0.6771567504781814,29.63206662121168,28.19519929488819,298.50531423200204,3151.3345940125605,0.2054339131837542
2014,5,开封市,0.7410448013658667,0.5633138065396721,2.422734308636989,0.5907091684272964,24.78794281545428,25.581507764388103,395.9865144601657,2210.03774821301,0.2589873116057883
2014,6,开封市,0.7505820829474645,0.5808037067206328,2.8065161272491905,0.6802407012686367,26.187085368909237,25.848093594090564,71.43075108984766,3192.8138850462665,0.2469663461045752
2014,7,开封市,0.721805798907839,0.5290256290209623,2.633225514711267,0.6980913196789504,21.397769725033516,26.195678515705456,62.60718918634599,2880.399103527846,0.1912040114199622
2014,8,开封市,0.6930777460692906,0.4772475513212996,2.204271123005094,0.6354181589607654,23.1688536559668,24.087735641520283,326.9716780398846,2459.331670064925,0.223411222917573
2014,9,开封市,0.6195346747377446,0.4147887366858097,0.9202137696770452,0.331310886577664,17.080711923876528,24.39159505949541,220.96928222414053,2495.59777119455,0.2383156441862047
2014,10,开封市,0.5460780640432044,0.352329922050318,1.0716697596900338,0.4781081067020988,14.678957674512436,17.641908259567845,1708.5955779483686,555.2313868201576,0.4032934988024673
2014,11,开封市,0.4784282395712292,0.3004209201666485,0.8088710706500554,0.3904878127646256,11.298080617491886,21.65782943966207,19.162453744055952,2609.8719360088644,0.3250394282124192
2015,1,开封市,0.5814029211519257,0.4004737847652345,1.2120727400497746,0.4279425278043292,20.940526081343155,25.475320497491374,14.929343215666284,3303.518056897462,0.2763129766460657
2015,2,开封市,0.6217515894463312,0.4306091301619776,1.8080706711509096,0.5754540107409318,24.915273896032808,26.653485801126656,689.6433295772698,2775.3078638725424,0.249585212710586
2015,3,开封市,0.6938998153437137,0.5055911334012726,2.084434823342307,0.5645584622228252,29.72319190904394,26.463776395471687,102.208637502653,3025.616926109536,0.2962020286655132
2015,4,开封市,0.766048041241103,0.580573136640563,3.529869330711822,0.7565072886627964,29.972960625060168,29.481544617543484,538.2362364371078,3260.2518921029987,0.261055965034639
2015,5,开封市,0.7611618907568521,0.5923128586988631,3.010523690725768,0.6776747035180912,31.58217347476944,27.014872123579057,645.2818416316319,2597.828081333954,0.3128695026547565
2015,6,开封市,0.7562742592043284,0.6040532577955431,3.1480918361557264,0.7054531097117546,29.74808518214035,26.95636115452652,227.3004695547752,3084.461875246591,0.2699780143010371
2015,7,开封市,0.7416578397657009,0.5705485100493084,2.755419800874174,0.7131701918610767,29.46280252436364,24.812723825793096,222.24220593317463,2606.648232698648,0.2715704282809505
2015,8,开封市,0.7270411856331933,0.5370446379080348,2.1635978917007974,0.5952091698383246,23.49779899317934,24.16592900193949,399.0881020095172,2841.363716982472,0.2788862547512377
2015,9,开封市,0.6929689263907282,0.5012487923767969,2.1962741458390047,0.6456828231847496,18.107649047308552,23.039334845972167,359.9378202246236,2355.162990966319,0.2914803805416616
2015,10,开封市,0.6589618896509019,0.4654529468455535,1.5820185079549405,0.5614120116298734,13.09886521668056,21.07191352757384,26.84455506585075,2608.9479883314534,0.2246129617337538
2015,11,开封市,0.5071751877340513,0.3544224260837461,0.6606130099157385,0.3337960745933725,8.600016099521001,23.321875527722646,47.36646692059079,2393.9087993747003,0.1800234427726579
2016,1,开封市,0.5085732977011922,0.3754507413441214,1.1421956339664314,0.389550427932791,18.440518448095798,27.179060331466943,66.79909880687795,2966.874214673217,0.184281181229146
2016,2,开封市,0.5428825218803829,0.4218784124219599,1.4207261356563825,0.4339548406908099,23.16810050779658,26.68104077665,780.1144814984838,2142.689379614464,0.2676140835953947
2016,3,开封市,0.6532667149895792,0.5261930692321917,3.21556511545604,0.711654388472778,27.647055581224,28.318936906638584,1122.120597530222,2518.2412555805736,0.361012424638771
2016,4,开封市,0.7636312969115923,0.6304895698381082,3.521774318173366,0.7546487082828954,29.701413636542902,30.36553240046972,252.8602507988312,3237.2165459161406,0.2816685988343688
2016,5,开封市,0.7307688788277341,0.5869414822072034,2.413266012061816,0.5970367109539566,31.80388244282853,26.481111573092576,641.2811795246006,2276.74373565617,0.3598212578982582
2016,6,开封市,0.6978934715426187,0.5433741418290647,2.422213275777505,0.605451954694411,30.414973373908044,28.684598347406965,102.21534852104703,2666.247139622332,0.2956938226917794
2016,7,开封市,0.6772521627505702,0.5021439244085966,2.779931863835305,0.7030181736220993,29.90518261769901,27.70349699251528,343.0239114165026,2316.107419674566,0.2494932658588535
2016,8,开封市,0.6567344254574682,0.46091912827316,2.285604614194289,0.6563218432622315,21.92563615973545,24.585266945816382,16.98969892312681,3502.961149372146,0.225998386736471
2016,9,开封市,0.5640968591778368,0.3880712908515904,1.35905427367815,0.5187885527000105,15.640779341937646,27.078277654089508,17.502152018673534,2991.638073611125,0.1561843952531955
2016,10,开封市,0.4716235320717453,0.3152234534300121,0.8539588620007919,0.3996240348745021,11.196864778950468,25.512365584143453,69.4697134582003,2788.0961599245243,0.1586314622265752
2016,11,开封市,0.4018947548108347,0.2654402258224037,0.5542365421859564,0.3126993391852407,6.724993069726136,23.469395007859244,208.0073226916037,2326.8193086765627,0.157559122352949
2017,1,开封市,0.5781215027269918,0.437356507881523,1.8759686547940488,0.5834521748855439,24.140207021817808,29.61400308224583,881.8730392629095,3315.0942140276397,0.2221452164690295
2017,2,开封市,0.6391842099177676,0.4961921425914471,1.8608155782708784,0.5399120258933939,23.37841691421428,28.66841729726572,289.7075551209643,2911.6176600690383,0.2677175311445732
2017,3,开封市,0.6940559726157753,0.5468220413614362,2.9451582858317678,0.6980656046468315,32.44215131353236,30.87569485215312,294.87868129431763,3280.2624696173407,0.2594545098933053
2017,4,开封市,0.7490027161335513,0.5974519401314231,3.070896945283556,0.712244723394797,35.892168999204124,26.622566356678387,600.208199965238,2273.780828713698,0.3054237843610815
2017,5,开封市,0.761716723720901,0.6002680856506846,3.3348230088029944,0.7386784931787121,35.26768797924723,28.73116594626825,1489.4251375648282,2879.3758018945678,0.3431434016641325
2017,6,开封市,0.7744377574688379,0.6030842311699662,2.952662440851311,0.6936773437715253,33.00494893493749,27.832608193365587,160.4138237540817,3165.351276818079,0.3001336756048866
2017,7,开封市,0.7588652971564325,0.5679497155697271,2.600179961023272,0.6842531143222782,28.74890809376792,27.135624336865284,376.2667178738862,2469.205379930795,0.3160915730631804
2017,8,开封市,0.7432979141888797,0.5328192357750436,0.6346323578338564,0.2548456096742136,20.397851164467948,21.62302988535914,491.86377054465214,1426.762912799499,0.3222362605522736
2017,9,开封市,0.6806731535964351,0.4795528033779095,2.0477233152310763,0.6217540878587722,20.32569271716416,21.943596492472384,1021.2233340588904,1616.8913756833683,0.3843255507943835
2017,10,开封市,0.6180543302569581,0.4262918238295353,1.208757578377666,0.5069582095537565,13.3610532153601,23.088136228413383,24.649469364089025,3094.690800459868,0.3241864818580525
2017,11,开封市,0.5103179190684344,0.3417123777774665,0.61239447546045,0.3217670266374227,10.203746200420872,23.897959879430587,320.8962488653157,2159.653713709766,0.2753936108060609
2018,1,开封市,0.5883503161249739,0.4322729425096548,1.8610801034302369,0.5671964593430964,26.18635772836332,27.560541121831577,469.67284178251873,2889.389724461925,0.2522974743581098
2018,2,开封市,0.6670401038799137,0.5155782808313382,1.95743191118202,0.5641679521066402,28.854841482960943,28.776558767879276,254.24257527013177,2549.3204255927662,0.2774621340342511
2018,3,开封市,0.6924264571973375,0.5364804107698911,2.637258674216389,0.6692826169069503,32.27570356521676,33.40516553404787,5.3170521634410335,3539.0730137851065,0.1612651778937561
2018,4,开封市,0.7178166867767819,0.5573858656997456,2.9997820291470108,0.6798657299953168,31.333670680915983,29.352058992934023,986.159104007094,2459.3733701382484,0.329128471645997
2018,5,开封市,0.7110423383553472,0.5564987010075321,2.7422170988610275,0.6723945580831728,28.21852386739508,29.91397528340958,399.8541228092337,2828.053962608579,0.3213379564059226
2018,6,开封市,0.7042698608315204,0.5556140406651524,1.4618162102489538,0.469239723158955,29.421272434733105,28.285273809643424,297.79502697202525,2456.035696644006,0.2748998741643877
2018,7,开封市,0.6970361271186395,0.533142542803945,2.710251233109489,0.7133968884165491,27.700549923594554,25.538218296753293,2335.965768714361,2513.980636085562,0.3534219553001056
2018,8,开封市,0.6898070760198247,0.5106700762507218,1.7258443178705354,0.5726177409648557,21.95504489794304,26.741153484472264,153.6051022452356,2456.227748031042,0.282392724015443
2018,9,开封市,0.6137592793073199,0.4416482438877403,1.4155208358232223,0.5213165253201436,15.217713155362691,24.05325585396942,27.23679732629424,2835.6457518810207,0.2234892772132857
2018,10,开封市,0.5377220741446856,0.372626411524775,0.6082825524068324,0.2728125951499709,14.845158625842105,22.240979809384992,412.90987178536295,1578.889279518868,0.2504046090230419
2018,11,开封市,0.474279556255919,0.3229800803452921,0.7507449182040383,0.3804439231244141,8.133521966904503,20.026404007565883,306.0469917060236,2162.151221682868,0.3206432930066037
2019,1,开封市,0.5137301814768046,0.3867541137305912,1.4045966699390535,0.4975428846526994,14.61844100671373,29.081374615948736,3.446001963977453,3528.060385376801,0.1664936065752182
2019,2,开封市,0.5860834527710641,0.4551668000408025,2.0827114707780394,0.6117530467451411,19.83417237394935,28.67630140319546,123.78844165430684,3212.820376364016,0.1822863210815955
2019,3,开封市,0.622517569559425,0.476274699580792,2.00656400419819,0.5883544460332076,18.93834492436527,31.592270328646936,140.48954423171267,3244.342915056115,0.1620222939001054
2019,4,开封市,0.6589635833120846,0.4973824624822734,1.806145481255637,0.5366975265186047,22.564047022433986,30.23981872243916,800.5388223884377,2689.687206879093,0.3016711508639436
2019,5,开封市,0.6907227463017057,0.5368361890343385,2.0019081179431937,0.5448363861958061,28.08892784772746,27.43669233070724,370.7841403227209,2296.4712604101505,0.3516406246454024
2019,6,开封市,0.7224794287744145,0.576286707730358,3.155536455248838,0.7436765807868495,32.15012708421139,26.548999600724084,150.08160221489396,2684.4722243736496,0.3058810489396928
2019,7,开封市,0.7068750784066091,0.5524347108702227,2.5878682476409707,0.6866849161905265,25.990676174100397,27.07223507711065,103.18415541101557,2957.2909938060293,0.2158732999591191
2019,8,开封市,0.6912909100697391,0.5285827140100936,1.962968531335836,0.5994904632524224,22.66696226316391,26.12411784325996,77.38810923851918,2714.7875101465606,0.1744574401543548
2019,9,开封市,0.6499282780177263,0.484221088383512,1.7549496540610154,0.579448183224307,17.306112540989574,26.765494414068304,46.37758498780872,2982.1123015450435,0.1525368485631439
2019,10,开封市,0.6086140156406452,0.4398594627569462,1.0548844433506632,0.4775636382441641,10.96408746334236,21.363753311166,403.6027440579087,1417.7960363663374,0.2922109164703843
2019,11,开封市,0.493071519172566,0.3460954691975698,0.8306705156364191,0.4000784388381048,6.733350645559939,22.36652987972738,2.582626756185572,2509.659455471382,0.2214989806741861
2020,1,开封市,0.5602002992061214,0.4094454385325353,1.863202805716635,0.5881967863316555,21.707294137022775,28.090896278571087,64.24362560692752,3293.98370126307,0.1992750480299573
2020,2,开封市,0.6345445126704813,0.465413815338562,1.4291978123828963,0.4735528116819461,25.287369825512886,25.30077822587077,444.2044815459896,2436.375065407714,0.2581395694402147
2020,3,开封市,0.6822917738741682,0.5172589527874257,3.123378578484058,0.7270859384267971,30.252902743627278,24.485482978653696,1014.5285643397882,2463.893413761791,0.3312768765337344
2020,4,开封市,0.7300461288775449,0.5691040902362889,2.0600304248648245,0.5636834690697621,32.92147500308746,26.278766578213748,336.387248504162,2552.1220833756165,0.331245842328734
2020,5,开封市,0.7122495967403049,0.5659534748714047,2.3724743311246197,0.6134197663968673,29.52124948059016,27.377549961082376,1447.2594240921967,1982.361775805835,0.4006365809837794
2020,6,开封市,0.6944515352550271,0.5628019283869824,1.874959583742384,0.5594580119223495,33.65086735956546,28.369443179579427,314.18738552619874,2814.0911649990758,0.3655201933956385
2020,7,开封市,0.6434268247755518,0.4954329545407777,1.703957401653727,0.5503676635868648,27.71854965722992,24.88825091569196,586.6488797473255,2000.7254838732665,0.3728493144236846
2020,8,开封市,0.5924585548116098,0.4280785916108676,1.5329552195650702,0.5412773152513802,24.6157016502748,25.69338253567932,7.258300672663642,3404.579282988938,0.2780346569597859
2020,9,开封市,0.5647311030340828,0.4058530839951658,1.550483789754577,0.5454737204986576,17.15309837575693,25.63386189993917,107.19011147066938,3166.4521322491264,0.2095805967367902
2020,10,开封市,0.5371019413758938,0.3836508009913195,0.9720367913664314,0.4337113962133308,10.464495717952897,23.389109506426063,21.501184034513116,2805.839622016505,0.2180305083912598
2020,11,开封市,0.431422448627216,0.3005842077013959,0.4790683514935598,0.2689634822403488,7.4207253264307695,22.057019841966454,44.726846075506806,2299.558586451657,0.1782411574296588
2021,1,开封市,0.558923508173196,0.4064860666959706,1.8335459886812624,0.5645620802798336,21.78699354893749,28.585145336381824,128.34122003754965,2986.489746832869,0.1750725511051568
2021,2,开封市,0.6426749189875948,0.4571552490721688,1.829106380024341,0.5553487280341736,25.924038383434915,30.42424638582507,594.0968231578669,2826.3657523794923,0.2387767359758842
2021,3,开封市,0.6914375103932896,0.5313357088546495,2.574660380860873,0.6438659366540175,26.95540111726932,26.05041689874448,1678.0596755040674,1682.0758060032183,0.383555146624176
2021,4,开封市,0.7402200864541764,0.6055161686371117,2.940161477345338,0.6953548788332419,31.256931105577515,27.225317992720225,969.0604972995956,2861.189357481805,0.3543826165538654
2021,5,开封市,0.7382914302455614,0.6022511747620685,2.643828917616477,0.661163953883292,26.220981466918293,27.78281846927777,33.14694354188043,3335.530870547638,0.269381563749162
2021,6,开封市,0.7363632091309238,0.5989864350265444,2.739219504064875,0.6724320051948516,25.8386098609374,25.832608876290923,224.5698798059825,2545.283079921057,0.263232010540837
2021,7,开封市,0.7213887616023567,0.5562825337283221,1.5413826880610215,0.521935250140843,21.3462113475074,25.56213703583209,2239.540030343609,2555.5022539728893,0.3298591213989156
2021,8,开封市,0.7064536264830927,0.5135820948144874,2.329238654504558,0.6255239819450491,23.27463081690461,21.29412583838256,1709.7634730295763,1216.7199894994233,0.3944550862153606
2021,9,开封市,0.6703197067402668,0.4708794583293342,1.90273093436762,0.6139378836620414,22.852308377194586,23.243042176499195,767.3863265290931,2373.101588413027,0.3801226561791052
2021,10,开封市,0.6342752270118176,0.4281768218441883,1.089622660210018,0.4625674808785058,13.816722461905009,23.92996339112413,205.6992741190965,2539.435549358236,0.3079049583956577
2021,11,开封市,0.5073599330892684,0.3283214929769651,0.4058473868097509,0.2288814525460838,14.091157102661708,22.28525996307796,1566.8096448276278,1716.0967164497672,0.3905348569527569
2022,1,开封市,0.5598118762802584,0.421521560417521,1.8741682285358487,0.5775106696302799,26.216831653038785,28.140276972855908,1263.215521523091,2901.376049441346,0.3673193434919299
2022,2,开封市,0.6838091935127685,0.526558767432898,2.777100282811105,0.6749338071681339,31.423344485580092,27.593520268111323,481.8982000087781,2044.3067306840312,0.3653648805741664
2022,3,开封市,0.7180981902271437,0.5543859504648584,3.4725316229783685,0.7491232489900618,36.84246265820692,26.10561870893544,654.9244763968208,2774.950446739651,0.3615600282741232
2022,4,开封市,0.752387216375454,0.5822128053927117,2.935301948300661,0.6734628991725121,38.01330856103962,26.978148457373106,445.6538533136066,2759.248848816745,0.3666485747625816
2022,5,开封市,0.7323089976812949,0.5789930597398689,2.7463974967304075,0.6899887939175198,33.40817067178698,30.15784153091456,53.58144010993038,3179.3519161065656,0.2563867314336901
2022,6,开封市,0.7122349310151689,0.5757725429004791,2.6009968476561536,0.662784472500011,28.76082576840093,30.649119951747096,21.155861937818,2949.934683587642,0.1947328806315336
2022,7,开封市,0.6919411113211503,0.5422203126916535,2.1992128779304867,0.6461858177807508,22.836352963109043,28.879768985225965,185.59012658921563,2723.799599173062,0.1618406385098832
2022,8,开封市,0.6716585187894133,0.5086680824828219,1.9286748448607527,0.616379489067566,23.032782351171093,21.66164263141549,383.0066104242663,1897.09743682496,0.3021313020052257
2022,9,开封市,0.6321312113622066,0.4625758129436081,1.9269501254522332,0.612248790606344,16.009578708347657,24.525185922716577,27.64729445187816,2860.9485122923425,0.2063710846064549
2022,10,开封市,0.5926294094550619,0.4164835434043842,0.9416812993233612,0.4420111467166466,11.206887507665831,24.84457572420965,7.490316828158976,2915.64097824242,0.1610269991051089
2022,11,开封市,0.465228292355844,0.3192447015741808,0.633719139283835,0.335105506263998,5.549410184615485,21.6684542022589,0.0913221942675677,2695.995274977742,0.1417330165551424
2023,1,开封市,0.5979159122188529,0.4327563872501641,1.7731726321201813,0.5601628690101679,22.22659234207472,28.950518694061053,731.0463382748112,3056.1857927310743,0.2699565030603946
2023,2,开封市,0.7078547663858342,0.517890916566007,3.1024135238969803,0.7184126147754136,31.43880283758193,29.653194956790006,685.0088408296485,3078.2018685844546,0.3036037068781927
2023,3,开封市,0.7236483924764014,0.5579092483414181,2.7286425676163986,0.6541036165849085,32.91119255356813,28.74200643274494,119.34978460556296,3078.365065035491,0.2498491084173431
2023,4,开封市,0.7394752409569246,0.5979350779398217,2.952940862260671,0.6867992690308137,32.3960812439973,28.10871040678354,840.852978062108,2563.8231011227563,0.3229638492719573
2023,5,开封市,0.7439018942239797,0.6145268562546757,2.399015603547245,0.6241714076384652,28.923774242487188,29.135327646556902,516.5994621939033,3139.6018388796847,0.3217417256060506
2023,6,开封市,0.7483517709878448,0.6311132370532679,2.778385418995585,0.6869549689089511,29.538246215770545,28.43314890581953,84.50260602131,3196.3504530348773,0.2453615204788362
2023,7,开封市,0.7254911100147572,0.5909410514245875,2.362396877638316,0.6573077966256958,24.81791947063837,27.43267410090222,297.4989838374032,2651.0257094239805,0.2648240180428654
2023,8,开封市,0.7026350015903873,0.5507688657959086,2.463840013535206,0.6751248535700386,29.278549096890988,23.667512574099494,829.8214186080272,2533.452766745497,0.3376322029308166
2023,9,开封市,0.6479775938774812,0.479266042736693,1.9077271172341317,0.5968556136139348,19.44183896242516,26.487005581107308,34.23496724089312,2968.809941525795,0.2227228834719589
2023,10,开封市,0.5933266111467549,0.4077632196774965,1.0159357818499388,0.4499438492230774,14.836235176497462,25.14146902386385,128.07414307963748,2373.003609677904,0.2155560354415157
2023,11,开封市,0.4272508022768079,0.2952557606875505,0.3067505376339927,0.1714198125022704,12.400304160241298,19.87475357146976,1191.220279790227,1401.02874263191,0.3700992608248743
2024,1,开封市,0.5976290250722863,0.4231692657558093,1.588342583389592,0.5044993717107062,22.814402172425705,25.94077795630254,2108.693154538721,2181.2201341576542,0.3661889421059083
2024,2,开封市,0.7247109328606571,0.5065703449253487,2.8632354161717406,0.695714044015045,28.36727916701985,26.679461555585664,1338.339893514905,2623.0361268264605,0.3467433696505209
2024,3,开封市,0.7306680402854433,0.5550399812695516,2.373171819493995,0.6223806325926099,34.702103274058224,29.60884131029868,1012.0675896080974,2432.937768613965,0.3752839698449697
2024,4,开封市,0.736622636832318,0.6035109226038056,2.3974029755657718,0.6170532943105443,38.880797072831385,28.513899141431654,396.77801515606416,2206.847852100945,0.3639639460864945
2024,5,开封市,0.7399462493942521,0.6034304818931483,2.7425672319907237,0.6776114669118849,36.00052901631754,28.958620801324184,943.4259970957564,2433.190367668135,0.3669077394443354
2024,6,开封市,0.74328458578418,0.6033528944994062,2.7994697902435406,0.694559856267897,34.590831848136624,28.26207993183753,35.28415911312433,3313.2828034268,0.3104956093447825
2024,7,开封市,0.7272668094446356,0.5656188349651537,2.795592627786289,0.6962514300437594,33.57424271134581,28.4826882914266,319.5134524861728,3038.905624749771,0.306624320259652
2024,8,开封市,0.7112653988771293,0.5278847754309045,2.290980062333138,0.647459710481283,28.246087807910023,27.30324803269049,182.2286988278593,2620.6931213590738,0.2754305480646786
2024,9,开封市,0.6475033017812745,0.4783058249779419,1.5600996579047617,0.5476537326594444,20.926777107453056,27.03579204273453,20.328898251221844,2778.3062632308115,0.1914878663164525
2024,10,开封市,0.5837489147029249,0.4287268745249797,0.8451742357478069,0.3928183056347208,17.242805634105114,23.72680239509203,616.7052929620692,1540.457096152821,0.2363671873242253
2024,11,开封市,0.472757140412104,0.3373433696530039,0.6383629687489616,0.3353781784270983,10.587683213653284,20.8528335017457,136.2859404032421,2697.485694665558,0.326525122617271
2002,1,新乡市,0.5496898717314823,0.3889503507154646,1.3685782504406028,0.4829148488564604,14.126038842008509,26.75135805906202,336.7580101069255,3161.211870520141,0.2919698604361855
2002,2,新乡市,0.5496898717314823,0.3889503507154646,1.5443170073017316,0.5168827510361554,10.207651716088016,30.85418354466246,28.51232152492327,3725.130810865308,0.1751431275250699
2002,3,新乡市,0.5628060296231145,0.4132332318723056,2.2198134859727,0.5462932130250998,21.1548875498042,26.01218310963172,647.238465027875,2791.517979151223,0.2942484082099815
2002,4,新乡市,0.5762183529961596,0.4375661379864846,0.7320188589735748,0.2367908568648439,30.401327614728487,26.335465663868007,440.5960320423594,2568.258010763729,0.3237831133926558
2002,5,新乡市,0.6311781870880064,0.4728322895897535,2.444388157045476,0.5930408040314328,26.60385605726433,26.669454285685276,313.64666595346324,3191.1091704654605,0.2802860863903205
2002,6,新乡市,0.6861348487259966,0.5080966833795034,1.7329871805211607,0.4992042795306696,22.115583549543157,24.194605081826843,126.25919879276051,2946.734022859486,0.2036493717073592
2002,7,新乡市,0.6833470657302726,0.4919185104942337,2.4029817301826544,0.6645628513545154,22.06889628534428,26.461888809275568,391.14391311396014,2562.040675545048,0.2437659180187327
2002,8,新乡市,0.6805662412880715,0.4757450119506604,1.968503647200916,0.618109182989541,14.226417700752153,27.90037058280251,138.12744053209343,3404.3377697242213,0.2207220401774055
2002,9,新乡市,0.645334651109521,0.4423344146571032,1.5833097164055625,0.5630786973845934,14.547894794339909,23.196063856981013,20.900993132369745,2997.113688414545,0.1469765983916435
2002,10,新乡市,0.6101194359916047,0.4089233180342468,1.132838780716191,0.4646879980507575,11.446945576389249,18.394571406466127,389.9839973543116,1995.5307320142597,0.2798522309514838
2002,11,新乡市,0.4954326653557985,0.3226589305721061,0.8456884445821994,0.3996880106793653,7.508775909641372,19.958813325153265,134.27578278337518,2418.312172591033,0.244356091905015
2003,1,新乡市,0.4327095650059994,0.2862275632874244,1.1934917300633,0.4274595057005941,12.578856739091307,25.012228913664604,322.1447223110986,2879.312703357662,0.3024237421820406
2003,2,新乡市,0.4772461693874446,0.3282385262350229,1.1100399822035454,0.3813675971999524,22.94885150597959,22.326636256361542,1380.0979391448377,1928.363281721766,0.3545250487282013
2003,3,新乡市,0.6001980155161153,0.4395438100452917,2.2868099245426143,0.6107770161817334,27.483525900033005,25.647584294908,478.2173542464026,2396.1566258932207,0.3726570343568748
2003,4,新乡市,0.7231498616448127,0.5508490938555654,2.4906617011237526,0.6198928457588417,26.798758366083185,29.08544792632169,151.13686378515305,2837.8991946606,0.3194298164135206
2003,5,新乡市,0.7197907323867749,0.5465711883352673,2.732036971785089,0.672962552457067,25.791379252554574,26.81634764027797,496.7552032688064,2559.26800089022,0.3206094657163679
2003,6,新乡市,0.7164316031287278,0.5422932828149916,1.7189410839815995,0.5184093479532357,26.98702775783862,22.1014950726012,332.7056605010051,1611.1228027872864,0.3494506485553418
2003,7,新乡市,0.6725251948473687,0.5099587236211616,2.131173554036652,0.5683196495867846,27.7535434871183,24.949735730903893,569.5513020762753,2250.279632262779,0.3383922349352875
2003,8,新乡市,0.6286187865660431,0.4776241644273405,0.3758367562457063,0.1623990465877533,18.759348296044845,19.80850534021336,1292.6670571598809,1615.6028629473894,0.4016309677331069
2003,9,新乡市,0.6360635006264486,0.4447098261073653,1.7909332360926946,0.5956213508921389,17.316836856980593,20.84787163799283,484.1883253721717,1947.2566067898097,0.391841273598861
2003,10,新乡市,0.6434771352827147,0.4117948733670217,1.104740288873694,0.4159417231871405,18.878561157677147,23.494808459657143,179.78478606373895,2651.236662580701,0.3284931696861606
2003,11,新乡市,0.5679106407296513,0.3609767813666569,1.0014322987004285,0.4442678421506939,16.217516968005757,20.35861466794014,194.9383017924644,2378.14508247773,0.3441983957919547
2004,1,新乡市,0.4624727298298044,0.2969292389895469,1.2737206215756156,0.4500149505438938,13.028074952529488,28.15054288271516,134.56886526126775,3804.462071326727,0.2395365183031081
2004,2,新乡市,0.5272035259530539,0.3421440769189962,1.1812928955102435,0.3832317009054168,20.45552952288176,24.52085285074367,1235.526061049941,2555.2179469790294,0.3342321513572984
2004,3,新乡市,0.6162219309142937,0.4431159439934943,2.6844126366605714,0.6297966751804159,29.08394078948389,26.80860566715921,972.6980413594496,2696.337426882365,0.3688827813965398
2004,4,新乡市,0.7053125235868434,0.5440878110679921,2.672317881190515,0.6370923648261148,29.854232446000264,25.81232552055653,703.2166684831117,2132.950392234492,0.377461782787783
2004,5,新乡市,0.7299233434977055,0.5624979128608938,3.104713240785246,0.7125891594665403,35.86641015103547,26.035182863915157,752.5460264358018,2578.515884175387,0.3693198347051679
2004,6,新乡市,0.7546095331840105,0.5809080146537844,3.029021835474061,0.7051914071664954,27.97209215819525,22.364558861148733,769.2560350674805,1768.6860465827156,0.3897611309665051
2004,7,新乡市,0.7191900218863829,0.5222555696209336,2.20599576601279,0.5241775097841652,25.197206203058883,22.6606020874054,136.58911710792322,2435.17222555547,0.3480131858598481
2004,8,新乡市,0.6837874121437549,0.4636031245880729,2.447376984935335,0.6790858800373202,20.22657696812002,24.13692301696905,232.5411926744826,2627.5650811981773,0.3353312208204042
2004,9,新乡市,0.6672162892935902,0.4407389478888907,1.9339000167622349,0.6097647638488988,20.537870689832623,22.506328628013893,41.71709636996486,2646.68232756646,0.2778154533410063
2004,10,新乡市,0.6506451664433804,0.4178747711897083,1.2097234048870515,0.4916543966196621,12.600045916486112,20.852811144601485,194.38811227524167,2679.8150652576705,0.2590711602994348
2004,11,新乡市,0.5309509958958143,0.3357496133580087,0.8470436323927685,0.3944009458041791,9.083926368173184,18.674590067590835,261.48888532726687,2441.825644506589,0.3140060464204834
2005,1,新乡市,0.4741667929975267,0.3301857774141893,1.0391855095238385,0.3877844077451449,13.511115544071393,25.47386197802264,274.1722745186039,2424.9286407242203,0.3294911523116559
2005,2,新乡市,0.6316345206777144,0.4542819789949534,1.675214634760677,0.5553429702702103,20.69507809582888,27.029963150478896,720.9849268084711,3151.7836058822086,0.2731054968177825
2005,3,新乡市,0.6849831783640591,0.506628666258884,2.648234119383156,0.6346974709380114,27.011938590962988,25.98438927586541,923.513519888903,1886.1715609744097,0.3914560433032721
2005,4,新乡市,0.7383318360503841,0.5589753535228413,3.404759283098933,0.7108702317016462,27.64152823278148,26.393705189278336,672.505610986248,2702.85959553306,0.3718801609219035
2005,5,新乡市,0.7446014530045743,0.5477426142793642,3.285532306370062,0.73951497069783,31.98215608957986,25.67329275974052,568.0924805379674,2649.8546845786886,0.3620616114365823
2005,6,新乡市,0.7508710699587893,0.5365098750358833,2.856875350761852,0.6860100774037065,24.178945873067835,27.3975699340078,483.0431082231811,2680.4061813790904,0.3093071932658782
2005,7,新乡市,0.7458374256837916,0.5156255722526307,2.79994950679949,0.6973124901292322,25.41939930140457,21.00904119833432,184.19371713004773,2321.8738806062825,0.3288045194000436
2005,8,新乡市,0.7408037814088176,0.4947412694694003,2.351909963551555,0.6623253884203492,23.07890422182184,23.37386272111214,434.7272851815956,2769.46418287513,0.3161111058844268
2005,9,新乡市,0.6977362894169468,0.4552426487902973,1.95108151115884,0.6019714161888959,19.69981802931268,22.54821694134725,17.28232875158078,3328.560925539579,0.2585420328598034
2005,10,新乡市,0.6546687974250711,0.4157440281112036,0.8173259072174824,0.3460291950799087,13.72367987392025,23.712167684251707,304.6164660884503,2293.4662733666023,0.2623882554648911
2005,11,新乡市,0.5698848322853061,0.3517730866625038,0.9017903849727604,0.4062638049627263,10.956277085598918,18.252599113713327,686.7709223155135,1847.0083307926027,0.3726522488397972
2006,1,新乡市,0.4470756190228723,0.2975302849606357,0.9610404547644412,0.329414187125423,11.080599132065544,26.76504238965673,624.483769067764,2636.094026083794,0.3298263300818515
2006,2,新乡市,0.550178327960994,0.3736523315986297,1.622335929572262,0.4803074234900997,16.045344806192087,28.781328644286194,195.57747334900563,3244.3228184241198,0.2508292819567151
2006,3,新乡市,0.5693091008695246,0.4119745242234658,1.3280570292760905,0.4334207834054269,17.340648420228316,26.89006526350821,97.6899127141098,2241.4620591982853,0.2429694742594273
2006,4,新乡市,0.588445004748411,0.4502957159361953,2.0220539464893084,0.506941554532795,21.353452734730627,26.618275297945807,492.4079696985458,2759.2193327366167,0.2628290841097645
2006,5,新乡市,0.6709510506220453,0.4863210222651156,2.516731612145113,0.600382752221717,27.21666250861825,26.1512313313362,806.1505116808404,2730.3644903434338,0.3546509094202455
2006,6,新乡市,0.7534581739738488,0.5223463285940232,3.019974403411285,0.7279248843542963,26.91737155971752,27.52406119928665,96.65061152615004,2857.282700660965,0.270203690142802
2006,7,新乡市,0.7203080368354197,0.4990030476078066,2.4456616361769017,0.5637759146196601,20.24573633618005,25.49779366563189,301.11193668023185,2827.73904361006,0.1943646050785277
2006,8,新乡市,0.6871728154435299,0.4756597666215768,2.253849294703638,0.6435095173704255,19.105037046624343,24.316197684628097,616.2062124783852,1780.9129778140632,0.3496750956725822
2006,9,新乡市,0.6435831420992096,0.4293250025638647,1.4693187340499505,0.5503056122088787,18.83929251458722,19.2411458912324,174.4106413764714,2665.917604900262,0.3126474599629483
2006,10,新乡市,0.6000231987269323,0.3829902385061892,0.7514015754743901,0.3288686304136975,10.563306888765686,21.06382486073099,4.757983663783177,2952.635527940168,0.2155144330722861
2006,11,新乡市,0.4543699470544963,0.2822775447403698,0.4782086171212678,0.2286152603173086,7.229064543876898,22.276326069120596,115.2414683927972,2388.012547971212,0.1921383613235158
2007,1,新乡市,0.5199978093389379,0.3267166482121503,1.4149249777027,0.4786906104398766,12.971538874991532,25.160562426085104,455.9957439098908,2630.851441073199,0.3212157554488073
2007,2,新乡市,0.6048068253932352,0.3936634096975498,2.047662300382884,0.5464155971824294,19.48419662699935,26.32019904929974,488.6943567006456,2917.59666777755,0.3198857278640563
2007,3,新乡市,0.6819770144476601,0.4828575691198865,2.377651635266002,0.5588486583838913,22.878753828133213,24.539739238251027,451.79463245333056,2313.922142595532,0.3374394737154927
2007,4,新乡市,0.7591499713114379,0.572042005874132,3.514121447177526,0.744284045231092,26.76076258890678,27.08531675226281,759.6130186872795,3045.9430866856205,0.3352833363512217
2007,5,新乡市,0.7692942701464394,0.557301710234766,3.4055999283941345,0.7284312289413816,26.5627011296247,26.283270284157823,972.7627304659566,2411.431001684321,0.3547977045765585
2007,6,新乡市,0.7794523834636001,0.5425614145954393,3.4276992007268894,0.7432731309990172,29.846494832318896,25.085894233956687,254.2389682990489,3119.6877475606943,0.3290322985191876
2007,7,新乡市,0.7591865508587134,0.5279588384258431,2.930467303848512,0.686377715942444,28.679644194911425,27.084587083116457,158.94175149391305,2934.111268924112,0.2468422612956469
2007,8,新乡市,0.7389334665165381,0.5133562622562604,2.7469788767707426,0.6998528220627463,22.48217365841876,22.583790518732226,452.5105639212404,2012.9406067723733,0.3036444077585553
2007,9,新乡市,0.6428523521671672,0.4231840944984589,2.124037616403557,0.6403409108012935,18.80269706007697,21.779228892115903,122.91759139254926,2751.004710712758,0.2869929998267072
2007,10,新乡市,0.5468439625979382,0.3330119267406334,1.325486035712849,0.5301952583296877,13.983260154004157,22.74631053918036,87.51010158740795,2596.708996378457,0.2264439329822367
2007,11,新乡市,0.4818230758420748,0.311198968026434,0.7588974575671167,0.3690521527855179,7.784920506707912,22.710517073140775,23.342085666298917,2928.153633005574,0.1716483425396935
2008,1,新乡市,0.4194901464359671,0.2751768864373092,1.0342851537002071,0.3591111150399935,15.261607264889443,26.42745788599836,484.11549190297535,2727.045028251195,0.2891090052491999
2008,2,新乡市,0.5170396171287318,0.341005041478899,1.760011065619414,0.4436315615903326,23.285165340026484,26.37623936189218,724.8354466649632,2634.0303071706603,0.3268856179337945
2008,3,新乡市,0.6319920494636587,0.447589690827634,3.4080433307533653,0.7359638477240278,25.739187328735653,23.78321116367655,730.0491568769994,2384.245456633577,0.3584307647545908
2008,4,新乡市,0.747174086470338,0.5541606537171976,3.2036923462080464,0.7139127812949901,31.53610120537377,26.489328072558656,408.4789870580278,2730.549525441511,0.3232070524092631
2008,5,新乡市,0.7519966897059077,0.5507695288022328,2.4626898185580752,0.5843428569749708,28.007360181656555,27.09965162718437,227.1894344487272,3157.134032257052,0.3141404740313565
2008,6,新乡市,0.7571264226400107,0.547379472977089,3.3856389678440992,0.7534526612329342,26.967461487350214,24.758435149028998,1111.8182896402343,2469.009718506384,0.3317187882797166
2008,7,新乡市,0.7451247255964029,0.543912841201992,3.227512449079093,0.7433226780961814,27.633552704893603,25.273991689537308,332.51424859217275,2846.0501459848983,0.3331950724480475
2008,8,新乡市,0.7331555212739713,0.5404460835084924,2.469742905797982,0.68849446373706,24.085233881382752,23.238175931166797,134.3555544037902,2743.171558666731,0.2905083978127806
2008,9,新乡市,0.6904439659316934,0.47321288278531,2.0326864532042137,0.6141976132530246,19.70296157284721,23.118368972746826,140.7044395390019,2507.803469650832,0.236463871696528
2008,10,新乡市,0.6480752944179297,0.4059803219750911,1.263181310279193,0.5083050222281186,14.853592026125066,23.35970336931062,87.84246628523084,2975.292850206092,0.2173867430659071
2008,11,新乡市,0.5118947827625011,0.3141239697610294,0.7294830936443528,0.181876355110385,9.776618526451523,20.12680849070155,82.86703314974862,1612.649528307355,0.259762854031888
2009,1,新乡市,0.473824688353812,0.3193470216723847,1.3595863217240554,0.4806610516605359,13.617862464867688,28.92848385864933,617.4628787873063,3301.424698554515,0.1905906502039174
2009,2,新乡市,0.5989743588305056,0.4107515494287799,1.8536428916336636,0.5420066428764203,22.547462479708845,25.83364384410824,505.6019722783236,2780.1826682399146,0.3355881730427801
2009,3,新乡市,0.632470587797894,0.4621708880539158,2.360230829077837,0.5671358788723634,23.59652701429604,27.45590259316829,642.5229515594309,2669.123921805048,0.3129250270874514
2009,4,新乡市,0.6659661042842169,0.5135897347354034,2.3767011636529176,0.5617645365881951,23.93801086294365,25.46252706400026,75.74184761325054,3157.8228182177686,0.2723783245171923
2009,5,新乡市,0.6980022192487622,0.524748655435087,2.702118678401868,0.6725787654752878,23.09489840364166,25.55559627930214,308.0319378036012,2318.2041362610566,0.2573323954387626
2009,6,新乡市,0.7300796765326576,0.5359074049291884,3.1032242609414924,0.7291327862412182,28.05062808462146,27.764816309009287,744.035125777957,3174.0925211839126,0.2115914624568568
2009,7,新乡市,0.7383475663055172,0.5146856116349591,2.670793531365134,0.6652961545272991,25.045313827893857,24.482530130179057,286.4719935683664,2175.5844788358418,0.3299059917558735
2009,8,新乡市,0.7468820385321705,0.4934638183407122,2.8688172710044504,0.7089571736632487,22.884532718059763,21.837658604376102,689.5995462064326,2686.3682856153064,0.3398082036300168
2009,9,新乡市,0.7013097002263158,0.4684415621315612,1.831596764476816,0.6167582079283948,16.429713336173382,20.346928763669663,252.17032850486,1669.0755603184307,0.3327784043579596
2009,10,新乡市,0.6559805855315771,0.4434193059224297,1.2745678645933705,0.4541951836929105,12.983106433936497,19.78203050937934,297.8438883336493,1648.4577837351474,0.3252509751600697
2009,11,新乡市,0.6002334354367667,0.3892039353114117,1.1630114781828031,0.4959293985886315,10.399826706270254,19.20459255000904,220.45456539010704,2141.8258961566635,0.3419102486201701
2010,1,新乡市,0.4371594842668277,0.293530954233789,1.000502831557162,0.3598756014753092,8.244315253808626,29.36239413478814,272.1025109147041,2996.121752584518,0.24156145794531
2010,2,新乡市,0.5229378453712842,0.335092816747137,1.225737911527837,0.4504639212269107,13.31920330193665,27.276367374036163,94.16882598689884,3009.3110060459467,0.1872585354077525
2010,3,新乡市,0.6022524836491344,0.4238683290516638,2.293235019354169,0.559769615495047,22.62358587458709,25.66572145060684,1216.3937395685878,2420.7651050055174,0.3405599228691192
2010,4,新乡市,0.6815736486643008,0.5126511666767938,2.9762999705365893,0.6479695808363068,26.39850367798197,28.921874351237967,86.40979659082282,3194.234173627908,0.2634025649220159
2010,5,新乡市,0.7149808782650804,0.5401323048209149,3.100838423717194,0.7120306457026215,26.095582756734583,28.370314536055904,367.0597308076302,2930.239322790262,0.2609927878232052
2010,6,新乡市,0.7483838754113643,0.5676125737669804,3.0263533373552325,0.7279938545300567,27.793727137023037,26.483015748854324,493.18504592417867,2298.863467276897,0.327983742121004
2010,7,新乡市,0.7524168508332298,0.5658878570125587,2.339711750112048,0.6014314940873956,23.07213276763296,23.07176165805216,1539.7287769765524,1457.3348919022787,0.3940276164851815
2010,8,新乡市,0.7564498262551035,0.5641631402581446,2.5542371532019725,0.6467584272512409,22.030488247765412,23.30233426951869,147.5657970734791,2568.0929839419678,0.3410296429503057
2010,9,新乡市,0.7243773172675585,0.5041541967012848,2.2964471002800964,0.6410965807711948,19.32187892542478,22.328833920359244,1055.704513226712,1823.9220562512712,0.3681650673449563
2010,10,新乡市,0.6923047473628201,0.4441450213328031,1.2364258700440736,0.432733027202387,22.1216943689708,23.989943271690315,98.16680389917067,2605.196927197879,0.3285752222630738
2010,11,新乡市,0.572956623596268,0.37074160335156,1.244083574184677,0.5063849453460255,10.384466702753388,17.237747269757552,79.57709240840444,1890.1428325725408,0.31164088463729
2011,1,新乡市,0.4132161953161578,0.2690699898485401,1.0164908004028768,0.3825696755652003,9.883484771183474,26.26640171630857,753.5795958314907,2431.015545359119,0.297596930328318
2011,2,新乡市,0.472743464138028,0.3199104381230351,1.670350968463347,0.5407080885302713,15.859560945183654,28.46755065257365,46.565674658024825,3467.1151729908165,0.201693809264373
2011,3,新乡市,0.5702440587823384,0.3931992910398638,2.22258498589124,0.6062257366152085,22.62619586980288,28.879643993800165,209.57496974714329,3203.2256068144457,0.1706911941571218
2011,4,新乡市,0.6677446534266994,0.4664881439567032,1.2892710557057443,0.4045594798149834,22.55393179402276,28.07944711397358,515.5506366782291,2577.062596983425,0.2304669091803314
2011,5,新乡市,0.6719883916049556,0.4831032925666475,2.777260057816675,0.6619585959880714,27.054320834081366,24.63385239340152,950.6964774381336,2296.094968207484,0.3454447990881998
2011,6,新乡市,0.6762387751882107,0.4997250510929939,1.6755052567366864,0.4372063992554234,25.335252563571505,27.25782281896904,303.9948510871401,2670.146963381653,0.3034273787868006
2011,7,新乡市,0.7016971436653584,0.5004236111852849,2.636804512347544,0.6312388988152958,22.22000408554347,21.741880759374368,656.1601407139058,1784.5919668893737,0.3496092162404063
2011,8,新乡市,0.7271536211122668,0.5011234814798201,2.3717027568998708,0.6130655292570585,19.01376783093654,24.613606814962846,41.3646953651096,3099.5246898570663,0.2469597850781779
2011,9,新乡市,0.6821814166429311,0.4486674218703224,0.1809304820585706,0.069031842622533,14.18290956202232,19.518346369375838,318.5409840953882,1236.6670499510312,0.2806231482314035
2011,10,新乡市,0.6372267755545767,0.3962160996765723,1.7787190566782047,0.6320999589086252,15.49399371656078,17.080250831121734,1628.2319125997385,966.7768175239748,0.405455212720501
2011,11,新乡市,0.5975851124612284,0.3761479321104884,1.2322444340991785,0.526131631948926,14.40264251649608,18.10038029137864,12.769448298376282,3157.1426199929897,0.3306773791175419
2012,1,新乡市,0.4954502618557999,0.3306923127124336,1.2117479394486166,0.423203843823246,18.3810424215615,26.9433538852326,1173.3565920776837,2717.9753872552333,0.2787734320116031
2012,2,新乡市,0.5938722120691944,0.4004856689298595,2.17822509338876,0.6074008266843822,20.547066795544477,26.84881351272152,473.97805849158567,2875.833691046056,0.3274584454771884
2012,3,新乡市,0.660339001420064,0.4717203326439024,2.948374047814289,0.6936305623960403,27.86920873204023,27.734990811250565,222.81058753064235,2969.6509676406463,0.2359270170087843
2012,4,新乡市,0.7268054041948515,0.5429560130915135,3.0829562047258388,0.6785850370749924,33.50515961293716,28.424761900262776,411.8374283464095,2887.897575017415,0.2838624669783073
2012,5,新乡市,0.7361792756817243,0.5401297966568299,3.334599037804594,0.7011992998475665,33.222586095534346,26.186447737366343,505.44926899244473,2740.078117705033,0.3337320648952719
2012,6,新乡市,0.7455530930273022,0.537304789029188,2.9312624480480896,0.69127822665779,25.58304680987082,24.995751111427364,113.70466586420822,2609.337620417092,0.2759950459893709
2012,7,新乡市,0.7443587574778558,0.529914983271317,3.1901600370545045,0.7418542864995128,22.986957586590982,23.19625151377081,439.6979659311465,2654.4249738387903,0.3103862423398324
2012,8,新乡市,0.7431669801407923,0.5225251775134446,2.8650334277770084,0.7193181559755503,24.11460030756872,25.024447456888662,392.4709049297393,2272.5793220993223,0.294553090020257
2012,9,新乡市,0.7168560338889868,0.4866424588908196,2.191187413378829,0.5742606671267964,20.39063504557922,22.3006443239748,266.2862744718385,2588.348756601929,0.2968799558934163
2012,10,新乡市,0.6907234893900015,0.4507597160110301,2.2561080974062047,0.6554385650941833,20.16074007377853,19.73776850517655,97.45305570060994,2656.008515422548,0.2876013144582487
2012,11,新乡市,0.5827781396140956,0.3847435625104914,0.9769882831650748,0.4408575903609127,12.252279868368197,21.10187468313293,118.06562916124824,2205.0721661106127,0.2392303070819635
2013,1,新乡市,0.501499655879248,0.3559082476804632,1.281914140735276,0.4215786977970787,18.149785645704736,28.219706428248717,1098.4623197264814,2723.77380949821,0.3248064851494824
2013,2,新乡市,0.6185902759402561,0.4478125814835492,2.44221964779258,0.5963324385514022,22.921994925040508,25.864149605584757,287.3395763213265,2186.6660809937744,0.3243745754491517
2013,3,新乡市,0.6845469968097772,0.5042915073003342,2.604774359927123,0.6062574492417571,27.664570979330385,25.568941902316197,846.4998413253579,2451.912088142064,0.3674099970856173
2013,4,新乡市,0.7505099070669498,0.5607663100037702,3.748171044118382,0.7742200663874488,34.09837022307826,29.2035802074199,382.1463780649397,3076.3438820197075,0.3122717040038757
2013,5,新乡市,0.747411112965745,0.5555362945362448,3.4976828873407952,0.7618868838911408,33.90224969123097,29.680911218911284,141.82739541062446,3313.837248925702,0.2694911775314887
2013,6,新乡市,0.7443243771976994,0.5503062790687203,3.2882956364513296,0.7616478612655653,32.89284827551296,31.61234811664029,37.32944336445119,3403.1834266996143,0.1715719943710692
2013,7,新乡市,0.7136787936705316,0.5065781487252218,3.1042024816511598,0.7312651353316624,28.977547129729608,28.5012605876784,2.2305020802593,3326.9155780194155,0.1350197154968083
2013,8,新乡市,0.68303666892258,0.4628500183816836,2.2599812366938283,0.650757590010486,21.815039638985315,26.193493022922656,62.08795454245276,2885.036356641596,0.1439709111359409
2013,9,新乡市,0.6151200031169588,0.418450442374922,1.5342911174235665,0.523459007417926,14.709512241962216,23.7323820407694,68.25422907170785,2506.2911843465163,0.143658559431394
2013,10,新乡市,0.5472076204058667,0.3740508663681541,1.034579646683525,0.4383464466517755,10.980325934226396,26.039805444803445,26.868602782495028,2867.920895714851,0.1469751878335982
2013,11,新乡市,0.422244026201561,0.2799972676572624,0.4218672850449038,0.2239215173505188,6.593233282666415,21.05157141135585,83.07713136326602,2010.1859098771424,0.1652567166654384
2014,1,新乡市,0.5106153497825249,0.3387123598233091,1.6561588019401536,0.5350927078046023,13.79129509027951,27.21308193096694,490.78630711816896,3348.554894733456,0.2590746842796797
2014,2,新乡市,0.6221133727983738,0.4201927429475723,2.01607094036942,0.5933998356342071,22.12945190936476,27.03028801943749,197.86157152043373,3125.6703619583195,0.2171817362902759
2014,3,新乡市,0.6639514342511024,0.4760617030677637,2.8406495159539404,0.6930645264545554,25.87990863801487,29.082340435657127,165.52106910277882,3078.618056148213,0.1905491992376729
2014,4,新乡市,0.7057894957038489,0.5319306631879308,3.109227668459248,0.6931950193684364,28.48393126017218,27.69358221640624,271.91894320622634,3261.130118970525,0.1995007435805266
2014,5,新乡市,0.7226147253470462,0.5426618837051758,2.879426747540794,0.6721497709456092,24.794045406403956,24.73793424864684,627.1818886974744,2156.3466299420725,0.2678645588855957
2014,6,新乡市,0.739439954990198,0.5533931042224034,2.8969451098294816,0.7033496462898192,28.874948939088643,25.233063005524876,67.45377519280288,3024.030123136516,0.2530179632333818
2014,7,新乡市,0.7293088365246837,0.523834204030539,2.774917616085819,0.6983549293652513,23.52163850172665,25.624353566386485,82.73786139728186,2954.8920774505555,0.1949643643017434
2014,8,新乡市,0.7191879428351227,0.4942753038386747,2.896737211963107,0.7131678246358379,25.43529455689353,23.66332584057554,282.67521204029737,2537.826298057641,0.2085247991163264
2014,9,新乡市,0.6595639223382603,0.4442501967787291,1.199648761442988,0.4064195591668634,19.24488289514047,23.932902062117016,197.61908337793108,2521.697752159544,0.2259855580146363
2014,10,新乡市,0.5999538156976525,0.3942250897187785,1.2935342492968207,0.5275169739315623,15.740281758543476,16.986797672657275,1518.7312245260375,645.7222763854376,0.386690777901448
2014,11,新乡市,0.4972068920380119,0.3146104404080741,0.9575961752172804,0.4241109928790117,11.315555910423427,21.342564178510436,29.78732667745281,2611.1875136424724,0.3145196865923061
2015,1,新乡市,0.4937714011007981,0.323591219380865,1.2004159916030694,0.4267206764191743,15.436749254564424,25.68626124008309,27.13851119676721,3318.1504824352646,0.2280804672449832
2015,2,新乡市,0.5490795395509431,0.3552760002908574,1.4726512491965036,0.4961681423574147,18.158826999978416,27.13029637301275,542.1669157932059,2981.1580537527925,0.2134587018139289
2015,3,新乡市,0.6462180175382716,0.4495381051545227,2.907943468027176,0.6833071304068635,29.879074295873732,26.25888060952333,467.0144471401002,3006.200741172648,0.2783810243154241
2015,4,新乡市,0.7433576043509589,0.5438002512678274,2.930038036904861,0.6458247411733314,27.44449666753709,28.996528426539616,340.9220497058544,3112.6951300678525,0.2555069776737648
2015,5,新乡市,0.7414267128590056,0.5508910989873244,2.824556447439197,0.6336997415857892,30.912102155210807,26.175589459930386,752.3670788040351,2546.956613724263,0.3242691294555694
2015,6,新乡市,0.7394954970289357,0.5579827839531939,3.1921673427959445,0.7397975313381643,28.787815331460727,26.85838255053473,157.4675466127017,3088.0896844921444,0.2586744700093659
2015,7,新乡市,0.7334967328777746,0.5411280568855674,2.8247701621265136,0.7039098566479813,29.232097751782224,24.94754555335168,129.52547323287584,2765.309761705308,0.2095136340371456
2015,8,新乡市,0.7274964333042688,0.5242742472318336,2.427539528093567,0.6222617152369497,21.24827693856088,23.40613516178035,962.2142160765428,2692.379084508236,0.276888716280806
2015,9,新乡市,0.7113154448233955,0.5141434079934908,2.49222253171967,0.6907720733015181,19.44814739013138,21.71903100245938,372.3225851023833,2016.8468093700128,0.3331614847761912
2015,10,新乡市,0.6951829641072628,0.5040139361872944,2.094732318514166,0.6512940905740133,16.378792203964355,20.26061243706892,20.24174927753456,2799.98035036396,0.2669179005266646
2015,11,新乡市,0.5516914814901516,0.3854529241095989,1.1018323320599797,0.4709186491965474,9.52222715133055,22.504133850480223,26.045924933511277,2489.893549310265,0.1971268675162671
2016,1,新乡市,0.4877757334581916,0.3249061630991938,1.1038547197845878,0.3840843821479444,15.75684696134634,27.204489865609503,157.03836201373937,2972.118944878319,0.18139949142835
2016,2,新乡市,0.5717625088482488,0.3953568884801205,1.433689314863979,0.4463310757093657,20.16316828371318,25.66893527543189,900.6617708737414,2015.438158398521,0.3168011274824182
2016,3,新乡市,0.6628778818660015,0.4929365050891838,2.951411920498117,0.6699230996701586,25.83201643310288,27.372326040839248,1246.658912124503,2324.0179069653977,0.3572358977143606
2016,4,新乡市,0.7540038322544033,0.5905123414210448,3.4531596496443724,0.7418262716904005,28.8402604999883,29.40979860257255,390.5190154310935,3054.46684296423,0.2797113133870469
2016,5,新乡市,0.723450723489981,0.5637099926434577,2.520212050308244,0.5970022254945342,31.784877378083397,25.868491342606376,702.1077245444068,2456.039409342115,0.369900590334535
2016,6,新乡市,0.6928988731657394,0.5368989044715222,2.550572378260643,0.6280686788966701,31.9009822179772,27.54405416405445,111.0484042721472,2497.6371027767564,0.3009364448745642
2016,7,新乡市,0.6973041524104503,0.5142469637739119,3.0219928840466284,0.7196539929729593,30.515648293151177,26.956379917596816,605.5709039362906,2314.754696342475,0.2813059752858261
2016,8,新乡市,0.7017914790054981,0.4915998307310474,2.922265648356364,0.7210665227297549,27.25953898996674,23.66281565470919,26.770048302460847,3394.937017215977,0.2585874897487999
2016,9,新乡市,0.6482785624044369,0.4469909970539176,2.008936157337671,0.6237294535044073,21.75260083151169,25.69040603290186,38.44443840454352,2929.2593833731225,0.183932170632324
2016,10,新乡市,0.5948658723635633,0.4023821633767785,1.2256834880430378,0.4736371034201463,14.582784123907835,23.493190135284063,389.9075860191649,2681.506946859129,0.2647654887509877
2016,11,新乡市,0.4669191762065265,0.308092985530857,0.7633285864086709,0.3681707554681672,7.334379043144761,22.03993804161108,130.88732177837326,2308.132396741127,0.2199803158526426
2017,1,新乡市,0.5225667291498938,0.3639683394423763,1.65095171126402,0.5412094760624134,15.817454380094448,29.60355155204248,613.6247494446599,3388.5578407069584,0.2077191868905885
2017,2,新乡市,0.6062276904700745,0.4252321191994029,2.045909447692201,0.5873178690776785,18.336064029351387,29.200635029627456,228.95477656828123,3093.266206736516,0.2199621353612375
2017,3,新乡市,0.6795310278764372,0.503101149070537,2.388878158711424,0.588620074335598,26.757969931131694,30.027601179345776,292.4630475925285,3076.718555270037,0.2527114324922343
2017,4,新乡市,0.7528496284045073,0.5809701789416886,3.4147061317385567,0.7477204770956711,33.62431606297066,25.50593068569505,502.6049362212661,2076.270343089104,0.3053365635879922
2017,5,新乡市,0.7475729371163222,0.571480732044433,3.3028281862157582,0.7342564458724345,31.850123522289525,28.81152925537632,734.587396066639,2906.008532680048,0.2845947215403106
2017,6,新乡市,0.7422962458281283,0.5619912851472068,2.75655765492565,0.6526891219316536,30.57076236623269,27.753530722146092,423.9565690549724,3126.3883194318933,0.2579386545003477
2017,7,新乡市,0.7226498482810315,0.5335953551695511,2.433859502618128,0.6240444084502299,26.27412696143344,27.012901732325453,199.15351224501524,2348.935541006923,0.2518760936386531
2017,8,新乡市,0.7030021000893791,0.5052018827704068,0.982393032350802,0.3455117343599899,21.40689083694827,21.08277668952281,487.3830184141257,1386.6979921969323,0.2972485675563536
2017,9,新乡市,0.6905138179423607,0.488359944381267,2.4769663792397623,0.680363405171565,24.51866042311721,22.162174010070952,421.44735400011206,1874.6506381525192,0.3242250572365792
2017,10,新乡市,0.6780256804919264,0.4715205140514416,1.3762240194034474,0.5463958787527174,15.404713015578803,23.33882805519248,13.116661573628464,3060.888323692724,0.2710560036709125
2017,11,新乡市,0.5295357696030587,0.3625692367484454,0.6564693124429909,0.3257286458503459,9.790785001083972,23.941138296585,204.63374821913865,2162.750816362045,0.2118502085830694
2018,1,新乡市,0.5391961461013257,0.3860524402974034,1.5492309039212249,0.4918211223737709,22.710166873329985,27.241732650088988,179.71412966624942,2833.3368886219973,0.2340713679420172
2018,2,新乡市,0.6495324278497052,0.4949219123250511,2.152148721237683,0.568468874106791,26.208966225578457,27.258781062872668,676.833853906118,2219.590818423634,0.3277214746582909
2018,3,新乡市,0.686732634771548,0.5265584873824003,3.142691220059331,0.7118290600016507,32.587801847153145,31.38545239214676,35.77868899545987,3476.371152232452,0.2279920215053875
2018,4,新乡市,0.7239295004053028,0.5581931979961905,3.078432161385245,0.657734582821736,30.92721815366509,28.31994999061352,739.065623300022,2518.432750520271,0.3006339394387129
2018,5,新乡市,0.7179374017216924,0.552990300666901,3.0055781172489757,0.691228066693919,27.283538584559214,29.482363695023075,211.545410254886,2821.7717274239653,0.2851036296949876
2018,6,新乡市,0.7119495066613191,0.5477912777936357,2.167240912564357,0.5911773966951602,29.216705317294355,28.07033753217768,242.90429241800047,2682.9775540701767,0.2410567595036861
2018,7,新乡市,0.6968616750932662,0.5241596136955193,3.016252743725077,0.7291762294135798,26.784520993474345,25.09863634603227,1458.7166207158157,2438.84122191273,0.3392312489180023
2018,8,新乡市,0.6817808960564878,0.5005332818835931,2.144404921963181,0.6256019564208156,23.859969484079837,26.117893124431998,60.66461253699508,2538.375086751007,0.2416777667351774
2018,9,新乡市,0.6351494389999257,0.4530977521007612,1.7729486235295515,0.5837968842973844,16.76674743833639,24.110596799572928,17.56880283377162,2806.966359169659,0.1817296101697451
2018,10,新乡市,0.5885179819433803,0.4056622223179373,0.760897626943264,0.3146352348212419,13.355554627530369,21.652354329834367,615.4015116417277,1657.2713938282525,0.2348746742135395
2018,11,新乡市,0.522046815900775,0.350673956026671,0.9196465120310084,0.4215760419556568,8.282304427297818,18.93489142112705,366.707955780933,2136.173090092321,0.3226434213763385
2019,1,新乡市,0.4002084021876435,0.2817247280262991,1.0290174515967336,0.4049216919839432,9.657890929501006,29.54022160198913,8.03603196689804,3542.6866458887557,0.1444031944149682
2019,2,新乡市,0.4558948934465694,0.3300086020518855,1.5498510383581512,0.497947825874989,13.859396767425336,28.172586332262608,229.9697707744901,3101.849270672176,0.1815815564242656
2019,3,新乡市,0.5490269486028898,0.4100507762220614,1.810467058496082,0.557079955694171,15.372992955985424,31.58027003690096,50.79684059315748,3151.569023873681,0.1478186790082051
2019,4,新乡市,0.6421691284554947,0.4900929251082574,1.904822675364652,0.5500048477802477,22.41775707001781,29.8272156744808,905.4939440211529,2676.842551119588,0.2853822741726142
2019,5,新乡市,0.6709450808830558,0.5092225103540056,1.469637442739214,0.443796409828334,27.116834855400665,26.579696282905907,537.4513290910307,2229.776873455904,0.3604401501871092
2019,6,新乡市,0.6997200136537264,0.5283518333020655,3.1112188046244222,0.7297169777767762,31.389665323681367,25.83005256216582,258.6123890668209,2738.1052463381075,0.3351282494717543
2019,7,新乡市,0.6946080160129716,0.527835001874136,2.174271755682906,0.5992880554097936,24.07740672883396,25.669783473557956,311.0041243305367,2490.25745003494,0.2680225763700162
2019,8,新乡市,0.6894960183722223,0.5273181704462298,2.408637208313947,0.661484351128352,23.83955288091811,25.203591321346032,43.259779811934585,2878.10777246038,0.214439127984604
2019,9,新乡市,0.6723532143937611,0.4931672136290049,2.1960092073290447,0.6339963837260888,20.148899231844773,26.047165814954266,64.63621095475787,3029.724675437485,0.154986580094715
2019,10,新乡市,0.6552104104153207,0.45901625681178,1.5035496163220738,0.5696949212788437,13.42510297523426,20.328743854808646,466.58500670168365,1383.6561314019757,0.3154868348205636
2019,11,新乡市,0.5575658267311772,0.3843998707922192,1.2571950542643926,0.5058990712260678,11.0229997613543,21.715209726450723,6.87266757077427,2555.660723531053,0.2289393661034041
2020,1,新乡市,0.4931074318655949,0.3236758627130651,1.358960847255002,0.4833200400379171,15.695436320669508,27.13024824720752,375.7223891297372,3148.5507307250696,0.2585628597627913
2020,2,新乡市,0.5726763055297797,0.376751033688853,1.3315553096418256,0.4482569694122395,22.078193937826203,25.17168829820471,159.19886378971756,2425.0992864966493,0.2434444027323795
2020,3,新乡市,0.6397382395262771,0.4481584140318705,2.957146530071777,0.6958502346726625,29.150446193551527,25.388662183364985,168.43514328829312,2825.844887914404,0.2178793944492307
2020,4,新乡市,0.7068001735227671,0.51956579437488,2.4688377033282896,0.6021535556161053,29.558745010438653,26.59046290066312,239.15354491131052,2528.243860257355,0.2259042446689265
2020,5,新乡市,0.7152011647785105,0.5296585788804364,2.5667066181139995,0.6179182876619252,28.550060670351403,26.4925182147658,1154.1053208348033,1899.6197499601683,0.3700492786336379
2020,6,新乡市,0.7236035506322376,0.5397556619938285,2.4076874145129628,0.6115528375570838,34.192537395923786,27.073237181769585,345.9315735105142,2498.2167087788503,0.3521176062433492
2020,7,新乡市,0.7014839973922449,0.5155555523714875,2.2962082730088764,0.6269411821223868,28.939667789093946,24.116663227720306,337.99691091266845,2043.4635109196963,0.3395400157461863
2020,8,新乡市,0.6794243038782126,0.4914048866513659,2.18472913150479,0.6423295266876898,31.261292326591622,25.710933917211285,13.418543593192195,3397.797140426824,0.2423773860857996
2020,9,新乡市,0.6656344571176646,0.4746455565630276,2.437749551148614,0.6746558774477158,24.169871978812523,25.67524120930021,100.95176152653022,3170.8626212303056,0.1802164625307559
2020,10,新乡市,0.6519005262690608,0.457920610563776,1.5574389174540868,0.5561944028420601,14.969121156291893,23.36144734550332,18.906292207370853,2861.6479188066824,0.1916578354172543
2020,11,新乡市,0.4797446945911202,0.3346965190113618,0.4955143987058893,0.2446175083369405,10.384539542781646,22.176265174259434,14.739375526233202,2247.567857463271,0.1450925841862715
2021,1,新乡市,0.4829909170571033,0.3303120623665569,1.4149152589463236,0.4960093284590178,15.889948068388724,28.052634972542908,285.1726902457877,3038.562586737969,0.2146715180758109
2021,2,新乡市,0.577542356690649,0.4016175850905128,1.850797811638504,0.563566946942767,23.222812678851277,29.77412324989706,810.3905110168831,2947.351288470056,0.2664611507977622
2021,3,新乡市,0.6365853767022426,0.4609901906314598,2.528331100244633,0.6321457744263264,27.14573989948363,25.006363334872347,2518.659866767159,1524.951625273685,0.3898671353329727
2021,4,新乡市,0.695764310233282,0.5203627961723856,2.932164454745596,0.6845779560171229,31.71719684944036,26.978133545990985,281.6174979544595,3070.348747451365,0.3327556338529828
2021,5,新乡市,0.6840887491425967,0.5219205412799635,2.577016516781495,0.6263403486031335,24.113181152634453,27.26238142785557,100.19821647417662,3213.4461628370045,0.2598930884553753
2021,6,新乡市,0.6728457795858687,0.5234773142407597,2.3337301743572363,0.6186304881717624,23.746340885191294,25.607699733414925,133.7953409060599,2735.84538518331,0.2483023569416266
2021,7,新乡市,0.6760963725764559,0.5035285183471235,2.51131019339991,0.6568280533335243,20.04197724372178,25.13174135355866,932.9889070677146,2672.7866704555763,0.2986966689076744
2021,8,新乡市,0.6793766260157648,0.4835783039821888,1.7912439837013558,0.5052220974039733,21.541749491557603,21.10460233059985,1769.3927143236635,1506.1795513614206,0.3725823489531138
2021,9,新乡市,0.6566290646338934,0.4543881068637819,2.2930637594695877,0.6551514012533706,23.32570427831179,22.81285203162669,539.4932554579666,2428.702728117156,0.3761995793448682
2021,10,新乡市,0.6339189982167426,0.4251979097453691,1.2114198032311423,0.4896090583542996,14.378014820507229,23.058117550919096,564.8499684195943,2339.724287209197,0.3189048582105264
2021,11,新乡市,0.5224027187918584,0.3291648780232049,0.4003607640204943,0.2074825907734298,14.565246562206156,20.843203644546925,1736.3666738439483,1641.316811994264,0.3927328566731897
2022,1,新乡市,0.4930260383542976,0.3478376976792249,1.462094149819619,0.4978559030963798,18.47849827651988,27.44731938630841,1084.4929623909925,2888.489160322858,0.3502772486800904
2022,2,新乡市,0.6538548319136568,0.4530991262709646,2.267343226241326,0.6116723429421882,24.29755783873593,26.12796080337483,718.6337547172479,1676.636831782303,0.3430243694412648
2022,3,新乡市,0.6931098306001905,0.4888698483271514,3.1567006786173324,0.7103530799923622,33.78318064406926,25.53062091533605,992.6054037596184,2794.1244988090853,0.3550916449814951
2022,4,新乡市,0.7324046783563833,0.5246405703833489,2.7677049696112643,0.6552026900463265,35.45735549982109,26.49327291760152,532.0944164888483,2839.466079564295,0.3597973838977915
2022,5,新乡市,0.7126910467887568,0.5333958216478161,2.72787105595318,0.6775166863120657,30.90107812530134,29.058081261500536,146.08063715723145,2977.203086794314,0.2668828917431849
2022,6,新乡市,0.693030385343178,0.5421510729123059,1.506741514915836,0.496852512846048,27.501560639529902,28.75518530124669,38.89058605644588,2576.730527648377,0.2396654526286627
2022,7,新乡市,0.6930978298390961,0.5249632163849939,2.2113926237041786,0.6170184741919909,24.04886553140016,27.58433611729295,92.23943879228858,2519.5230858692767,0.1726905849606548
2022,8,新乡市,0.6931905120973892,0.5077753598576987,2.215543954960111,0.6445902177310495,25.59206735971102,21.74785848336419,379.5221842932151,2147.514636425912,0.264530399253787
2022,9,新乡市,0.674139158135231,0.4841337338416542,2.509491618623684,0.6838140144094474,20.59713873120069,24.019020255806637,72.15013442494636,2681.835941704299,0.2004169403157399
2022,10,新乡市,0.6551277701584499,0.460492107825642,1.4936607915662323,0.5686663223135945,16.368953920954826,24.525155141657244,6.76876768874033,2953.463667981645,0.162364761560174
2022,11,新乡市,0.5368166555511668,0.3705627143697707,1.0547109264274974,0.4731060565449562,9.03492430094303,21.281865613769217,0.3310904320162801,2773.70911845836,0.1380005373656546
2023,1,新乡市,0.5245820196162266,0.3570999435307446,1.3292201047884138,0.4655596961995814,11.437760469218665,29.766324902392174,413.6144239066405,3153.174711735098,0.2195399255739419
2023,2,新乡市,0.638135078224301,0.438453184996103,2.365363654132631,0.6374101609163619,25.991113699773862,29.86122454184668,664.5984330398499,3024.4106909487377,0.2627923028198925
2023,3,新乡市,0.6876313523070097,0.5015636485514868,3.0202435492823825,0.701691305984217,30.740463339985936,28.47118458700845,282.9474642923431,3070.513601573932,0.2386513668559433
2023,4,新乡市,0.7371458402534395,0.5646741121068847,2.954595417303663,0.684597543007886,31.46786191656803,27.54661302136965,1333.7103719048666,2242.912818247697,0.3152504650105669
2023,5,新乡市,0.7376997365133982,0.5747586147143506,2.486271552906205,0.6266044902557936,29.4470921437707,28.52642504131999,174.7204533088076,3149.3775221415644,0.3126418792894457
2023,6,新乡市,0.7382699098423051,0.58484413537269,2.612345956049297,0.6643835218873478,30.649297271765068,27.82819750753625,410.70853925062846,3106.2821429473365,0.2652265897370552
2023,7,新乡市,0.7334897786910858,0.5683446212719842,2.609101883897611,0.6915825401975665,24.975971321000703,26.299504029995703,856.4924726090044,2560.0311354964783,0.3301670169605795
2023,8,新乡市,0.7287118231864681,0.551846998815983,3.1176019188449406,0.7371476377676591,30.365726625207564,22.902420297906826,750.7874504459066,2499.4450890243597,0.347682270397386
2023,9,新乡市,0.6930657386974797,0.5068303015232206,2.526020701284327,0.679312652288871,22.103026741837063,25.65041321693812,80.04690865484912,2853.2524487188243,0.2525337459645415
2023,10,新乡市,0.6574502030513717,0.4618136042304624,1.68213609742227,0.5964260592128987,19.519074718515743,24.36431716478735,80.64514587252236,2515.51021058736,0.2471329939916018
2023,11,新乡市,0.5364276340704631,0.3788585756369546,0.5520315291790729,0.2694703486979312,12.05437808175124,19.462481091537583,832.5977515922872,1487.081530048502,0.349514172062414
2024,1,新乡市,0.5044144299640592,0.3533149806169042,1.0326198393949206,0.3749691350260844,16.76555005716181,25.281223986839134,1982.981652620359,2176.2885005595217,0.3403710457930268
2024,2,新乡市,0.6306765705457572,0.4397195612937146,2.0518778048056845,0.5919036315414378,22.61885072833556,26.77278276344882,355.0920164164985,2774.789730576852,0.3177246406999597
2024,3,新乡市,0.676423532999127,0.5143180481056147,2.0549124920261845,0.5640114252463991,28.46918770054788,28.923226858872248,678.4024817324879,2368.132299681477,0.3548918241507777
2024,4,新乡市,0.7221808434360568,0.5889241482698837,2.706166845492392,0.6504889732458009,34.21958902123588,27.980910686160044,504.5644944163802,2479.643821325136,0.370441251126269
2024,5,新乡市,0.7349364309902378,0.5747103008614889,2.304616970725549,0.6182554877593808,29.847911249625483,28.172831707845,646.537973795723,2286.156586080385,0.3465933018850404
2024,6,新乡市,0.7476953478150467,0.5604941171177692,2.7384771460022934,0.6681860495574851,30.618521353623144,27.692227579583328,92.02252454714912,3272.6674616700807,0.2903975606742747
2024,7,新乡市,0.7469052824558928,0.5559142229829419,3.1093271600637733,0.7264662836756297,32.617505086868064,27.957458569173152,423.38935228398617,3019.1512545069045,0.2887420938282857
2024,8,新乡市,0.7461146925598241,0.5513340413173351,2.6600652030307548,0.6882807802343429,29.55786008279505,27.00157545984804,119.6821249989172,2809.523679474899,0.2502434963296835
2024,9,新乡市,0.7156646272473758,0.5247745195725112,2.54141365085458,0.7052942216005854,25.080427283269145,26.54416337033491,54.301816324905786,2680.303803713328,0.1788306286725264
2024,10,新乡市,0.6852327842684804,0.4982149978277035,1.4969322442692106,0.5501250021133354,19.21227942250121,23.99256559966293,153.26650326329838,2077.799756041929,0.1906367297373178
2024,11,新乡市,0.5578692819450287,0.3936281709599559,0.9045617431433762,0.4075558584895273,11.51932919159153,20.85839522612285,119.91457984568346,2518.291280775736,0.2502581553715212
2002,1,洛阳市,0.6315629306678561,0.4015086677479596,2.3022123698705124,0.5927352194762028,21.544376163067216,24.08016738261469,443.4594259576151,2946.9342237115893,0.3279297813168131
2002,2,洛阳市,0.6315629306678561,0.4015086677479596,2.293228821692576,0.5846594866220853,12.238955486352095,27.97955172746411,92.23137881997776,3556.454360126546,0.2511652414619204
2002,3,洛阳市,0.6369944324960869,0.4199006725139659,2.3426162820148067,0.6091859065105857,18.90069135937764,24.36905994664181,713.0609967552324,2790.048106133784,0.2894786586552073
2002,4,洛阳市,0.6427319372493246,0.4385077987136112,1.336670586750751,0.4070451144578724,25.61574951229246,23.789984328766444,357.30022595383804,2675.0181450478926,0.3439289828983966
2002,5,洛阳市,0.6028070479425868,0.4106993645511294,1.3352025222300188,0.3679165936396049,20.54506539611636,24.41350466651173,442.4252178824496,3022.4474935745566,0.3256738845212193
2002,6,洛阳市,0.5633041700960951,0.3831611536498204,1.5452244852017665,0.4752526153062961,17.12673477606461,21.079380861787136,316.0146030089481,2928.3828709181307,0.29784916405807
2002,7,洛阳市,0.5977703263408641,0.3787881615567804,2.4680312456033926,0.6511171812464701,20.95020541243022,23.254703730636457,807.5020367212046,2241.4822551376265,0.3445851610261539
2002,8,洛阳市,0.6323327039637174,0.3744401492390927,2.076037540655919,0.5896819578172257,11.97614023444673,25.373991511579227,43.08750581349189,3575.020574014254,0.2909004776468419
2002,9,洛阳市,0.6000502754374069,0.3629015905043734,1.7424134026831395,0.5303308269418918,11.641975845282696,20.896438297827228,101.45072981556795,2563.912805246829,0.213481139678457
2002,10,洛阳市,0.5685216074173236,0.3516674344480255,1.0186202289797075,0.3913984016776017,10.103599143271538,16.52282455867465,601.9340696363921,1925.174213698896,0.3583127592994932
2002,11,洛阳市,0.5414839404499224,0.3021276157510251,1.3673393475594091,0.4956144961217243,8.464492193593015,17.647218735660555,366.20054216403855,2337.3129407989923,0.3420679069276474
2003,1,洛阳市,0.590320670816721,0.3792634277647897,2.163534036075345,0.5464826738686281,21.3933470727729,22.69604115257629,572.2325370997903,2541.0065439745763,0.365159439630363
2003,2,洛阳市,0.6188388692223776,0.3980336726401313,2.400142385819626,0.5958486036762413,24.38411800938218,19.763367584740347,1291.6148531386889,1640.370834314164,0.3921505708218004
2003,3,洛阳市,0.6499348397160271,0.4186037277988897,1.957072039693429,0.5574524567494082,24.975745508025003,24.739626292548287,205.4356310718043,3083.7057208670603,0.3620309969184128
2003,4,洛阳市,0.6812614015629396,0.4392784759392645,1.656044140519809,0.4756495346175269,26.650405711254315,27.425287834136142,372.29803323358914,3049.042164577166,0.3256854860804138
2003,5,洛阳市,0.6373455505615176,0.4184661185079049,1.7806406619946888,0.4822647234776636,25.318685288149023,24.62925810936037,799.6663067752191,2064.626520341348,0.3802523629640574
2003,6,洛阳市,0.5935848058269223,0.3977336127882856,0.8893201357560343,0.2866948098430365,23.070034077146456,19.25763935553185,654.9124054554568,1018.5442644520264,0.401378490012619
2003,7,洛阳市,0.5694473092816604,0.3777028773484617,1.6357451889160095,0.4852804909920514,24.79714782423224,22.92901405994776,401.5109780252636,1976.7116214171856,0.3696983477315207
2003,8,洛阳市,0.5453223863181387,0.3576755764173626,0.3614561133870918,0.1517183465372983,16.882066070079762,18.633807243977568,1608.8820887600875,1331.4290962235957,0.4112222612580629
2003,9,洛阳市,0.6107016482144944,0.3690261919919932,2.181244780021282,0.6243351779711813,15.358136084179812,19.191303199874664,831.1544050263428,1826.1898566305892,0.4027692651019054
2003,10,洛阳市,0.6765637104023045,0.380557744326727,1.34956744194457,0.4895801902215028,19.101035557884785,21.718267677742467,570.9159044809654,2451.5791712158616,0.3468592896537849
2003,11,洛阳市,0.654160417654796,0.3585463932015675,1.632480955023759,0.5602539255914399,15.872700655148648,18.408699771460697,520.9419628604111,2294.339327762868,0.3787954740821999
2004,1,洛阳市,0.566200523700398,0.3598541985894616,1.8609402973321656,0.5048549577427534,12.331738588628678,26.519042758738856,133.02405373585864,3793.436390415568,0.2409697809824211
2004,2,洛阳市,0.59342537369886,0.3950721998487533,1.937645846334785,0.5442609734346516,18.736556107277952,22.70037648008557,1761.2784196938303,2498.894012099408,0.3520641357473075
2004,3,洛阳市,0.6540972210122691,0.4306165807002856,2.4557868015870503,0.6278917131840163,26.39187900747213,24.835390805381746,474.45533331583255,3032.869139031829,0.3674484321339689
2004,4,洛阳市,0.7152799336703898,0.4663606886693496,2.4213904118008847,0.6057538298699989,27.278036622371232,24.036103348359543,860.8296075766615,1986.182244057735,0.3854421425527195
2004,5,洛阳市,0.7135165805427116,0.4716326858102686,2.6439406011730826,0.664512825005715,30.496796407082,24.233810491663668,445.89381686175886,2584.771074282086,0.3762489171394731
2004,6,洛阳市,0.7122986830461399,0.4771412737937834,1.982154795208402,0.5326877024258899,25.35999384569197,20.905918611167277,954.4211583980344,1549.7284655323106,0.3999727602022206
2004,7,洛阳市,0.7138462928276567,0.4499095212889792,1.0057431957849816,0.3120106234001686,21.70785022104841,20.413398077522658,259.1160333212965,1894.2543268155928,0.3807237884750285
2004,8,洛阳市,0.7162054307139414,0.4230039733500341,2.2696111137429846,0.649945335579642,16.944231800326857,21.214013436667734,317.297615495754,2368.3233327962885,0.3699985609974013
2004,9,洛阳市,0.7122913911322563,0.3989169723765778,1.903211191221824,0.6005456669720244,19.78708050660221,19.777679048520373,301.04128837263846,2271.842366628764,0.3718815578843524
2004,10,洛阳市,0.7096046132263194,0.3752287395910761,1.595505331929239,0.5451251716149687,14.466549833134078,19.285290196575524,307.4108917926813,2754.9052776518647,0.3335047174800046
2004,11,洛阳市,0.6497567707250134,0.337971899911702,1.3295371565201624,0.5180066561855564,12.192523943017129,16.486586005319758,537.2287979169354,2228.212201135514,0.3749172175715379
2005,1,洛阳市,0.5638627539093222,0.3689896571922043,0.6711214511673504,0.2609111255032721,16.819849421924236,23.068413510191164,1108.2989079110384,1879.799099390967,0.3833392107715913
2005,2,洛阳市,0.6217668496266785,0.4256010702342011,2.257851884451544,0.5742782198173414,24.64507605730031,25.404786125467744,228.9226957429028,3227.575201888958,0.3170264103202758
2005,3,洛阳市,0.6507153471679736,0.4294877364750616,1.9396765293469624,0.5190628939728202,23.953209665420435,23.84312046063953,878.9572972426072,1835.623831303644,0.3886512199199686
2005,4,洛阳市,0.6802279686450189,0.4336335330049161,2.4653607056648084,0.6116935136315542,23.91088658555483,24.936597227637836,660.8789580011652,2505.1832461510203,0.3873428887165833
2005,5,洛阳市,0.7037889015120331,0.455422750211259,2.736820102313905,0.678354995270196,28.8079351033806,23.39496970301466,694.9012549483505,2562.3015846389458,0.3852660559627459
2005,6,洛阳市,0.7278726987747902,0.4774664665324511,1.9199739470585229,0.5192177736504929,22.80551518195272,24.82325376296025,824.1067497210626,2241.210026085292,0.3636966006569147
2005,7,洛阳市,0.7324009206746465,0.4633500570262754,2.452327856552474,0.659045605778934,22.06259023629809,17.910054376662195,305.19681309794845,1875.543139907,0.3905433216920558
2005,8,洛阳市,0.7372332615579846,0.4493086798046035,2.4199818597348326,0.6551594200727918,22.470474008638405,21.1764155837642,285.6910126742902,2605.237958148139,0.3531545526908791
2005,9,洛阳市,0.7105055705941413,0.4246531897140387,2.4636955525089266,0.6681642284414568,20.908561773541056,20.67320870026565,17.77198833679154,3291.5482298640086,0.2935030753866521
2005,10,洛阳市,0.6840430810704168,0.4000936370035641,1.231768363233953,0.4205116676042935,17.580998732449384,21.35161822290012,236.97656506636108,2343.4466369776424,0.2797310074654571
2005,11,洛阳市,0.6235743088946869,0.3667906282815188,0.6632177476344486,0.2717207285384939,12.201364500348502,16.630950515642862,893.3571496845203,1486.6610948661591,0.374087425562088
2006,1,洛阳市,0.5858510321593444,0.3936959243604496,1.887120694524301,0.4946730211111462,21.44465637003649,25.002459572800905,909.9334553481496,2633.134838699771,0.3451645041655027
2006,2,洛阳市,0.610918826712542,0.4025915081356634,1.6646616519165092,0.4710121952914836,28.015725052532407,26.30880092578888,312.62735525863224,3066.158265420423,0.3034426670463525
2006,3,洛阳市,0.6629605670531485,0.4453400459725233,2.5453797750652574,0.6513082134250641,23.909631610901865,24.48019895430604,983.6864587276268,2243.068551410748,0.3501537735982724
2006,4,洛阳市,0.7150470271985214,0.4881337293240457,2.441846105724637,0.6188582233238429,28.5235595316128,24.402491846291277,462.0818128042797,2694.7862658034096,0.3390798370882884
2006,5,洛阳市,0.7191918541209296,0.4765210013323327,2.178515479134311,0.5650102381781338,29.144815734732973,24.066615939409107,519.7929491179507,2733.3538398351434,0.3635739284513209
2006,6,洛阳市,0.7235479222089475,0.465023153010609,2.6003874396761537,0.6665696473144584,22.91096855112316,25.50567339315659,222.8457411702349,2495.514210909844,0.3128821822191415
2006,7,洛阳市,0.7054771297792789,0.4296779335099488,1.3317864677001223,0.3977071935575327,16.69654709734447,23.03116995709832,216.22422390548596,2320.137690716015,0.2655322177163139
2006,8,洛阳市,0.688021503065274,0.3945213510808941,1.9367025858820908,0.5676849855945111,18.66490634337139,22.543891600255304,488.1505406784972,1519.1813297763497,0.3464024008858949
2006,9,洛阳市,0.6740051135671867,0.3686207895977791,1.4562208168816586,0.5116007576876277,16.46148348975633,17.24629837390249,646.8948994337459,2395.3523036379675,0.3710865798704464
2006,10,洛阳市,0.6610537859535444,0.342910259491358,1.2707118092672651,0.4697989214138042,11.995247686963715,18.64237327838085,3.878467925077617,2886.810847133103,0.2771362131294293
2006,11,洛阳市,0.5881383180014897,0.287991750554925,0.4169276294523493,0.1740450797929235,10.288241576836954,19.129212397454747,345.7751026790782,1955.7705331303357,0.2696927923764633
2007,1,洛阳市,0.5784748940510774,0.3468099579669386,2.2152245703267583,0.5678095462349704,17.983345641749608,22.73242573806975,990.004300666544,2094.080537470462,0.3616332007021541
2007,2,洛阳市,0.6161905137501749,0.3866689718469455,1.3907957208039954,0.4024629563150496,22.874266372111176,24.263349119768836,321.9371921000563,3148.8043821364054,0.3466394564981694
2007,3,洛阳市,0.6712111022264559,0.4274739997545802,1.972833794810676,0.5145661332990722,22.858508563552373,22.253233497874547,1396.6327980213798,2016.4951833164937,0.3814877421226487
2007,4,洛阳市,0.7264012841005668,0.4683246168682095,2.7757017772751698,0.6686620539856892,23.038054644389707,24.572543953202825,576.9086180209812,2871.045016493847,0.3662106807979461
2007,5,洛阳市,0.7496246486196465,0.4885804007358487,3.118994622508842,0.7262445069511679,27.34218582125725,24.369150320422005,498.7640891040583,2403.958535156908,0.3573924483800416
2007,6,洛阳市,0.7731031753502037,0.5089583664234314,3.267504961751003,0.7509132508992623,28.49361896956761,23.20450674029883,435.55716583132414,3100.6005460660867,0.3474862450675521
2007,7,洛阳市,0.7203377907503334,0.4759229897650784,2.181794364663201,0.5482445925955777,27.92220298318785,24.24560442106637,277.0941527153086,2683.741957446921,0.3021777920229941
2007,8,洛阳市,0.668158597406328,0.4430680274974409,1.5929250574436098,0.4952455717807461,19.45134010133312,20.901957465127644,508.5321453974189,1766.3895884107103,0.3580964361493133
2007,9,洛阳市,0.6785676079806718,0.4201542789818545,2.070067130404325,0.6309374876555904,18.431718382487364,18.96192675682402,291.73721547156435,2538.660197249309,0.3646699994655974
2007,10,洛阳市,0.6904184762497466,0.3976303740852936,2.2688233221488634,0.6374393405077707,17.231715847851188,19.80439366485813,105.44990172960958,2686.105995302469,0.3092852759760751
2007,11,洛阳市,0.6243054615852748,0.3683878552834072,1.4822763916352155,0.5169960375540267,12.624746466001412,19.721680203715746,43.26991560332081,2899.0024220476844,0.2357282558031554
2008,1,洛阳市,0.5694405803569691,0.3657796501463267,1.5901793409294964,0.4536529179254953,18.59771448098152,24.60924012780228,518.7724730154661,3097.454726670961,0.2546282930965485
2008,2,洛阳市,0.592615377958772,0.3657085024830159,1.5094872827462675,0.4259439316841904,21.540308445583054,24.808971475769496,501.5953064091906,2743.8171992173284,0.268267964651987
2008,3,洛阳市,0.6396165542706911,0.4119833827375146,2.595342516073491,0.625977509798526,22.737891702751853,21.876024993093807,1480.4196413746558,2201.5552795189974,0.3726092063162063
2008,4,洛阳市,0.6867009231427005,0.4582675669698818,2.270556373201934,0.5884572062546318,29.231388453098205,24.6563946392538,271.9166233312469,2867.362485145127,0.3358168559995721
2008,5,洛阳市,0.7043688365369041,0.449136149430225,2.06293231193733,0.5532659139863794,24.335523287610048,25.075918628144983,323.076045213088,2920.874406731118,0.2959060148556638
2008,6,洛阳市,0.7222396503497579,0.4400749707846322,2.5584399708027528,0.6691729577865168,24.298186987380333,22.408699986215524,514.4512688360011,2642.1966722550906,0.3476149593704112
2008,7,洛阳市,0.7139421116782981,0.451990843109674,2.658158067184323,0.6821039836917171,23.24101196629733,23.66201242969533,130.4860408241077,3023.70757924226,0.3213240034510799
2008,8,洛阳市,0.7062393032660753,0.4640863101743583,2.592056312241263,0.673297724148398,19.63337200031791,21.18692967737672,240.53441338712008,2728.332071517707,0.3058777561955144
2008,9,洛阳市,0.6882790481694436,0.4128526499493247,1.904948503997929,0.5737200410879566,18.34528508275455,20.720754759516783,282.9751945621731,2268.425940877854,0.2912423077643475
2008,10,洛阳市,0.6714822627497601,0.3618722680448475,1.066262066233805,0.4101244950544575,14.5069145007653,20.970563826340012,398.78005894075454,2628.5624924993817,0.2811522746734142
2008,11,洛阳市,0.615487483713372,0.3145464542397462,0.5906579219042015,0.1926302075601119,13.846069875948556,17.679516635037697,479.17229559511895,1265.513382373532,0.3659870939337005
2009,1,洛阳市,0.6047631553712025,0.4223499112394632,1.8101671061360372,0.4946771414143546,17.944561025088795,26.63292525738021,335.83483771092835,3336.8780728000465,0.200809332777117
2009,2,洛阳市,0.6362652975066228,0.4524984947455789,2.24995290311017,0.5906664621567248,23.726503281547696,24.34523479660442,582.7608977001515,2570.433922759985,0.3408246868787977
2009,3,洛阳市,0.6864886549910205,0.4740154442946465,2.7106351919863347,0.6681194293837571,23.728655268821043,26.386752944509475,1015.2659722524407,2900.472435671681,0.3229584586799253
2009,4,洛阳市,0.7368658149645757,0.4955600095406169,1.9119140258936895,0.5047928603801078,23.072578170235285,23.052796374007496,180.8824068756522,2478.6418519985154,0.3185621085816657
2009,5,洛阳市,0.7397819086382259,0.4866838362538075,3.0771814997060387,0.726099124944892,22.846122882176168,22.70121164489445,385.0025248633286,2010.9364182432937,0.3381766979161256
2009,6,洛阳市,0.7431699745171003,0.4780473472918681,2.959371112877431,0.719852680200841,24.188014011871164,24.91484393790672,411.4234113646156,3143.0506394050494,0.2779427369928693
2009,7,洛阳市,0.7471714542270085,0.4700785679065776,2.227058234252156,0.5924566869774409,23.703766801465243,22.69653911571223,251.1136715799907,1885.3072098332923,0.3470107712465349
2009,8,洛阳市,0.7522317879796824,0.462390669014631,2.784488519657626,0.6988271971876364,23.312683558949768,19.97153199191533,678.6082129386837,2668.2810873040003,0.347817982968463
2009,9,洛阳市,0.7059448560206225,0.4027719431791033,0.4042616929673597,0.1386929794201126,18.63025552315812,19.559361434633765,127.3797977108298,1807.7381637639128,0.3191303164467602
2009,10,洛阳市,0.6605481929786328,0.3432477651277944,1.408350396052512,0.4693554516258246,15.54991538119904,18.0893013172898,513.7929656880756,1417.2265473129537,0.3658933314514984
2009,11,洛阳市,0.6474289325066458,0.3373701473892972,1.6836322016339116,0.5590347127657399,13.7025853237811,17.241112040962886,230.96224222881196,2050.3589412162128,0.3618453742803079
2010,1,洛阳市,0.621047487456307,0.4294961300874538,2.080835291154857,0.528777586851132,16.216268981168092,26.428952034362613,1166.8504708011744,2623.810328328623,0.3002284538765518
2010,2,洛阳市,0.6613215260915416,0.4723006776043624,2.3364607225109584,0.6112839179146456,20.10774389671668,23.81248747598876,546.245172341882,2533.65011862675,0.3351743845227924
2010,3,洛阳市,0.7066755963394135,0.4979965068695665,2.808855982059393,0.6584140568211972,24.76968608697492,22.96777829498757,1888.921292740176,2043.5065301871768,0.3906524140671215
2010,4,洛阳市,0.7526922268311621,0.5240229762255498,2.963415196992675,0.6953218313449916,30.824920576993986,26.32078038873996,366.3518306449877,2816.681762060089,0.3619958634134656
2010,5,洛阳市,0.7436235808841082,0.5066765207094706,2.384404494438556,0.6248844447943345,25.70382881317074,26.121077262698243,83.78056703204967,2834.725713062958,0.3116332479222453
2010,6,洛阳市,0.735242651541904,0.4896325297805172,2.86997573086043,0.7121602191697126,23.86315218309609,24.727673554273377,449.16027714271314,2289.16474242515,0.3280974545001585
2010,7,洛阳市,0.7302511613645599,0.4765593179898065,1.9582015097048973,0.5495084836914057,20.8249123827183,20.953548900088,1933.829016344686,1282.3905383053846,0.4001751392156356
2010,8,洛阳市,0.7260489797559698,0.463757257884151,2.1450004543881285,0.5645671461927273,22.262303668524204,21.14858583941828,124.44616588307034,2795.4038814372766,0.3567262821849589
2010,9,洛阳市,0.7217832857318153,0.4359577452155802,2.027183246616347,0.6351796607293952,21.33775128825256,20.08777925937303,1060.434037014548,1510.1059694105322,0.3930390698259468
2010,10,洛阳市,0.7184623829297277,0.4084367596656428,1.2488652195734362,0.3709202422293262,23.36521250963381,22.88018402354736,65.07088151179107,2540.9000303535863,0.3453505253514914
2010,11,洛阳市,0.6642888636364647,0.3614958101850155,0.9501412237179075,0.3886533242170418,11.714990169261103,16.362287516085416,310.3295153573882,1688.5468100520195,0.3517665031373317
2011,1,洛阳市,0.5607670647293539,0.3774456622571879,1.8722418484503167,0.4939753952241938,16.045095898958774,24.03565168422567,698.0120438370147,2335.5957416576907,0.3099264735396032
2011,2,洛阳市,0.5556910056947869,0.396407422929658,2.1791900460796088,0.5285607545099447,19.02463896660029,26.29314052063432,54.126353883799,3482.247037055884,0.2267289070599255
2011,3,洛阳市,0.5905568904810031,0.4117630187714968,2.247661511685385,0.5811513216239115,19.60654658715857,25.773123208546792,375.2930187741202,3251.562772901378,0.2326967912068046
2011,4,洛阳市,0.6258910304915064,0.4272943202366811,1.3839337974464092,0.4281741298764588,18.105050157085703,25.20429890209947,744.6028163245927,2555.543798093288,0.2620707214608557
2011,5,洛阳市,0.6579114135634081,0.4488437142277322,2.887831020864759,0.6944758241223921,26.41883591262,22.48999983305664,293.61148868507826,2192.507456586117,0.3595724653206172
2011,6,洛阳市,0.6900115466538937,0.470414725160208,1.6487075385537513,0.458511143217012,23.880948452471834,25.85709199899004,366.135417353154,2759.681323304029,0.2996722664349567
2011,7,洛阳市,0.7050164775944359,0.4692532476350165,2.2248809009645685,0.5890458078657689,22.98280975970507,19.43681804226682,575.990200739201,1707.2592345416308,0.3564420920452575
2011,8,洛阳市,0.7201413004545211,0.4681663561152196,2.8110852020639,0.6933127261239058,19.524570299352785,22.64340634924944,69.75960613607543,3104.414816462207,0.2753244997607864
2011,9,洛阳市,0.6885578526860485,0.4230761649683615,0.6376450237775146,0.1681872547263442,14.789356598532684,17.824604718249805,1606.9104221737814,963.2832646060896,0.3808048869330527
2011,10,洛阳市,0.6572643636938562,0.3780759073770001,1.8048669204910188,0.5722453823056038,13.697841136974798,15.11667187062262,1977.1885343312877,644.0785193261049,0.419670830562196
2011,11,洛阳市,0.6371773346977927,0.3524212708604236,1.4356242346850314,0.5094090725456522,14.27282133550598,16.208840913793704,35.33210899114792,2871.2529581711747,0.3597242290826111
2012,1,洛阳市,0.5620862520155936,0.3874630316650023,1.6505946606637771,0.4648739708482113,23.50264456165976,24.154015026249414,1443.945651735021,2326.438360923821,0.3470001144206416
2012,2,洛阳市,0.5903670571377422,0.4030113760873381,2.213664412143737,0.5374774044305293,24.02102270539568,25.00323157388104,495.1070297760012,2804.260821612483,0.3570289666511648
2012,3,洛阳市,0.629585699908429,0.4371250228242387,2.42401113781311,0.6052279909093446,23.80044469305552,25.087282979049217,261.3677305168438,2840.278982652958,0.2936909763522716
2012,4,洛阳市,0.669456363027952,0.4714654321018046,2.5189280622930457,0.6084543636484391,26.17602720718697,26.61491444365613,552.9157340143346,2887.97094115966,0.2851171514478458
2012,5,洛阳市,0.7024331635072958,0.4689700143196036,2.9050348124291503,0.6678476719179814,28.999838088145637,24.07394060169936,390.5425083625908,2512.527743977625,0.3544319482734234
2012,6,洛阳市,0.7360271663731147,0.4666757359434225,2.276997077365257,0.5894003027421645,24.24515615171912,23.631860330068022,108.04607723538616,2526.170774683821,0.2931656525362415
2012,7,洛阳市,0.7497210053752561,0.4674384451278793,3.245330138767511,0.7428656078417787,24.8070385186948,21.264099049461976,613.8656743137777,2716.804404320839,0.3290696297961059
2012,8,洛阳市,0.7642882415937043,0.4684327969548307,2.99377255688403,0.7156926120427857,23.54777585836317,22.27170016244889,494.1572564233383,2377.0958265938607,0.2984840418610316
2012,9,洛阳市,0.7438306109680146,0.4494915266378678,2.5685054159204177,0.6646795976097485,17.141212826573806,20.19208048484064,531.6348473805224,2699.226259366413,0.3503680090691375
2012,10,洛阳市,0.7251993056870809,0.43106655583853,2.507816445471484,0.6895539429811421,20.29147015436027,17.298704348241323,79.29103183614062,2631.685041718245,0.3381519331939088
2012,11,洛阳市,0.6925429883238492,0.397824108967826,1.9076495509867992,0.606428932024665,14.128508569242,19.087168838204665,140.83392893863328,2174.2595527167337,0.2827088521538048
2013,1,洛阳市,0.6718568961657502,0.4820918324617943,2.3786471553081627,0.5824610835616805,27.25367571860976,26.991529673116645,735.8863846939647,2994.3059879348,0.2712776563327659
2013,2,洛阳市,0.7233371018928499,0.5083628614761513,2.2975409721493745,0.5905985807929026,27.98030144516701,25.6945734932563,567.4461231513211,2483.134805613796,0.3015798252670654
2013,3,洛阳市,0.7264182595091659,0.4928996033380965,1.8355275732319645,0.5301857594750345,31.53829545198022,24.515325757078216,587.6978202453554,2167.1823907575817,0.3614631962531922
2013,4,洛阳市,0.7299013491736315,0.4774946116545797,3.0868401627457738,0.7119730777432551,30.48503332346199,27.34992009076007,301.86447052333807,3154.624533035005,0.2910058048462433
2013,5,洛阳市,0.7375364747231574,0.4829986351919163,2.9308792563140638,0.7020192724160293,30.06179189072413,27.084137653509405,373.8950797528828,3196.2899150993235,0.2899195693110196
2013,6,洛阳市,0.7456520679748021,0.4886288980733962,3.012101103100499,0.716857752635069,28.19709608420917,28.51157385739597,116.6387557118004,3416.679864821274,0.2316733696150075
2013,7,洛阳市,0.6937017172115499,0.4484213672993837,2.155351530594944,0.5660635504202849,22.91236876795708,25.497412338827736,114.51802980239292,2758.284161052683,0.1696018810409455
2013,8,洛阳市,0.6424029619515991,0.4084132225960161,2.306789215821461,0.6052747012520846,16.536925923093687,23.54709014943595,58.280181213376345,2771.1950554844766,0.186272440392968
2013,9,洛阳市,0.6036752245072659,0.3765804923033122,1.393521656309984,0.4667998497698514,11.71837204761099,20.68113094021016,77.71245962160243,2365.8411882602804,0.1608341706985327
2013,10,洛阳市,0.5654707655783908,0.3449227592079656,1.5818401928742674,0.4823007344224185,14.043752200305672,23.696239398120262,33.17983638842144,2958.363451532718,0.1496921807812413
2013,11,洛阳市,0.5163033851747271,0.3062877821142344,0.9786203470346276,0.3983767062827082,7.14526245163884,19.424038718926795,183.7652670672249,1776.9404935596017,0.188912554104754
2014,1,洛阳市,0.6145878853985065,0.3830780203954213,1.9560364573940097,0.5183065678043592,18.66337354893661,25.26949946045508,294.53067076552446,3402.464340105088,0.2181102853641547
2014,2,洛阳市,0.6275229907189214,0.3910673961444583,1.9446656447366475,0.5125332251455902,17.114199357936304,25.409259511418583,156.595676895936,3071.365792037313,0.1844992530206949
2014,3,洛阳市,0.6184779655985942,0.3920570216969579,2.1858668174525904,0.5597849300090565,17.579335632481783,26.961207944323416,214.97668319707924,2977.580777161085,0.180555485481469
2014,4,洛阳市,0.6102159403145286,0.3932001831070886,2.212358899768457,0.5769871163562706,19.537928266033912,26.324217192054626,156.77134396549283,3458.1498316562743,0.1785226572593098
2014,5,洛阳市,0.6214090454130603,0.3957895114625153,1.0022358824480655,0.3503421488602372,16.579910334284516,22.821001155534,476.62744405875,1932.944394566988,0.2317939524374459
2014,6,洛阳市,0.6332146136559308,0.3985376957787033,2.281107572762086,0.6015531863921655,20.15753628169607,22.983209789668724,355.9952112785911,2808.743707114986,0.2747693907514107
2014,7,洛阳市,0.6415603503363561,0.399033161049394,1.892822341583642,0.5238982961593125,16.729148461436615,23.26558439361913,71.90971673533471,3058.9858820126965,0.2435450484583957
2014,8,洛阳市,0.6504272523541882,0.3996953168887653,2.3034461503013706,0.6193087004284679,20.335603033608397,20.535099266100456,591.187636345117,1829.2748854405552,0.2763229935836345
2014,9,洛阳市,0.6572649370731642,0.3747748595062741,0.3638919333615557,0.1421483363546883,16.401035944809646,21.071396722533475,648.8372253865169,2227.1527320847376,0.3021749811266069
2014,10,洛阳市,0.664987395909542,0.3500347524591607,1.8101716684616656,0.5505073573749515,15.781747607160977,14.694453220858298,1735.140168010173,390.0094333532297,0.4186781148123794
2014,11,洛阳市,0.6324936257239999,0.3489233864890617,1.0853324091355765,0.4019390965483447,14.695864467015626,18.95701151938246,22.284276679534702,2590.9361509194146,0.33984310400119
2015,1,洛阳市,0.6531261492807302,0.4463777113160199,2.309767099910906,0.5782528787023437,25.94199300489715,23.03095183517724,62.12793916975157,3448.196538062081,0.299855957108754
2015,2,洛阳市,0.6530383310498804,0.4243381339950594,2.346562610210895,0.5867578985106162,22.8547607210271,23.82347077257333,474.5460497741796,2940.9168362169976,0.262644936664175
2015,3,洛阳市,0.6790607108637489,0.4570260139787483,2.536825942199968,0.6462574156405437,29.081113672949837,23.83092867739224,261.5786613787026,2997.903554737756,0.317081352163599
2015,4,洛阳市,0.705281771471244,0.4897464608359145,2.5305269379360684,0.6318591693607962,22.831294742397244,27.048521724933416,237.38013371516024,3333.1511618420263,0.2367020053498814
2015,5,洛阳市,0.7109241425597683,0.4722866607586404,2.7920596093035983,0.6706905905595785,23.86713496004199,24.70397966471772,628.8406492276997,2805.6921373468867,0.3227821848175529
2015,6,洛阳市,0.7169251178300933,0.4548994417215715,2.251984489295773,0.6072606773002363,19.92799093878,24.281450708390217,127.5898220926912,2970.5499904850217,0.2839657845435306
2015,7,洛阳市,0.7063452680848739,0.4493520281661232,2.6560347193654232,0.6711922394938832,23.77370963424473,22.345030143571417,421.4894464726369,2658.0648079315324,0.2783293087298706
2015,8,洛阳市,0.6962893505460171,0.4439645994967214,2.076465231001257,0.5749664298789358,20.754472124091546,21.807718020827163,441.9569321426322,2875.2838305469195,0.3035822923921462
2015,9,洛阳市,0.6851756640448691,0.4332827792996614,2.2347836900921827,0.6112259951003588,17.508226703896934,20.564373624935808,396.2672300282039,1814.8312300083865,0.3288328996469383
2015,10,洛阳市,0.675791575169517,0.4232160838497167,1.9481007410657063,0.5789129921352771,16.304824039631306,18.723330612931782,25.22644128988753,2837.460336625649,0.2869884008554741
2015,11,洛阳市,0.6313507713629953,0.3875369945902598,1.2227964838968377,0.4766673947622611,11.29417169708869,19.769663033267417,148.41853022289348,2331.256378610636,0.2588660647754229
2016,1,洛阳市,0.6482560332090491,0.4625533346852297,1.4696290146202655,0.397532431760015,24.402561591699577,25.067868050366577,207.3320531211394,2958.2181474505883,0.1860433506111204
2016,2,洛阳市,0.6776815673907699,0.471839069736489,2.585861696279888,0.639190179574555,25.845251168949584,24.764882172268017,709.5406005295879,2484.784433872305,0.3009933099351235
2016,3,洛阳市,0.7055465424522762,0.5081357980346429,2.890515544283021,0.6781672508624446,29.794894538725536,25.905846254330147,577.0214080820067,2787.0975653972587,0.3302683754980679
2016,4,洛阳市,0.7341783249374293,0.5446042388319906,2.7491279775477184,0.6736109879817618,28.676255685403746,27.42313135184025,535.262135124451,3123.7001510395303,0.2853064776118778
2016,5,洛阳市,0.703819063500033,0.5093831000567096,1.7579122317617428,0.4734577017704756,30.057177726343788,23.826214158101493,758.8353310504139,2399.8572595324536,0.3615397250057297
2016,6,洛阳市,0.6742420949966359,0.474404024099654,2.3822249025335838,0.6125590997754043,29.523311217448303,26.607491926557064,127.51166827781309,2578.551266481036,0.2865619709835576
2016,7,洛阳市,0.6914240582265537,0.455094589428053,2.1801050280392955,0.5958676022982109,26.830897839032684,25.841270674818773,563.1244917053294,2235.0794403246177,0.2547661220316302
2016,8,洛阳市,0.7091105979350715,0.4359678703469544,2.816738096870471,0.6960822589607094,21.605032181925207,22.22707914823976,28.43425652092548,3161.3191688148536,0.2565027629994263
2016,9,洛阳市,0.6779877707657516,0.4154556071190948,2.121028841699381,0.6043115987144149,17.59651402383297,23.743091558189203,33.85622883833668,2944.3927662885208,0.1685132814139687
2016,10,洛阳市,0.6481458856892856,0.3953606399922515,1.4829912966981131,0.4564192110876974,15.64242177990949,21.73813999066535,345.9249779315305,2563.718171330282,0.2476412602367206
2016,11,洛阳市,0.6172084943906642,0.3558365375204049,1.509396940777037,0.5160016734538487,12.623469931470453,19.67698096229533,306.3952185954995,1895.333789765272,0.2638204132990593
2017,1,洛阳市,0.6725701912772306,0.4508013915971034,2.766032809036608,0.6378204883009989,22.231109871247934,26.81518113772064,525.7090195162007,3224.5508705959382,0.2056490904404579
2017,2,洛阳市,0.6905509798575997,0.4484519777437918,2.5894067188285104,0.6359989713110618,21.26044434044436,27.729070992933156,258.8114989465229,3512.40873715525,0.2274808054170725
2017,3,洛阳市,0.6923289904814822,0.4591133877385807,2.5624791100080957,0.6324289837282351,27.457487319831,28.83549332828471,241.2189657298148,3260.7228173402323,0.2329942165802405
2017,4,洛阳市,0.6954807425286974,0.4701780817527096,2.659105698669882,0.6515681790764398,29.591882873185348,24.87197478409,429.5035498045064,2110.9776761893872,0.2614216592340224
2017,5,洛阳市,0.6772458669977766,0.4584005991072712,2.4707645171757093,0.6259763677824732,24.95476442219755,27.17864044773362,358.0704627196603,3171.5836383222822,0.2684086763251997
2017,6,洛阳市,0.6596143899020086,0.4469305566632535,2.101450356303399,0.5739634923233607,23.65374470454548,26.46725948410289,37.82825950720166,3235.8427865522,0.2072959321704401
2017,7,洛阳市,0.6413231700346377,0.4106897578083302,1.7398003051417346,0.5082619782120249,20.14202100440404,24.8381610433356,266.45143942419685,1997.2845960339785,0.2537253935236756
2017,8,洛阳市,0.6234369491801519,0.374571949772598,0.1003061827326682,0.0440561047980218,18.016864507187112,19.11935295796863,706.712628809854,1200.7848301588083,0.3136378608005967
2017,9,洛阳市,0.6530480946039604,0.3792372144284062,2.366244899101112,0.6385724304559578,19.98354897074873,19.414937866633835,723.191460380353,1801.2115667955634,0.371991673977469
2017,10,洛阳市,0.6832338440921504,0.3841173090310293,1.7233658522795774,0.5668925915034136,16.628612104909344,20.82723459254585,31.705635514245422,3010.3268750316797,0.3144829408684529
2017,11,洛阳市,0.6588577448807835,0.3550565936335532,1.2885716069419315,0.4776270925671266,11.40946839741213,21.188005584459564,447.7305039478159,2002.2599504918928,0.2766950279602463
2018,1,洛阳市,0.6637540762891614,0.465450695034454,1.836721467815884,0.506303328020341,27.56671360241715,23.74872239370867,634.4630487894369,2500.671330777115,0.3274480312717163
2018,2,洛阳市,0.6583302518034718,0.4746317264081933,2.0621182394901743,0.5490806236424138,31.728949624044333,24.493532305809094,659.9325786532517,1923.282027820409,0.3815520683275742
2018,3,洛阳市,0.6876273649933028,0.4874189995849398,3.0448484779836456,0.705094660738719,33.255491584603675,27.91289805364571,52.16677469152268,3367.6690983414314,0.2742316378060017
2018,4,洛阳市,0.7171385888223603,0.5002717105914823,2.190578336037424,0.5656367144692477,32.1377108817556,25.589434742404183,782.2747926955311,2326.562894117928,0.3251410210736269
2018,5,洛阳市,0.7234518217425934,0.4929973894481922,2.700260795860727,0.6625260915759957,26.633223247898076,26.55072821445764,313.8857030105068,2807.000201491273,0.3438888099849339
2018,6,洛阳市,0.7300565289488611,0.4857998287874612,2.270643225450121,0.6016193580112325,29.34674541059952,25.844734470070595,192.315865682048,3047.86505851497,0.2764992422263537
2018,7,洛阳市,0.7032437642810476,0.4628269013854685,2.8664450374846853,0.6927323444869353,24.155364325061537,23.63918136654623,614.4406701292401,2561.0914152755586,0.3237735719249145
2018,8,洛阳市,0.6769236906017856,0.4399160399314243,2.340093892631194,0.6086696436511958,22.36721618883864,24.006366479944163,118.69925917120986,2466.8012390993263,0.2481740399403477
2018,9,洛阳市,0.6575998004969272,0.39614410784487,2.041030194137333,0.5923273557760299,14.582008631332288,21.415473589955862,63.841427064956186,2925.190067227224,0.2145550470836048
2018,10,洛阳市,0.6393926047635101,0.352413252062466,0.5726631414289525,0.2390038702702885,14.51934215234138,18.63070910541138,813.4201861538526,1249.800401027202,0.2907328675713633
2018,11,洛阳市,0.6243188663680885,0.3379831270125115,1.682787306503695,0.5419625779726972,12.107900040707085,17.047791221335835,623.954658496672,1843.3376724563036,0.3738615097387901
2019,1,洛阳市,0.6394919036578374,0.4455207235465411,2.6014833173629253,0.6187034055429722,20.70991612964004,25.14094078286201,20.5785513326792,3503.1726010245534,0.2146226845261596
2019,2,洛阳市,0.6596888990807637,0.4870327330042719,2.619502713080777,0.650339118650712,22.436627775059254,24.447182418490627,306.10498877012816,3111.8658562958494,0.2312722645338932
2019,3,洛阳市,0.6698012603539343,0.4926571270285073,2.68519689754778,0.6515311410276821,22.904157480133787,26.339811431319685,373.33349861462347,2716.357969900611,0.2641804094655
2019,4,洛阳市,0.680485764918632,0.4985058261604396,2.1736877845314604,0.5930558434241899,25.13650533688728,27.739016458234055,651.7211754676848,2883.625780230427,0.2823058188082062
2019,5,洛阳市,0.7040881157838542,0.4998110982379539,2.4005833791900986,0.6162195293464872,27.339930551485587,23.96017541119336,1148.6059555201982,1943.3150432080488,0.385852216385852
2019,6,洛阳市,0.7282668267076459,0.5012465865048765,3.1547989822859845,0.7294148207477461,28.47511308368811,25.24675271671732,84.59972314350355,3317.1857562452974,0.2976810403027115
2019,7,洛阳市,0.7193368983855852,0.4969016913413917,2.008018058173586,0.5714430684701088,24.461139732418733,24.341089200352663,376.4554771079032,2377.5077582113663,0.2898320128517048
2019,8,洛阳市,0.711016657557962,0.4927828540453701,2.660952627498619,0.6684269634610893,21.69032812437033,22.300494489465606,149.420856300668,2542.7055028949453,0.2612241698648713
2019,9,洛阳市,0.6870426756782212,0.4627851412604346,2.3251379502254053,0.6221655760422166,19.724235099947418,23.036396267952803,232.2110316489008,2938.365066190352,0.221134970424914
2019,10,洛阳市,0.6636367180711107,0.4329670804405368,1.4098666785742884,0.4685855952040172,15.159791347803898,17.50735333732965,747.0919265336838,1081.110889199239,0.3730125699064944
2019,11,洛阳市,0.6514892622794229,0.3994243197211123,1.887548373938181,0.591565523663573,14.728132531125311,18.621324841076856,73.70334049670885,2575.493021047141,0.3252756860285403
2020,1,洛阳市,0.6770219981323169,0.4436807466529676,2.3596501594063075,0.6157707470931553,26.19164407245145,25.590356262820723,74.3524214285548,3335.836139664668,0.2207381044341957
2020,2,洛阳市,0.6851167596828579,0.4551531161908185,1.385999185012345,0.4187566917011369,24.00395848544891,22.57648391476449,426.06363333343774,2076.092680063145,0.2655097406135804
2020,3,洛阳市,0.7086968137258773,0.4586507721634763,2.5609820633112244,0.6284406951180287,24.105846953748383,22.173994744478925,733.6193622044948,2153.279744261748,0.3317157693389556
2020,4,洛阳市,0.7328146737824124,0.4623033661182274,2.3606783988072264,0.5972345754422649,31.024109454366307,24.17217657723542,337.64175984554214,2405.3647956499917,0.3305161930885226
2020,5,洛阳市,0.7308140580577973,0.4731002527149747,2.905243284332736,0.6967161691506598,29.02385919997253,25.312201892761166,704.0619638378392,2040.7363040071425,0.3695462096476293
2020,6,洛阳市,0.7294101297240736,0.4840150713724858,1.037174194246613,0.3256935471897851,29.970457999899875,25.30830204455678,415.7706742520407,2396.1572763841205,0.3471462087294112
2020,7,洛阳市,0.7021147582870165,0.4389546970459483,1.6203713988459345,0.46768643135574584,26.90068187025276,21.735112940828987,630.8005490706954,1663.2312239367272,0.3792128850775654
2020,8,洛阳市,0.6770086209457064,0.3947731562934826,2.203568603445256,0.6096793155217065,25.703256141128783,23.011391282381403,20.56730205367115,3422.383388041896,0.2767390259720991
2020,9,洛阳市,0.665186892170771,0.3918902767784943,1.9353337297370088,0.5683391353479236,19.78642648047829,23.15472657676963,49.25844040119211,3046.4267052929304,0.1983286173108775
2020,10,洛阳市,0.6551888505620362,0.3899059361147731,2.009078004301849,0.5965580295759991,15.556937724712476,20.953389375933867,17.682555642930097,2677.492671824145,0.195049280195025
2020,11,洛阳市,0.5314200094309317,0.3264615554366605,0.838848846440044,0.3382449123273215,13.479178681509026,17.80131810552745,432.7259447932926,1932.1466410689184,0.2664142746180148
2021,1,洛阳市,0.6399441740351652,0.4296817338811689,1.6670251168794348,0.4690602151950179,19.418934059293907,25.168676348208542,344.54468924064355,2943.779858935673,0.2430044273087769
2021,2,洛阳市,0.6388086140589074,0.4246867496440635,2.374697401610176,0.5949501428277602,23.70277628832116,26.938576717471005,713.354863074562,2957.0099938970666,0.2905710568071094
2021,3,洛阳市,0.6842623453180863,0.4492254142348377,2.1865789638044024,0.5794850328738086,27.99926268194305,22.88966432455755,2324.5725553281304,1501.1843423276084,0.3973093324359228
2021,4,洛阳市,0.7307523226465559,0.4739831057899603,3.0648117837148883,0.7050483758851807,28.795302490892517,25.815816353667906,194.2339367223031,3490.421412906762,0.3372006740405941
2021,5,洛阳市,0.7349522712027478,0.4827754117047472,3.000929550247922,0.6995577872767317,21.051737005481737,25.120657012483058,208.62513225731695,3038.788661002055,0.2852724712087254
2021,6,洛阳市,0.740079636581141,0.4917088556409021,2.5881754470619525,0.6439788801631691,24.61888549408168,22.63888687146633,358.3009758147317,2040.5134884287029,0.3125725240910176
2021,7,洛阳市,0.721158027339124,0.4843583304773131,2.678751666584452,0.6672475558662849,19.74131386606929,23.14330811228736,1148.5827324626036,2261.1036164738434,0.3574945700570801
2021,8,洛阳市,0.7040990115018928,0.4777212939133453,1.2155300111179124,0.3844206115125694,19.98753962328181,19.017281689151424,1733.8008812934531,1242.957531347854,0.3969194755675196
2021,9,洛阳市,0.7003902992732917,0.4582726024609779,2.691200652810301,0.6822303745911718,24.27297082395585,20.87127827931503,412.1700347520527,2325.8657189911064,0.3887420119326937
2021,10,洛阳市,0.6981380169844066,0.4390856186219399,2.182849171855988,0.6323396329269684,16.65625279477074,20.899032474065343,865.224828357291,2262.4112351165554,0.3389910597925227
2021,11,洛阳市,0.6683787739980835,0.3882299025853248,0.9304164801966756,0.3651244776333125,16.295189668104218,19.48481483319123,1209.6918076858428,1662.2419811148393,0.3990577572428742
2022,1,洛阳市,0.6069672369904439,0.4077843843119521,2.374822163927467,0.5842950545115179,21.459037858666903,26.182357873714,499.6894795400784,3143.413319372816,0.2681573312837552
2022,2,洛阳市,0.6326734289081529,0.4038696596316528,1.7499977570956695,0.4734747623262886,23.32337160288123,26.03990095063962,451.15029198459206,2027.1062005963904,0.2780261559647975
2022,3,洛阳市,0.6622511938222496,0.4393253743058992,2.714098401476915,0.6458335560637004,26.65728357626837,23.7338817824707,929.9374909916849,2805.9726495071127,0.3430768286572769
2022,4,洛阳市,0.6929061322032413,0.4750123732079065,2.5265952272174923,0.6391227720695003,27.953634587196028,24.62420552261059,506.2146985977346,2799.665353800539,0.3451428118442941
2022,5,洛阳市,0.6997639696409436,0.4740153058055779,2.754006513590794,0.672801133260331,29.05135557290098,28.00214222019063,184.49488185734612,3083.8827473375195,0.2540182799849979
2022,6,洛阳市,0.707633670078566,0.4732386868510815,1.7921823288908882,0.5157426141189919,23.68020266248245,28.02372750396104,61.15590985581159,2834.6960865526694,0.2024342376007376
2022,7,洛阳市,0.6982879748735203,0.4827425141558742,1.4023363998112384,0.4394315440823823,20.051204341919075,26.436519445283693,232.498516230127,2646.285833307106,0.1670924416867486
2022,8,洛阳市,0.6891770106617466,0.4922441830314932,2.2381282545255705,0.6296619434322926,20.10814408682016,18.89017776193092,739.1992930773994,1552.6919757448077,0.3531856198724941
2022,9,洛阳市,0.7024230302544003,0.4610669853365435,2.247637732664633,0.6383070678975366,20.13128479738141,21.5683787997038,277.61621694786703,2702.3861472209974,0.2861024609824494
2022,10,洛阳市,0.7165069597401172,0.4301841812054119,2.089223313070933,0.6238733333113101,18.351068377924367,21.31241265406628,61.33257598071192,2763.2277191741573,0.2713998898190969
2022,11,洛阳市,0.6867629534576765,0.4133168429179784,2.262417862257173,0.6492614423061415,14.024194522477842,18.15309698834023,31.21188713318453,2258.539893201744,0.2185055638725227
2023,1,洛阳市,0.6921783726352423,0.4748942679217005,2.638519401176365,0.6244253022773181,26.51574682477148,25.439141099019075,372.0519305405617,3115.76884612057,0.3040387913922283
2023,2,洛阳市,0.6932274315170422,0.5073796925985327,2.361895846959954,0.6025005992578444,24.543854424287147,26.89414688288452,489.0239013338512,3223.5381552726967,0.2867801503310049
2023,3,洛阳市,0.7226165181420954,0.4957267120546494,2.4373771405304336,0.6122311250042026,26.33609325407152,26.40699514189483,145.14253229926615,3163.8860576558773,0.2255857160788724
2023,4,洛阳市,0.7531948983019643,0.4843452019129713,2.7171757330579167,0.6643807163741915,28.065531702092628,25.266090119217527,721.6636062660182,2256.181544706146,0.295597614660389
2023,5,洛阳市,0.7481894112573855,0.4861160590979204,2.353587542083273,0.6232166390948075,25.32149634718672,26.26202769946969,414.3567602576744,2794.29858650022,0.3354903326588071
2023,6,洛阳市,0.7446243762230563,0.4882223027816886,2.9442238602353985,0.707174639001355,27.827735452685243,26.02765514193563,213.2191982731817,3163.539552108734,0.2996196888959809
2023,7,洛阳市,0.7375001492132205,0.4827608522381701,3.004417391377271,0.722543928915878,22.694280147133547,24.169930524551955,522.2887834265632,2590.804847544526,0.3167386313158521
2023,8,洛阳市,0.7315230247175284,0.4777248772447661,2.9328362425345134,0.7220922220739232,26.395331912873036,20.792908348450265,1026.8994726641597,2447.3671246736985,0.3593764795662154
2023,9,洛阳市,0.6962187764343875,0.4517279118455541,1.8022125693612665,0.5529728162054378,21.398267227065222,23.432652056240677,129.32524818065627,2880.4020838555366,0.2735187762110481
2023,10,洛阳市,0.6617083299180894,0.4259991797918454,1.8852372233676224,0.5954999229979266,19.26309491343024,21.49508514583317,331.16104060350915,2226.8238896125063,0.3219214714671558
2023,11,洛阳市,0.557266036866646,0.3518775783087278,0.1959865377101128,0.0923512490257613,13.000839451765422,16.676351859390092,1308.3174202001271,1117.332335318006,0.3950201461572651
2024,1,洛阳市,0.6080931072853888,0.4450649492397435,0.8702057846542857,0.2897266963444248,21.55050364302042,23.477868868472758,1222.5197783294768,2064.4824919259568,0.3065030866528517
2024,2,洛阳市,0.6321594442024117,0.4825317121350258,1.8508216305496288,0.521986543093773,26.41602287793952,24.33943042414317,784.9994451956096,2227.6335131469964,0.3627498386785912
2024,3,洛阳市,0.6840385067255607,0.5207989636874703,1.3126365184357134,0.4088917381751226,28.479446704531064,26.581831565696817,1424.2765721231417,2193.639505115139,0.3921222452977264
2024,4,洛阳市,0.7367709296950556,0.5593445054471229,2.633869694655356,0.6518551329529632,33.74597597880052,25.944343607229275,946.4845716724892,2559.016117041396,0.3868561464401735
2024,5,洛阳市,0.7457635449248866,0.5671965220647858,2.219897518883438,0.5800519104918982,27.901016216174337,26.11485402109924,521.9258137327695,2426.869439065882,0.3738704800064845
2024,6,洛阳市,0.7563468236404742,0.5755865119836748,2.9244246588513043,0.6952638757377247,27.649053554174763,25.0331012160282,217.29696555585383,3327.400145523929,0.3160945354125138
2024,7,洛阳市,0.7522782093461603,0.5485273423168682,2.7692901031109867,0.6901264465109913,28.091595090070445,25.43648602323846,295.26834429637216,2862.888321052703,0.3345498391111496
2024,8,洛阳市,0.7501420936584406,0.5221309612275989,2.656796405002626,0.6904325607881494,25.884832671046176,24.725497934404405,71.55177931825519,2579.2421979568144,0.2757710275285371
2024,9,洛阳市,0.706288526471581,0.4778219445078278,2.039325724912377,0.6094961408177951,24.42796881655684,24.656827813933603,90.3993961624696,2535.994188130172,0.231841857935856
2024,10,洛阳市,0.6636334750091686,0.4338762746527135,1.659512581859495,0.544983743077474,22.09421057168946,22.33653829346207,35.23156399891932,2136.4558869345715,0.2088456652639619
2024,11,洛阳市,0.647538115966307,0.3830864486303625,1.8927908521099308,0.5877089615098641,16.380075969194642,19.53992188582625,56.11950438058467,2264.361956117899,0.2071178901756485
2002,1,济源市,0.5724867717337326,0.352645296788324,1.6832560925960118,0.5033760732202832,13.3701927039152,25.072565887898843,183.472116466318,2880.8316765843324,0.2817737610222159
2002,2,济源市,0.5724867717337326,0.352645296788324,1.385867648497157,0.4559062812634725,5.194951648422258,29.75463038653296,58.17129027507752,3560.311142415084,0.1950374246994262
2002,3,济源市,0.5880305319910485,0.3773917194035801,2.040255659938402,0.5634627779509152,13.674020057743832,24.486310458465592,1168.747370628195,2759.098770282003,0.3039573929724928
2002,4,济源市,0.6035966120914301,0.4021593367401607,0.799889276495742,0.2779298768163729,15.619306670840984,24.777133980648184,308.4330530186479,2662.6026857505058,0.3555289219803733
2002,5,济源市,0.5757436051974137,0.3736147880754841,1.0478133023858716,0.3242072489089893,13.15269697626475,25.484740806230903,301.9113449691701,2974.367446026816,0.3264186039068227
2002,6,济源市,0.5479270786689969,0.3450945573229021,1.4878252884578411,0.4834775562579976,13.185533760478778,22.389747911304696,179.76412803210098,2890.930366476945,0.2660809203921427
2002,7,济源市,0.55041242518882,0.3437006465949181,1.7319810514369305,0.5507020922667848,13.7022154784808,24.18518775675027,494.8874586575437,2320.729904592912,0.3222067672321164
2002,8,济源市,0.5530548674273599,0.3423067358669414,1.477442192682887,0.4918000257795981,6.2293565141731655,27.072113414272827,56.30824243414586,3509.361945713189,0.2590148981797007
2002,9,济源市,0.5298091404312769,0.3217161532655167,1.1595964237629974,0.4265464958225759,7.9067938270348765,21.45172690971548,90.63897478167075,2709.396397187774,0.1855367711155098
2002,10,济源市,0.507111654827009,0.3011255706640907,1.000068601276685,0.4179785816133835,8.015107638229189,17.533173405118447,584.2176295390028,2003.2174574017165,0.3535544199512476
2002,11,济源市,0.4703188859133351,0.2624069217607371,0.9655461162340858,0.4161243453929486,6.469312446094146,18.60173164691853,349.1657801505991,2246.596471039758,0.3285985507117726
2003,1,济源市,0.5489592843734119,0.3440600673340084,1.6356963784543257,0.4737072622872629,16.7297271885686,23.46999681874825,611.9631139630562,2746.669873788001,0.3643390482337122
2003,2,济源市,0.5874104209279352,0.3532270416704347,1.19295224300855,0.3650670408446989,21.974314305439947,20.71153361600901,1424.1286996590288,1847.3238804577709,0.3890779747880573
2003,3,济源市,0.5614959079811669,0.3653492494118278,1.6030003815869265,0.4716359356114035,24.44881235567268,24.776204626111458,326.3820481666988,2957.983757638003,0.3784673621867627
2003,4,济源市,0.5355813950344143,0.3774714571532239,0.6559082086272988,0.2426821345022686,24.18155275826677,27.6624324715115,570.325067313317,2704.760950643272,0.3736511853070114
2003,5,济源市,0.5885890277766341,0.3939125556848923,1.7987760906065615,0.537101584401927,21.71386897670292,25.08854869740932,640.5452691918267,2038.9006094946485,0.3881873680495888
2003,6,济源市,0.6415966605188513,0.4103536542165594,1.0177889361095196,0.3657444271038511,23.17294624801842,20.75859187124006,407.1920044703656,1587.024460615911,0.3878798131446676
2003,7,济源市,0.5898946531018705,0.3837423338684476,1.2561395589111506,0.4329650339992275,22.468390714302146,23.369519035606988,404.9176858905636,1963.7805008107,0.3703500696495265
2003,8,济源市,0.5381926456848661,0.3571310135203327,0.3655452169456062,0.1510448754935242,16.342262572533947,19.2773661638256,1564.425909752859,1365.3399314716935,0.4128530039575549
2003,9,济源市,0.5778912593347378,0.3551936027895071,1.7840565037373983,0.5615250378006417,14.186939132670936,19.98117765743765,940.0203024951212,2091.6179317390474,0.3993385146672205
2003,10,济源市,0.617659398454167,0.3532825328617279,0.8175728959341493,0.3460521791591179,17.43181317667427,22.429331414296225,584.3965268193764,2506.8646032957145,0.3432738751852313
2003,11,济源市,0.5750370649238629,0.3278394149045699,1.1043994523888532,0.4596603420782206,15.729316141773785,19.17364326475437,429.9899192106449,2153.87322133662,0.3818634343886798
2004,1,济源市,0.5616001624417025,0.351185719419175,1.773594659159089,0.5240128382865273,9.945764576678258,26.97653176070341,147.63710145557343,3899.8961849770353,0.2876052331510025
2004,2,济源市,0.5829741795474938,0.3871944965297706,1.879792866111136,0.5525818038860657,17.108981554652416,23.468109374159308,1067.924593764291,2604.335272877093,0.341994445286899
2004,3,济源市,0.6277857992279542,0.4194224207597479,2.0571157753959084,0.5746010817441041,25.24398902701534,25.73646489136849,753.6561091192495,2946.1350763342493,0.3778738056205336
2004,4,济源市,0.672680349303742,0.4516457738963879,1.7748465242111315,0.509785369820186,26.714022257077268,24.268895895393836,932.8786393618492,1831.662566920431,0.4024999505412081
2004,5,济源市,0.6569816062507943,0.4425818592762678,2.3787911142750056,0.6530756908894555,30.298844146084868,24.85441070850724,449.5362342526903,2773.096185562325,0.374376913564536
2004,6,济源市,0.641569705271618,0.4337027918683787,1.1223780828523553,0.3629420510726967,22.657732736346954,22.052784891666256,640.9138174642511,1591.5210476534803,0.3991500513216963
2004,7,济源市,0.6430637541556163,0.4045960718244211,0.6772493785749869,0.2198910528681025,20.4354944350629,20.95704603202363,249.1721380558552,1923.136133349008,0.3789662292181169
2004,8,济源市,0.6453851266241569,0.3756843963017015,2.003135219344803,0.6029308232896792,14.817045265624284,23.107030596859914,293.6017418654308,2604.781608844316,0.3643605372116946
2004,9,济源市,0.6357071148526816,0.3553684374867626,1.297690871478253,0.503516775227038,14.412688073770855,21.31051017810241,59.21790463851973,2581.8510809013496,0.323530387316746
2004,10,济源市,0.6267544573321847,0.3350653778161587,1.2508409512873182,0.4605132805476762,10.990056788172232,20.17838946454637,506.8437616230566,2756.151987658653,0.320682917075701
2004,11,济源市,0.5635350817501098,0.2969898403118475,0.9848747341131548,0.4275366024282488,8.903232950065812,17.885614585671828,526.6173340309258,2355.1786622158907,0.3697213004422753
2005,1,济源市,0.4897888941982316,0.319149965456769,1.2191667459557547,0.3829115663040456,13.26903196022831,24.397558179269254,709.6367016626915,2278.2464023389425,0.3322849209420599
2005,2,济源市,0.5176963896948608,0.3544436794843361,1.35296686921382,0.4228739038811639,16.450151497525933,26.548254296403517,310.21347698603523,3233.783112554969,0.2589258327325802
2005,3,济源市,0.5973997220998022,0.4006300711107935,1.404753894168842,0.4438815044229914,17.49986709980963,24.4287044129098,1366.2015431257723,1607.2229190250173,0.4015227575246201
2005,4,济源市,0.6771030545047444,0.4468164627372538,2.604608198335474,0.6592823711372133,18.651200547691364,25.37591560865386,821.6113892920293,2608.1132674612586,0.3846420630671299
2005,5,济源市,0.6889520329608644,0.443384085317778,2.325750647737482,0.641579796696445,22.861545201218785,24.592829181825977,393.8529415892892,2679.577838616712,0.3733798201331424
2005,6,济源市,0.7008010114169704,0.4399517078983015,2.221994641795108,0.6046657206003934,19.70456548423703,25.94405332508239,869.9927179580015,2262.7095375027884,0.3644600149173352
2005,7,济源市,0.695837655895035,0.4331948176037284,2.1935633705819826,0.6381503079618772,20.959580480218648,19.71001343694159,119.09420772839596,2316.340705615795,0.3674884837770425
2005,8,济源市,0.6909928658334376,0.4264379273091531,1.9930025365485904,0.6138371450766571,18.99428846751267,22.4411300324513,152.58243272129175,2829.561013111648,0.3219100298673077
2005,9,济源市,0.6578483682696297,0.3938642154724157,1.9707158369472608,0.5989958644943149,15.969898535880496,21.912504006408422,23.762240723059417,3304.715115842714,0.2505858533813477
2005,10,济源市,0.6248135280385326,0.361290503635684,0.6506458834071406,0.2676065992674237,12.552313501821615,22.142407214734224,184.9265848146312,2272.410359298767,0.2512448439479144
2005,11,济源市,0.5653934723988162,0.3338985031599951,1.1792630408762406,0.4870169646882429,10.572158318257218,17.60351447498288,674.7969495101898,1687.3029685402498,0.3723497658997375
2006,1,济源市,0.4985540229903271,0.3147496695262317,1.2663012964963596,0.3864819291314124,14.932721725413629,25.62974167910107,925.6504398650984,2632.754324684165,0.3480731237972281
2006,2,济源市,0.4799589998137848,0.3070962188141295,1.0157828233905477,0.3268496415225362,16.55435308678731,27.40080155918222,242.5753932685772,3173.872896629729,0.2955717616020513
2006,3,济源市,0.5585978699903643,0.3705808211193789,1.5526216312625616,0.5283431953451524,16.88028115251851,25.66627169341806,251.1219101633767,2254.8288459360783,0.3052085320114113
2006,4,济源市,0.637240348264909,0.4340698300911363,1.6810323742736435,0.5023751007674888,21.56640223061448,24.95630920322047,582.6540070693994,2577.051480060153,0.301649750633555
2006,5,济源市,0.6732324598838034,0.4300208717834933,1.3414081702687677,0.4078443633654033,20.27639447385312,24.53353259213582,664.7481849510785,2529.1466081777726,0.3658951007768654
2006,6,济源市,0.7092245715026957,0.4259719134758408,2.0063827165195183,0.595244346112359,19.064520514316253,26.02397837168227,183.2539351236847,2493.9931333243017,0.3138370351418778
2006,7,济源市,0.6779365230024322,0.3994277573360062,0.5902413545904689,0.2063014363857216,12.016259158246664,23.947172048379404,313.083642726357,2142.994734959441,0.2631063136201687
2006,8,济源市,0.6475522533698277,0.3728836011961746,1.6732364980996397,0.534438836782566,11.661878180978963,22.651275718799983,787.3456424777835,1523.5430091577182,0.3860696758380083
2006,9,济源市,0.6159160002674073,0.3662782150496346,1.5845027284523805,0.5496085030943837,14.711652372795726,18.43048061481292,456.90200787725576,2534.4272320116224,0.3700284988625989
2006,10,济源市,0.5857008461202154,0.3597366364594208,0.8211649205112471,0.33053387980467,8.916945538047187,19.930357309510672,7.911285685513247,2919.3606562028685,0.2748765766040169
2006,11,济源市,0.5340739640227361,0.2891375502579387,0.3147884879086352,0.1321261799414143,9.122762095323116,20.081374821371103,328.08991623780867,1909.595572251288,0.2554627736890831
2007,1,济源市,0.5586904016604389,0.3303501857357342,1.6127440832647983,0.5126647304949037,11.84115271440969,24.165073625472218,566.7318013847444,2593.526221204832,0.3247536034126201
2007,2,济源市,0.5814394351454479,0.3590967297739235,1.3959129004705977,0.4197352972164946,16.11172977333156,25.32795499835856,195.66386510580472,3169.6553060412284,0.311378617575717
2007,3,济源市,0.5878579535369302,0.3755656007002664,1.8125725190100792,0.4829317958535484,17.11552761235465,23.25685385604944,1089.6499969743334,2226.0544739701786,0.3594246728795178
2007,4,济源市,0.5942883270692625,0.392041890450967,1.7423502137917255,0.4723996768779223,18.723785667011303,24.927132503633075,1269.7489699645366,2606.744179543596,0.3659236974904755
2007,5,济源市,0.6609946767699845,0.4262309384061959,2.508552077850381,0.6619421699786082,21.19424933732208,25.139562345330376,367.25129554618576,2304.12136122671,0.3516967025410444
2007,6,济源市,0.728390259222198,0.4604771179500979,2.7351790211322817,0.7033259328924184,23.52668019533147,24.386752877290768,212.87296564951995,3200.992772465752,0.3379112824396283
2007,7,济源市,0.7052521750742821,0.4395691224875769,2.2497521239028693,0.6151422524467014,22.596929218106247,25.664279142170187,132.19304967262437,2990.9921905587016,0.253825123142762
2007,8,济源市,0.6845049306523333,0.4191408051748758,1.976958819582868,0.5863018105341343,17.123198117971782,21.493421786053226,495.2600551164326,1771.6667963923574,0.3365721366240429
2007,9,济源市,0.671127517735524,0.4031807848950927,2.060617060656743,0.6177719739747951,15.112885791382183,20.74668880272762,209.4226175529249,2469.0383749848293,0.3392248306157985
2007,10,济源市,0.6604418429227867,0.3880066255971118,1.612021321796386,0.5532180937726806,13.19999391844997,21.273269733700577,23.75542106829908,2632.075700248504,0.2620916329647009
2007,11,济源市,0.5802112064423712,0.3433941550913111,1.1232264227382012,0.4547151148519134,9.71779444894849,21.067513623557083,60.06753453984175,2929.7257438001984,0.194394486575484
2008,1,济源市,0.4731278582574634,0.3036109359887982,1.0586488068718083,0.3606321420573736,13.69453533725975,25.74929900558248,489.3812720784794,3185.227866255188,0.2866699051160852
2008,2,济源市,0.4580165757379644,0.2775082305624776,0.9102597156182894,0.2968479806144737,15.779556579246307,25.586924139963045,511.7877796070277,2684.687421373687,0.2903828718136738
2008,3,济源市,0.5349969764766721,0.3524425623985843,2.0281439541002904,0.544232766496656,18.306406166914694,22.91075504747869,716.5279289051833,2471.190781963281,0.3661399992666554
2008,4,济源市,0.612035342378547,0.4273971235220635,1.4338101708635338,0.4104238235502987,21.41979565768392,25.903373063444075,128.1653950359042,2956.443208539313,0.3002018096570195
2008,5,济源市,0.6516578730853437,0.4294069709832633,1.902427379403495,0.5529614967979128,20.405675211356115,26.223301108785545,281.6585721138692,2918.594349188221,0.2755228817794417
2008,6,济源市,0.6914953594817885,0.4314284017864702,2.2541456254445498,0.6300657568606072,21.80954733217092,23.702453260118787,586.3784796443213,2767.378407190629,0.3267453951207907
2008,7,济源市,0.6839273805383025,0.4407155545389986,2.3557712947344536,0.6530378241837815,20.06779881518863,24.896114720355083,135.0207400105901,3208.9681753600307,0.3042795107620492
2008,8,济源市,0.6788185727983248,0.4509864406457504,2.2242908027991986,0.6375143866724909,17.127163065965277,22.232029297196764,264.1918463111643,2625.035576418976,0.3070678576620594
2008,9,济源市,0.6660488529567522,0.4036606112622662,1.4338188750878014,0.4897477296019331,15.196161071528808,21.862309832502387,280.45750149043096,2311.836534804372,0.2812534212276394
2008,10,济源市,0.6563671541763945,0.3568434692475913,1.3451123727548646,0.511017702548882,11.24618352648396,22.488216063530544,208.9489366237837,2859.9887037763347,0.2585022397786702
2008,11,济源市,0.5886939264240874,0.3120976932020761,0.8452735785383327,0.2434309375882031,10.19644426459714,18.4581414781054,231.72986067117145,1457.2876542728077,0.3233754561917505
2009,1,济源市,0.4984058851778107,0.3302295456384776,1.745724588356228,0.5049241339158312,14.181634603490831,28.182920041684987,451.9459068776901,3297.7599788761177,0.1529955798294623
2009,2,济源市,0.5156462833368131,0.348086120554823,0.7160210016053108,0.2657741768984913,16.287804970919513,25.349770011043116,312.1089606649953,2827.742706610279,0.3124406853864664
2009,3,济源市,0.5566076449082189,0.3727724463879138,1.6231324637472788,0.5246007031547621,16.71823387497292,26.71500275286956,902.7905930205952,2708.549177599238,0.3299739603516205
2009,4,济源市,0.5978216082735806,0.3974587722210003,0.6315361034896327,0.223814410842307,14.39164454693324,23.95405634526148,133.32490244139333,2694.520785231291,0.313239825109163
2009,5,济源市,0.6106829443372002,0.3922300118509208,1.761230075625671,0.5384008530583921,11.402122414451483,24.01455101694313,269.6787317104676,2211.0404417929008,0.3060556892472806
2009,6,济源市,0.623988666328766,0.3870479664838586,2.080625984706988,0.6029252787877645,15.841647892588258,26.52979685755676,421.7239090521077,3125.444757412118,0.2486783456649274
2009,7,济源市,0.6554377292781871,0.3828402154979208,1.3483002615374955,0.4528026880065431,18.010843362226115,23.075154162470803,349.7509536509333,1811.0370722581488,0.3539090845110346
2009,8,济源市,0.6899737550570222,0.3792339287503392,1.861094771570164,0.5841676025002874,18.95208621346356,21.13558536712495,504.2278040489276,2799.805281789712,0.339261790528649
2009,9,济源市,0.6261809084178727,0.3534656339526039,0.1444141696330965,0.0594877630710054,15.20276441278627,19.434930366958376,293.96278311177514,1613.8103712613838,0.349994359193556
2009,10,济源市,0.5660534248248731,0.3283716342531432,1.096739468693738,0.4101522883949214,13.658697594991386,18.76365636157078,472.1771208505618,1685.3299933594865,0.3646038450845168
2009,11,济源市,0.5799730260652848,0.3235601957804558,1.1851554786485228,0.4920772653104209,11.695937161363428,18.35710067824952,266.2463442081345,2266.697899106848,0.3543594164340207
2010,1,济源市,0.5129422085148728,0.3459428506259215,1.277450064232484,0.399607428389161,11.727035998022036,28.02146261700465,529.8533284510216,2544.837046140133,0.263182645220599
2010,2,济源市,0.5130841128214283,0.3633864420134173,1.4512120465574092,0.4415515823535711,16.8406446748587,25.34550197128682,450.59250324415655,2825.2939798061543,0.2758479214140216
2010,3,济源市,0.6112462358310032,0.4138153625753679,2.3845494803500267,0.6193739275846326,22.992005666125465,24.22538883463129,1209.7435426741474,2312.5605577966257,0.3646647303965574
2010,4,济源市,0.7094916105790727,0.4642855936632533,2.391168076902624,0.6291170175242439,25.816240098448134,27.015650762971703,239.76731265646512,2768.652028124339,0.3426259329301772
2010,5,济源市,0.7028865443153393,0.4687615298836866,2.255120687287217,0.6304127967193945,23.043740524587164,26.69917565271268,140.93133215278183,2684.135503103639,0.2917333482073767
2010,6,济源市,0.696513487768356,0.4732731176430655,2.5428209413418577,0.68507027162174,21.56530394412083,25.22985498875414,583.0076284094972,2033.0306995848084,0.3450705297834442
2010,7,济源市,0.6948207301325094,0.4655496454418578,1.716163078080083,0.5289163884886129,18.017976187175595,21.697627602982287,1558.2439089597117,1325.8192099886046,0.4045433385979614
2010,8,济源市,0.6952726664431149,0.4578520811907935,2.1991910955787035,0.6304945487020632,18.408737882021263,22.32414468836511,382.9687233105686,2705.990466933505,0.3616008702189434
2010,9,济源市,0.671248372128356,0.4224203639094624,1.567702898628795,0.5780876741857847,19.45062077207473,21.153285661749884,556.264034883011,1525.7297916156765,0.3883948461842808
2010,10,济源市,0.6502400069824075,0.3869870733494647,0.5456787357470061,0.1781940655621308,21.51346123421385,23.263067589583983,148.56074921302064,2383.2591250158857,0.3392415025716975
2010,11,济源市,0.6105617291939882,0.350083115630885,1.416094754361589,0.543922378748996,9.4634967560506,16.57229945174334,420.8287158611579,1774.0870205115357,0.3748887631999335
2011,1,济源市,0.510612504925353,0.3296398106055102,1.342868581425691,0.4485844633374014,11.458865645958015,24.606927603105188,870.9926638329813,2194.699074740045,0.3118526201804334
2011,2,济源市,0.5122333195205433,0.3589154967766806,1.8402847591366989,0.5043535831260682,16.20162958445205,27.22313786592885,108.6327070545617,3510.994145807711,0.2384445052081979
2011,3,济源市,0.580628542556989,0.4021298902172279,1.9010549319810093,0.5559052831643059,17.904581042172154,26.86573468574704,229.7984190755875,3142.4319691225983,0.2091400118282073
2011,4,济源市,0.6495327636871406,0.4453771172303071,1.52004920329148,0.4567674698719162,17.903405564965542,26.794221058423904,650.2476901428988,2527.768249034736,0.2496305286249937
2011,5,济源市,0.657663084339647,0.4583401657537662,2.4113727793819337,0.6520385659302088,25.66885086161425,23.919945341680933,344.3502631692291,2484.650885344697,0.3290786059918869
2011,6,济源市,0.6658193010952109,0.471302127433123,1.095821606038078,0.3657577809823892,20.054725027803755,26.32404786041409,533.0448514947052,2672.064889640801,0.2889705233352955
2011,7,济源市,0.6476195002812515,0.4358860985464262,1.6276176149959076,0.4923027568964488,17.636192816160417,20.1889739436068,947.840051862057,1630.2550102225318,0.3757174437277349
2011,8,济源市,0.6294762111064267,0.4004909591296695,1.865400886698412,0.544769606181578,15.6540921813101,23.310413750809445,78.41151109514351,2955.224031479916,0.2773785823923972
2011,9,济源市,0.5809019205478189,0.353092514493297,0.2661840004148123,0.084434737803588,13.140604181857082,18.26855277196418,965.8274425818612,1096.8027166599732,0.3748172863584881
2011,10,济源市,0.5325938960070081,0.3057205830724298,1.2758605330159911,0.4958496738302975,13.11593031640974,16.167723316718845,1904.5605972369576,910.8598528248924,0.4132829324609226
2011,11,济源市,0.5586851349420047,0.3147994228919784,1.2871509553385712,0.5209573003404507,13.381012278275476,17.71803482149876,23.242201206580656,3006.0157329914464,0.3523158745853997
2012,1,济源市,0.5921371711885877,0.4004645029462894,1.8080933741202692,0.5055781675409876,18.688636419051694,25.712523324561733,555.1222046415795,2705.672168242607,0.2650028807182382
2012,2,济源市,0.6018277487297403,0.4093395464135578,1.825600766326949,0.5146063853255852,19.29917406301321,25.879852235107773,482.4313895893637,2809.7067045932886,0.3239471805355067
2012,3,济源市,0.6132697668735957,0.4366913989618913,1.954279996904625,0.5712292584944769,20.060188999998797,26.29276854200642,337.2487145611348,2917.076619818828,0.2724405355628166
2012,4,济源市,0.625542840482646,0.4642676369714977,1.58967139444442,0.4625760617626903,24.06374155110773,27.29322378410528,865.3311105103191,2676.6026835760954,0.3045647613107175
2012,5,济源市,0.6565942916636585,0.45351160100397,2.3663399992073275,0.6111773384636466,26.908204748291787,25.056006381646625,234.12498204683547,2612.211058793553,0.3526977242186256
2012,6,济源市,0.6889619463629769,0.4429036044858912,2.040120178245715,0.5813037451145695,20.400978812819023,24.054930143915435,112.07438885361262,2602.0006612779,0.2936135853137539
2012,7,济源市,0.702204085666416,0.4558566146178762,2.8770026959779518,0.7135375010505488,21.118319281026096,22.02333161948022,816.4976454035337,2627.2342147843565,0.3330329402834154
2012,8,济源市,0.7176747017845553,0.4690152098351445,2.4650050998537547,0.6763237664953884,21.64176580883147,23.280874409727588,472.5564978426034,2411.601444513939,0.2963604921042341
2012,9,济源市,0.6907197655896833,0.4412081679935151,1.8234722726606925,0.556118492246303,16.289590381615238,20.820685196600685,360.3386111779466,2651.435573166076,0.3349798154988186
2012,10,济源市,0.6690452445406899,0.4150429357394131,1.8964037232318185,0.6042602258812753,19.27833588794385,18.211018619379725,103.0258182167102,2677.174225542441,0.3254031828545219
2012,11,济源市,0.6313945069867317,0.3696216804943525,0.9043279645071896,0.3862175527563082,12.177776367518652,19.51482934744598,197.01428964573248,2102.743418205715,0.2945246201991144
2013,1,济源市,0.5617022523019501,0.3935571262012362,1.4634527947387386,0.4039611180975713,23.01235038771197,27.45498109648656,788.7230866051015,2848.7079922416606,0.2809240434711053
2013,2,济源市,0.5623740711935367,0.3904272492299995,0.9884472630043812,0.3406659086738817,25.370229861523256,25.23335802111236,401.9674954639581,1987.9005601716287,0.3430365947630914
2013,3,济源市,0.6339619563102924,0.4229489068036639,1.6587648150834804,0.5278205866225374,26.808203445657025,24.981720533324925,765.8858075757751,2361.8596413712908,0.3728703877855859
2013,4,济源市,0.7058041495425893,0.4554717743334256,2.5953964868463166,0.6679834044640809,29.22226763257563,27.985371925912343,286.0166302120774,2985.952245615829,0.3246062865892547
2013,5,济源市,0.7140142804727599,0.4530666679733661,2.5511770409213703,0.6837135650781242,25.867631896460907,28.02056008791892,193.62597035353855,3148.183850692615,0.279363555908251
2013,6,济源市,0.7234580056456108,0.4509813288566722,2.6209621365139864,0.695072215639145,26.56707488110168,29.513424189818707,107.48100713618123,3362.3664067449317,0.2192917497141724
2013,7,济源市,0.6874884906887407,0.4259560736046385,2.5721163177445767,0.6798771338810629,23.37894326069848,27.163644445326334,2.206306111846246,3223.7500707986287,0.1409108552862897
2013,8,济源市,0.6544148177971841,0.402034744624916,1.70558444812718,0.5604675722686613,15.65471242453754,24.812514905576023,55.10053873633944,2829.6294255530743,0.1369614200159319
2013,9,济源市,0.5908572984590086,0.3672713567428551,1.232697884262927,0.4885511907744743,9.152614626535437,22.43151250243563,60.28811378427716,2460.978464484954,0.1323447374767324
2013,10,济源市,0.5306160748372016,0.3337664078769529,0.7654483269404475,0.3162977881611607,9.848392510231038,24.88780255485795,58.40758355936272,2947.386401314028,0.1380138248662313
2013,11,济源市,0.4661450796970668,0.2748014505786257,0.5413769172191721,0.2711080044333868,5.819603867777601,20.058416255158274,161.68766256895765,1749.1406786345765,0.2017301344125207
2014,1,济源市,0.6093284929880662,0.3943234914682045,2.011678626277999,0.5514125279320605,17.23526522915932,25.88255739765911,341.39350976303064,3391.4100713366934,0.2835278497008708
2014,2,济源市,0.6275774748487241,0.4133786837279479,2.0230824366631635,0.5675479123684379,15.914169833905095,26.214792671749283,241.3292591159304,3140.054346976758,0.2441442718019421
2014,3,济源市,0.6391751142861567,0.419930098056199,2.43377288925056,0.633503147121029,19.49042211922112,27.128651630796657,376.2683692704785,2830.5315127079984,0.2375653335558742
2014,4,济源市,0.6525590267182454,0.4264815123844562,2.335738556193403,0.6424615346013747,21.60009847693097,26.55153044910824,181.96530643320048,3357.7661634336146,0.2174314698526757
2014,5,济源市,0.6692336615144407,0.4433415382412908,1.2718944488476769,0.4570392603807479,21.06581602416173,23.657733349246737,655.6332236968794,1904.4020758010493,0.2553396772066835
2014,6,济源市,0.687462424071507,0.4602015640981366,2.5071382409541214,0.6728225711633936,21.61765798811609,23.961012750621187,329.8345291562182,2730.5195318322285,0.3038520785100391
2014,7,济源市,0.6883038463504398,0.4497624278549118,1.69809676144016,0.5281459780544748,18.79634637782448,24.392037886561493,43.31967712207933,3100.5014861350846,0.2688888654730663
2014,8,济源市,0.6903203279627702,0.4393232916116835,2.2346208183502454,0.6411678337617548,20.996682746964243,21.47411445663031,506.811729904602,2164.997224201765,0.2679794262127454
2014,9,济源市,0.6672562816596452,0.3981179350134119,0.736896251310388,0.2738408155058861,16.13923029228344,22.2066082990114,368.854321002956,2286.603493287071,0.2855603620475372
2014,10,济源市,0.6458259852799736,0.3569468358935511,1.3696804672658336,0.523218083780607,15.55458549005616,15.906558390791908,1764.1493998389303,471.4094858874788,0.4152290140982065
2014,11,济源市,0.6036762293354473,0.338005806234599,0.9217298402008768,0.3930024233048635,11.797790776658196,19.706247597717265,47.76713064378237,2424.237375246932,0.3371268172055049
2015,1,济源市,0.6267238635139798,0.4170411230849767,2.0119403525277657,0.5490177327472244,20.83547810410806,24.519830270364334,13.782860794887627,3410.7841025494527,0.2646533839661188
2015,2,济源市,0.6369220443565415,0.4158679428167273,2.0441934886851865,0.5609304637963769,18.994429033648792,25.45517820695922,440.79781003474,3018.863556158856,0.2186469063233004
2015,3,济源市,0.6564298380440905,0.4337257988095965,2.2785530581857985,0.6305199219595332,25.608326728309137,24.57361365475275,420.8188356461121,3002.993921633794,0.3081066223436027
2015,4,济源市,0.6769257403086162,0.451760436030234,2.095885877407413,0.5667908424900734,21.80087079436972,27.82085254509506,248.4349227720432,3222.318887560922,0.2335815877773486
2015,5,济源市,0.6890890545193931,0.4549467268955904,2.6358643899643286,0.6727088655742427,23.679492326649044,25.43582961204875,506.4977446164313,2651.9324191149094,0.3133276279410514
2015,6,济源市,0.7033563890009057,0.4590077143678526,2.4347139335643444,0.6604965537822807,18.347034653080257,25.894303087398857,80.79918534760697,2858.412861074416,0.2521875219126216
2015,7,济源市,0.6843444164086708,0.4510991612044501,2.1692989913202867,0.616149759729012,19.92230330471625,24.031293138032147,298.4492183091668,2772.462892327005,0.2320809929536182
2015,8,济源市,0.6679768606686254,0.4438696963322278,1.7813504892406402,0.5536470987788442,17.40479675619553,22.475053613895803,779.1671891533072,2770.088099173923,0.3331536693028074
2015,9,济源市,0.6617053402050258,0.4335022539095356,2.07894211702044,0.6113480112013531,14.827131524541976,20.64913411802802,460.8546608509532,1647.9843935506467,0.359970068853681
2015,10,济源市,0.659814745773251,0.4240611458895326,1.839361289806133,0.5840346132798554,13.868142039250689,19.69092635065053,21.80219823200233,2894.142919208108,0.2992798896976966
2015,11,济源市,0.5989942489116727,0.3671675467874669,1.0707592692493106,0.4411355393138478,9.398117025331125,20.90869905928036,42.79058655335344,2392.788801080395,0.2411247601965282
2016,1,济源市,0.5421825782191343,0.3848219288242907,1.3516341459162984,0.3835065322204386,21.212357880642745,25.79820982268584,198.72618680090685,3002.195118972977,0.1891125775398193
2016,2,济源市,0.5240667805528885,0.369442174563191,0.9094345906975988,0.3052925668480015,22.935282308143197,25.055756811984036,609.069618525877,2189.801820092757,0.3192546114726335
2016,3,济源市,0.6110235541030233,0.4398847060263504,2.7082451096193783,0.6780832576802125,28.21249817547662,26.529185758634547,1216.6649132923876,2677.4300309186524,0.350363957046443
2016,4,济源市,0.701816923561303,0.5116156926386783,2.223585571904712,0.6244666769770078,26.36939115426657,28.02488674639379,669.0444741109762,2976.804877858046,0.3002596607506448
2016,5,济源市,0.6348460763715214,0.4657152010135788,1.591443447911859,0.4609160751809609,28.67122374927313,24.70644892186944,825.9153268223517,2520.4307808086714,0.3803873218698006
2016,6,济源市,0.5715884057032867,0.4210688406293619,1.2661387251264022,0.4084905865037254,27.79297426940845,26.44544236253188,153.18982573676047,2306.703712334216,0.3205758942886241
2016,7,济源市,0.6281403136847864,0.41535501416399,1.793334784777455,0.5435265430540913,25.6296830067117,26.1165238867604,602.3583236199099,2123.6976951784045,0.3281251570155052
2016,8,济源市,0.6867030080648335,0.4100127667428623,2.455424657890064,0.6705023147796109,20.597764289760143,23.092794681726005,23.643571291065403,3165.6522685904133,0.2816478210594119
2016,9,济源市,0.6635238201070842,0.4119165128156126,2.0811130881887467,0.6121930781211928,17.377105789163114,24.495858005200475,23.479559815797305,2790.06200833411,0.1888024866865014
2016,10,济源市,0.6433550344083442,0.4143097424619311,1.1201026498922362,0.3986848983154503,14.554410391503982,22.382050411369573,538.8964047257273,2501.121438769834,0.3056252396820232
2016,11,济源市,0.5954829002227278,0.3574940649497283,1.517626198204749,0.5446027204475244,10.874056366658648,20.43906130780127,129.99408572610164,1977.252465959147,0.3034307657963047
2017,1,济源市,0.6448183162166208,0.417417801524581,2.1913965738885373,0.5775504381477912,17.610945980866024,28.45920103113317,256.2573752908076,3207.207829370011,0.1825141020408642
2017,2,济源市,0.6747873037345804,0.4207240994841721,2.313031944391485,0.6107046813293695,18.826961681061857,29.44676647080544,232.0665962392389,3505.436836402564,0.1798630853989872
2017,3,济源市,0.6869780809228683,0.4360941894764751,2.07182293876142,0.57197417687627,24.662311102708863,29.41714148754993,272.4748569341723,3017.2054603944557,0.2258503101848177
2017,4,济源市,0.7018559717150935,0.4518648929458084,2.5826521482279903,0.6660372631831979,29.385052248441472,24.7274393031956,470.9279963671724,1849.4305229974127,0.2841584436976258
2017,5,济源市,0.6986198620434726,0.4639059402286461,2.674348529346955,0.6920020548185992,26.492340276150937,28.45668252427136,189.1694989921472,3111.231968800575,0.2360518923571417
2017,6,济源市,0.6967685258567062,0.4764880361976723,1.913648756356194,0.5500710349067176,22.780463312528312,27.95216818148856,71.78586867580812,3142.85177192196,0.1726594120656201
2017,7,济源市,0.693992396123271,0.4374920794098114,1.6089463214716446,0.4946372642268187,19.26582113449652,26.080517850404533,199.7172756503728,2212.886791747371,0.2133128113761694
2017,8,济源市,0.6919157394419364,0.398678852081413,0.650705813766709,0.219723482120426,17.581478265100593,20.088908034301884,739.5196089028332,1338.5789551411035,0.2899060623373032
2017,9,济源市,0.6849634201256433,0.3971026137729472,1.945027362239284,0.6370748322354837,19.585217660738167,21.148254059265625,407.8977746710411,1896.5185059332932,0.3436268203889474
2017,10,济源市,0.6788508306043334,0.3956321184529678,1.6353140809366695,0.5879340479604924,14.922765684246588,22.441745927233196,8.33671806986065,2953.970010994355,0.2717114814300158
2017,11,济源市,0.5878535100723559,0.3507152126346922,1.071827923706125,0.4164056306116108,10.046984874633708,22.76828206187807,276.75869266026365,2101.8914403762983,0.2249383354827309
2018,1,济源市,0.5518066476067679,0.3522834459044378,1.9285654650359405,0.53537483064789,24.948991165355388,25.104300803335803,472.8261519454946,2581.490023045727,0.3124871798573843
2018,2,济源市,0.488898468064821,0.3439910098015121,1.1172253375967285,0.3679289852995312,29.533460969233463,24.867429266272307,774.9397213283648,1817.543400331172,0.3851597857022558
2018,3,济源市,0.5929143472857235,0.4159311139781163,2.88939415824434,0.710023261594879,33.39895510910499,28.63931732497106,136.57503663997278,3220.189195719336,0.3070325423500759
2018,4,济源市,0.6970373761430689,0.4878437751118249,2.1269021921654865,0.5735320931072294,30.760006152442823,26.53843254336343,652.1111188063636,2452.703729398777,0.3293653248987091
2018,5,济源市,0.6829839707023192,0.4621056469068417,2.1725901428435828,0.5965483754465131,26.35373043863458,27.61915670376624,318.4875479453654,2680.319796204813,0.3456253784610248
2018,6,济源市,0.6695004412413055,0.4363767180410313,1.8463190069278883,0.550782656300495,30.20426781984296,26.843516525142903,148.51963025714878,2898.8665079012244,0.2787537162180134
2018,7,济源市,0.6619704453358921,0.4329921834715579,2.6127391094223884,0.6931944757930685,23.39727143749237,24.738325470850267,426.2230305324096,2484.7604548641743,0.3158453700509225
2018,8,济源市,0.6557151741325262,0.4296602960059604,1.8952679219030888,0.586892727432016,20.00656126907307,24.59895422955556,165.21316053029753,2379.239209039933,0.24115464557297
2018,9,济源市,0.6230586550954378,0.3828389431941914,1.6653688786905596,0.5814644335298419,16.40042588350058,22.332657766806648,75.22096192872064,2846.541837638482,0.2247093360271125
2018,10,济源市,0.5926319402834521,0.3361046696590086,0.4847775776521938,0.2105153444702347,14.02487401466002,19.842730484777366,1083.5836746559855,1389.7772732694243,0.2991670562488709
2018,11,济源市,0.5914321904382777,0.3281988327960082,1.3468511192422326,0.5174622001858197,10.744351059292176,17.745060396815983,614.8774164771257,1978.569509711241,0.3649843777827783
2019,1,济源市,0.5401399674463236,0.3573009872166835,1.8274267326929248,0.52370341200036,14.130903541706992,27.743405851444457,17.64494263801032,3523.850355716611,0.1464080246222197
2019,2,济源市,0.563290027576903,0.3930209006897743,1.7014317005400148,0.531727611963913,14.663284493451703,26.29702899616957,305.16551877465434,3038.8078180164903,0.2130691413997217
2019,3,济源市,0.5760894106611868,0.4068366190860565,1.8233254776970085,0.5200113832155824,13.90685911586296,28.681106060628466,140.3415956273534,2741.0317853955403,0.1815798595740179
2019,4,济源市,0.5898063062244007,0.420706106575384,1.6864296038656152,0.5479257733964074,20.154499248981,28.736065549393075,659.9610608998511,2876.801451296975,0.254113991297077
2019,5,济源市,0.636223845497711,0.4422895279579917,1.4530817116812047,0.4785456385008971,23.835859575570424,24.843322762421572,927.5082947822348,2005.2300520921085,0.3736473882097658
2019,6,济源市,0.6836571372844954,0.46390717130949,2.6336265161752954,0.6926235031149041,23.78739095586518,25.798144921891044,207.6284582274066,3146.5215287871497,0.3136346426578152
2019,7,济源市,0.6886051111585991,0.4471267198746217,1.5164807489541043,0.4942461503514818,21.399556881644703,24.579829464684828,559.7658341710471,2260.669438705831,0.3045764354382694
2019,8,济源市,0.6942584034977645,0.4303456561517416,2.341275297622841,0.6632499852061646,20.407827563275145,23.32682925942685,59.63276639418793,2806.3504312297164,0.2786878427414193
2019,9,济源市,0.6828814769851177,0.4256090043919835,2.128586515047362,0.6213938982278612,17.759104362054593,23.857848039425907,160.90393907070023,3020.9446831788428,0.2035080488488584
2019,10,济源市,0.6720936950072949,0.4208723526322308,1.957922781319338,0.6336061467365371,14.35139878993038,18.51888140310707,788.4593361206921,1272.731633827984,0.3852288240573699
2019,11,济源市,0.654801443207259,0.4022757457196614,1.8636285334681475,0.6318465478591919,15.040916001348863,19.81281812572478,84.96116236228825,2573.905397482178,0.3173989191031026
2020,1,济源市,0.6274635527281665,0.4082575718542433,2.21743459425047,0.6133515537317513,22.87616188026461,26.080309305336844,297.9077562119802,3252.861877161216,0.274551370595651
2020,2,济源市,0.6467113837752634,0.4368594953842952,1.6182004993604606,0.4753426061446163,22.174399594112323,23.800278314248303,171.83409565128773,2249.790962000591,0.2439036396734172
2020,3,济源市,0.6775152003595116,0.4408538930633003,2.267123079616629,0.5986650895441495,19.977855839347956,23.666871757859774,365.4878271521985,2513.973160960508,0.2727830474877036
2020,4,济源市,0.7094501588916677,0.4448482907423042,1.71994434181571,0.5090811670010854,27.729041208782206,24.96357008015776,285.3838460769026,2350.8316424665195,0.2860860426922482
2020,5,济源市,0.7140030247562652,0.441969284444017,2.109207825674765,0.5994602481747426,28.84357637039149,25.562128486768376,991.894972345646,1953.5499118294813,0.3715284240007657
2020,6,济源市,0.7199539275291501,0.4391234465108632,1.5316013407613367,0.456475776221959,30.19717026622399,25.348581670696163,556.6447995610596,2194.057303793431,0.3680362833277177
2020,7,济源市,0.6928289281433221,0.4197648397449965,1.7397204112168012,0.5224669664146935,27.841476078456274,22.706165124018373,396.5583366294231,1924.0018532171264,0.3834994486597883
2020,8,济源市,0.6693292159247931,0.4022677283678048,1.947839481672266,0.5884581566074278,25.023931541999357,23.898994567731883,24.6423040461211,3324.3496635589936,0.2894698092870822
2020,9,济源市,0.659693416786109,0.3907796535843905,1.823005020139068,0.5768138476212148,19.044667822113954,24.12096294951324,56.173539185980594,3079.924055458905,0.2017449223714993
2020,10,济源市,0.6539673956378734,0.3812087204019759,1.6792504397353958,0.5853053467362177,13.778080694078898,21.673277901061457,18.43406293598199,2751.348550956439,0.1890149166057434
2020,11,济源市,0.4884370387113937,0.298851516593291,0.6359706392309115,0.2858710136124504,11.300439277254316,19.79200021348559,84.56295275089191,2151.896612520758,0.1771305338033285
2021,1,济源市,0.6270168019716563,0.4022346211646483,1.9516379540143576,0.5676233260328053,17.90820695274963,26.34223977798557,329.78096274840044,3086.0011349438064,0.231663692159139
2021,2,济源市,0.6554112365044071,0.4336101172677195,2.415274980762399,0.6200281321856417,22.30125774357648,27.90811280510267,1419.9302912126411,2967.1081515056544,0.3068969835997732
2021,3,济源市,0.6879854260181896,0.4567236432166663,1.7781145051787184,0.5386128864039833,26.059349602456805,23.274982982787915,3468.403793401249,1340.965503340219,0.4129765903991658
2021,4,济源市,0.7229884065611153,0.4802543369654509,2.9087264731982367,0.7176547089797042,29.820463751192467,26.486988886389497,455.347215023105,3337.185182480013,0.3739131551307076
2021,5,济源市,0.7162881960733576,0.489530701298212,2.61240256459298,0.6818660246708853,18.98108802033966,26.260809768989084,45.76707609170522,3170.2350777364086,0.2992568072683593
2021,6,济源市,0.7118480396707703,0.4992006858275172,2.698082184085228,0.6945031647737235,22.753295392159508,23.95436773146563,224.1256726656281,2459.541953342776,0.3024007797001642
2021,7,济源市,0.7078794920242936,0.4966695558792069,2.487184939560555,0.6786046806743092,20.036594973902314,23.63762026760522,976.9257092119752,2554.1431987193987,0.3483346997142054
2021,8,济源市,0.7068313490953111,0.4942227006674178,0.9411049879311576,0.3389840493982571,19.05491239561244,20.11466662493206,1352.5705171726893,1596.0371096339577,0.3877749112190192
2021,9,济源市,0.698744535259381,0.4587001899823833,2.268016661483662,0.660057938602118,24.045588573068088,21.711859553218,378.6793156883507,2426.7658260161456,0.3867222399372696
2021,10,济源市,0.695947016483896,0.4246465843402726,1.7786396008224925,0.5954248022203862,13.83544551598199,21.77915183073942,1210.3788858403125,2066.8116715250094,0.3420537588848071
2021,11,济源市,0.6477169589601616,0.3690209188781595,0.7581189039205286,0.3342787490031422,15.290291187767831,19.77626930710924,1453.720643474093,1565.6780476679396,0.4010995824341772
2022,1,济源市,0.5876250959967634,0.3915181187100614,2.123790820618447,0.5854207853985858,18.88885000655208,27.10840285489655,530.6030261774597,3104.873321812052,0.2464224163739561
2022,2,济源市,0.6210962753110382,0.3938813550957812,1.6149035413201978,0.4941090188529755,18.77874742019926,25.451980537848247,847.1994402351103,1706.140883545766,0.3047781376108947
2022,3,济源市,0.6656926562664004,0.4222396818798072,2.458881278490498,0.6571575956401717,26.673780954127064,24.573309516403967,1402.563692274707,2823.057637654789,0.3737352006165698
2022,4,济源市,0.7112118669006955,0.4507484854892524,2.231512755296631,0.6193126027728656,26.81085750193248,25.149763790813,377.51883820658486,2766.4781046167304,0.3567079730989834
2022,5,济源市,0.7010877240056108,0.4641181113493366,2.688498833311974,0.6905447767382902,27.37824146365332,27.989964537434545,244.05591285389,2940.5361079967133,0.2857117104686365
2022,6,济源市,0.6918770081378872,0.4776104829223903,0.7733430582312868,0.2838163903871486,23.754533718690407,27.382866303049017,73.99487065829442,2526.373034915789,0.2566005490389165
2022,7,济源市,0.6941762090341823,0.4768311179140282,0.2974784284568215,0.1232357142754198,19.59425338954934,26.08584525057638,265.5307497137035,2417.780696652978,0.2377372190275929
2022,8,济源市,0.6973096224214473,0.4760517529056638,2.2363828575190543,0.645138258939786,21.97134764427439,20.38030050630312,635.0392765714616,1805.7779744595955,0.346771637879139
2022,9,济源市,0.7018022714750456,0.4562504168529206,2.4744615510327432,0.6910780170489148,19.92649697460393,22.08631377656498,350.71551377650286,2534.287352871352,0.2917632972783626
2022,10,济源市,0.706953276546584,0.4365026259717607,1.936018867738059,0.629544819038173,17.872046613378544,22.477866195836143,8.162218677698066,2955.3996661867977,0.2669919569844941
2022,11,济源市,0.661923780081552,0.4192267717158151,1.810025378808624,0.610532061243533,13.820271684993218,19.22947635361248,1.4348900075878168,2434.478236561729,0.1973268891880609
2023,1,济源市,0.622536805461345,0.4087717728001656,1.5657836838207766,0.5144284450047926,19.94456090589398,26.895761802029817,374.57940236690513,3106.3262584132767,0.27441485788815
2023,2,济源市,0.6198284468521347,0.415305858027123,1.6597322718324157,0.5376354242382144,20.082624037790225,28.389044265470403,308.5143644898946,3210.697734366897,0.2438240111505326
2023,3,济源市,0.6551001329261638,0.4324333573148998,1.607049289112425,0.5205000210389126,19.89452383648316,27.678928218968554,99.18789886483265,3156.0885903072326,0.1846013252095374
2023,4,济源市,0.6920910503598123,0.4497139953151627,2.179506337263569,0.6226219665529298,24.71365865568776,26.36812008712192,879.196496642817,2123.9571761560696,0.2738154414092616
2023,5,济源市,0.687572722113418,0.4423475328671784,1.551304107050373,0.5068217769029536,20.978520227406623,27.02855253804649,602.3597006038667,2822.554329778921,0.348953040473672
2023,6,济源市,0.6869899410391678,0.4354850905579541,2.2931543164568877,0.6328352910991284,25.585643332699554,27.084230793806185,148.24537864275368,3064.407082679804,0.3009937950972985
2023,7,济源市,0.6938135752891521,0.452971645015005,2.5718138792628293,0.6818507811763452,20.338932991041094,25.070707856882173,471.3918942021051,2474.823109351727,0.324866828457621
2023,8,济源市,0.7032701218414977,0.4718849157400737,2.5307974767964128,0.6913790954956442,24.0975966952726,22.194805873369837,637.0407610423553,2435.056952470633,0.354795054834758
2023,9,济源市,0.673688184388117,0.4388511764291167,1.6594454987336995,0.5335324461611933,19.63599413658681,24.177951168189672,173.3965625523153,2758.776521276803,0.2733031735686607
2023,10,济源市,0.6476896131343024,0.4074681159513441,1.7891626414255926,0.623158090137788,19.955435453409457,22.62528939364958,162.76309096527328,2407.927274529051,0.3094641513749685
2023,11,济源市,0.5062662872390854,0.3238072710868077,0.3668519385939807,0.1861931465115197,12.606985215322824,18.294235431119272,995.7819260359267,1338.7936806757764,0.3785896383991581
2024,1,济源市,0.6185898123577608,0.4544334758689477,1.144214372161813,0.4074676225622167,17.534251067074557,24.161782913471704,1255.94042283571,2097.7778990210068,0.28375938438949
2024,2,济源市,0.6901567527187285,0.5300164891924842,2.06593023453324,0.594339283329303,23.549113401446903,25.75594282952793,251.70381896149556,2598.695885448448,0.3266923553585177
2024,3,济源市,0.6989301093281253,0.5359694340536755,0.9562549675973374,0.3460714039480443,25.414747179267383,27.152685156880164,1378.6567595740364,2200.6665005185155,0.3768327859318994
2024,4,济源市,0.7098581080217063,0.5425253963991188,2.2783069529097824,0.6323004853604027,30.22114342572111,26.907187084236867,839.2170222531097,2678.535836176019,0.377554101548764
2024,5,济源市,0.716127962032522,0.5547971606240556,1.8933686246692625,0.5397753188838035,27.171205790732788,26.544370156372544,659.2815913080707,2234.154082617255,0.3619904792241998
2024,6,济源市,0.7240327659251337,0.5674476296602393,2.767927121218907,0.6838979014492644,25.70742939137241,26.18770605822965,153.60418711451888,3264.2655714638604,0.3171639459832688
2024,7,济源市,0.7271648160041216,0.5347313421710473,2.953825201193508,0.7341108718312434,28.60941526302251,26.276716926324266,379.6927076973645,2926.816787272903,0.3349579216660232
2024,8,济源市,0.7332622439023717,0.5024511274723273,2.332175764042669,0.682673753355801,25.03350893289877,25.744672546622123,77.8540625895441,2779.2329513639497,0.286423437448735
2024,9,济源市,0.7178028730161163,0.4656186850536123,2.249697544864768,0.6671517880130365,21.530745989751026,24.90418232606082,333.1458158526794,2384.2096401868184,0.2580474048886177
2024,10,济源市,0.705845058885052,0.4294950800298996,2.0641548614701217,0.6518844800686103,19.48275269798415,23.12333387630473,44.65575489486184,2426.664637815752,0.2662111148649717
2024,11,济源市,0.6510401332474491,0.3850724747418843,1.452848684946092,0.5385291193490108,12.073029746045425,20.0470103130736,76.19850044833235,2131.9586085431256,0.2534937259999372
2002,1,漯河市,0.5229359424969707,0.3654678134521189,1.1250320850490767,0.4358455415030197,17.002032412830324,26.832870186834967,187.9809080777171,3072.3974002357927,0.3290687579801587
2002,2,漯河市,0.5229359424969707,0.3654678134521189,1.4231456561212128,0.5196065128877687,15.720003953383204,30.398538948814327,0.1914959625121003,3746.459067509515,0.211542540036153
2002,3,漯河市,0.4985776860668132,0.3625415897218871,1.189458916397416,0.3849549072139632,22.398069720627525,26.745186088938254,699.0632686047409,2520.0962430693653,0.3219192384831549
2002,4,漯河市,0.4742194296366556,0.3596153659916526,0.7891373903387444,0.2907235840991524,32.06710210327698,26.39130305281913,347.34085825307096,2311.624187945281,0.3573913315626728
2002,5,漯河市,0.5577017421062113,0.4301433831687454,2.9816155651355114,0.6890952288119244,30.62683462082968,27.173749434014866,256.59978349912603,3127.110089015913,0.3080077380403687
2002,6,漯河市,0.6411840545757517,0.500671400345817,0.8593059890686939,0.3168115769735627,25.032669870901525,23.575719299310467,118.12941021500863,2588.163490646501,0.2312802363331817
2002,7,漯河市,0.6835678367643733,0.5053253012135704,2.5808597722795104,0.7189352238215176,27.67249268106477,26.78787803217891,727.0155197400609,2233.7091315918133,0.3051089699728799
2002,8,漯河市,0.7259516189529601,0.5099792020813007,2.191767732670576,0.6799342129274721,24.072432932858973,27.49204367356814,33.57328919830424,3537.6674747123247,0.279205394478459
2002,9,漯河市,0.6859215707400189,0.4781572599640531,1.7586806596200073,0.6090470564928508,18.763035768556957,24.349035926279395,109.19926740705898,2747.240674784814,0.1900820771034189
2002,10,漯河市,0.6458915225271062,0.4463353178467992,1.1516748711508653,0.4487796538850226,12.141763275682674,19.255093697418303,289.2326396468715,2002.3442902891056,0.3169727639159503
2002,11,漯河市,0.499715670378316,0.3354385436465419,0.8649913509867849,0.4317266573151226,8.315609845802207,20.80564465539714,294.2258589946489,2457.300055239991,0.3124890038500675
2003,1,漯河市,0.4115430779197756,0.2568723361448681,0.958843339680738,0.3832196859894043,20.83773052629701,24.733267647896973,1448.03436511092,2167.5033064974773,0.3867681521616065
2003,2,漯河市,0.4523276830865941,0.2929565869572449,0.5551115247180133,0.2142413601112989,28.47851086943475,22.25979224682242,954.4839392889648,1474.3239016704315,0.4024270367316162
2003,3,漯河市,0.587487570681787,0.4341000017964456,1.8216530477023491,0.5601300563124391,31.63764413267357,26.800397265752093,1222.394117771442,2527.914776673608,0.3883484011343016
2003,4,漯河市,0.7226474582769858,0.5752434166356529,3.492002391332089,0.7746412896768834,38.43028168865808,30.880846678612205,28.833574219870425,3496.1641611589453,0.2813326985551702
2003,5,漯河市,0.6157695781973783,0.4850090340735441,1.8410408137266756,0.5162834984758714,32.717851465085886,28.224336561954715,508.439768511173,2689.989591384768,0.3091659372323559
2003,6,漯河市,0.5088916981177718,0.3947746515114427,0.3522656677164389,0.1631454359039491,25.40469378737936,21.61847790695353,952.9576030364984,612.8399950330397,0.4029088800580104
2003,7,漯河市,0.5716561143812791,0.4330997244624234,2.0428163180506598,0.5715228931256161,30.24753932151289,25.53375873469714,1049.04633631545,1876.627730827739,0.3871187013192554
2003,8,漯河市,0.6344205306447924,0.4714247974134171,0.0809471222246124,0.0395621123385367,18.44607864021858,20.5405625609158,1701.067769867342,1234.8682986230997,0.4154444302980751
2003,9,漯河市,0.6432200448166853,0.4431816916732466,1.7851709167146366,0.5982280112568699,18.57321644151253,21.26309669509353,475.83018626634623,1327.571422824112,0.4017708773321946
2003,10,漯河市,0.6520195589885918,0.4149385859330738,0.8958795935928359,0.3662478118645657,21.896619962462637,24.438314287216283,182.2150376015052,2658.1186492552606,0.338402359712078
2003,11,漯河市,0.5794758502199687,0.3638006680788588,0.9517484377730916,0.443223986807315,17.689027281679135,21.00483529541053,243.4391860488961,2575.768703482501,0.3591641960397144
2004,1,漯河市,0.415283414873244,0.2796323764042572,1.1259620777003303,0.439689233005047,12.203337968132566,29.441079193851813,81.23625822548782,3582.5130929880947,0.2341220456977123
2004,2,漯河市,0.4652123063389255,0.3251942312783451,1.081847170584686,0.344684679507487,21.195326988501066,25.619346675442213,2385.2506352257697,2458.6964317865272,0.3713510409688294
2004,3,漯河市,0.5810342863442512,0.4144576009529138,3.000850609133439,0.7079145946351969,31.72340521425449,27.206103660068152,908.76379910316,2784.309064246568,0.3812634107626159
2004,4,漯河市,0.6969203279108711,0.5037209706274743,2.3966759818884285,0.5872602737081998,27.41285743639605,27.713396342109085,330.3285365658131,2383.7361049010838,0.3372352144595451
2004,5,漯河市,0.6876825416662872,0.5050338398640892,2.56277111296263,0.6244370385525791,30.383172185728185,26.84945983687796,689.7003274660577,2012.204138483641,0.3910806897377366
2004,6,漯河市,0.6785165618331487,0.5063533848764142,2.108916836114093,0.5790122147790752,28.291461604276893,23.162926710792213,1081.848598508788,1825.7818915705932,0.3999765313788982
2004,7,漯河市,0.6739189360932862,0.4610753353990552,0.883507424920783,0.3035687944864984,23.27808928926093,23.54278590785627,87.25688189234738,2484.2667211996527,0.3571382308722658
2004,8,漯河市,0.669325675911392,0.4158049878295254,2.105727878775523,0.6481890871877825,19.50255817948531,23.867950090869957,189.48712486186028,2294.798040597805,0.3556798641988545
2004,9,漯河市,0.6264566459980329,0.3895759040378134,1.4811306659020556,0.540035404978756,17.876593610083066,22.208161102191337,500.6964358877411,2457.973329002405,0.3692962304382929
2004,10,漯河市,0.5835876160846968,0.3633468202461005,0.8882072573099917,0.3778840765506924,11.00533926101014,21.87619535355633,60.061152683755004,2726.667224141474,0.3002057059214438
2004,11,漯河市,0.4664541391942167,0.2899990183669022,0.5305315782861221,0.2852549537490942,7.464149813753252,19.167702922190887,380.8421402687404,2475.172408773001,0.3431626155248637
2005,1,漯河市,0.4526884899232418,0.3109022721761295,1.2915229405030495,0.4502938839596491,18.86905314098328,25.98217233840148,1704.0394514951015,1836.176450214872,0.3426064273381807
2005,2,漯河市,0.6241738165972326,0.434516816146419,1.7326422691612702,0.5751449986278595,28.24376308582182,26.440310364574717,1068.2694121552995,2708.68839029021,0.3716768161261425
2005,3,漯河市,0.6434877977832891,0.4759827172304865,1.7700613853581957,0.4702050389933942,28.242821047021057,27.157250251199887,1083.4994774584102,2258.769080863124,0.3974825398291838
2005,4,漯河市,0.6628030987602277,0.5174587208892395,3.753969605798807,0.7142351413847808,31.05215442726309,28.02047336189508,847.3083885647336,2776.905427707443,0.3960149444099295
2005,5,漯河市,0.7236907304478197,0.5380865890411262,3.9419912137676314,0.796086906702962,41.125076602286704,26.22543227789188,570.4322534063123,2403.157088692338,0.3875303791883636
2005,6,漯河市,0.7845532204482107,0.5587012519099072,1.6198214537640707,0.4760280086599053,28.638345950352097,28.120725494681583,324.10875300813933,2795.226559132368,0.3152646485300233
2005,7,漯河市,0.7588596006132848,0.5219666859548668,2.8435121433620205,0.7186581886801154,25.07433661068227,20.138565956755965,471.0871233491984,1507.6412822413165,0.3949974382510286
2005,8,漯河市,0.733165980778354,0.4852321199998168,2.304362110267986,0.6538237552545225,23.377278652641827,23.664300859405017,1685.1443842845656,1984.1757969405817,0.3814516494985618
2005,9,漯河市,0.6828853821294456,0.4378071237099609,1.820113623362705,0.6071211314572708,20.352778642465054,22.585208425825805,48.78102332202017,2902.937032679169,0.3526743938113589
2005,10,漯河市,0.6326047834805276,0.3903821274200958,0.5543688396179384,0.2276770845543235,20.440550817031973,24.06701896044727,536.2225338981644,2143.5510574948057,0.354092360517163
2005,11,漯河市,0.5388694139980796,0.3229057243247606,0.6576003576821481,0.3311455625946928,13.055252998991776,18.86532348442304,1031.559745498504,1475.5808269769634,0.4046953088689828
2006,1,漯河市,0.4386172336148624,0.2873880342792861,1.3491285711177357,0.4658828099940446,23.25451229672471,27.63918440320977,889.7317110515438,2777.8787997477125,0.3650736631092037
2006,2,漯河市,0.5764147726993434,0.3799747737053712,1.4201568596553356,0.4419836456617524,33.306933458923496,29.132182931883197,146.8214971521031,3084.7747596902104,0.2712309465049258
2006,3,漯河市,0.6575028010622942,0.4731155893830145,2.3906152766596214,0.611699406518745,30.46340900620373,27.15951804227601,511.9095837633342,2185.901502918089,0.3046944143485112
2006,4,漯河市,0.7385872980412225,0.5662540340546298,2.7515898988509706,0.6403302066568192,33.219742552794166,27.1298704557858,509.9646443668663,2598.885250586088,0.3388370998657927
2006,5,漯河市,0.7476420116379654,0.5561764708990262,2.394893520101037,0.5874583183889813,36.61100530346467,27.03942961579912,643.8455022001209,2636.424930281424,0.3731626142191988
2006,6,漯河市,0.7566967252347121,0.5460989077434155,3.170485097516781,0.7627204428000403,31.636878504613733,28.072236164290175,286.14623351105894,2684.6404250785104,0.3257786385616637
2006,7,漯河市,0.7130740676728246,0.4958207266771715,2.7498300992679785,0.6589888454225336,27.317805535298124,25.665656758762324,159.78538171911129,3101.262422240626,0.2569037336677667
2006,8,漯河市,0.6694514101109453,0.4455425456109097,1.672890467239699,0.5668873405047551,21.92806219638935,25.874634036835044,223.158422255629,1798.9369629150544,0.3096480844869756
2006,9,漯河市,0.6152700618167853,0.3801351498995497,1.0092655603276992,0.3912950269840616,14.840579998020566,19.68793405602616,541.3047977986018,2341.6432388626267,0.3599584361349635
2006,10,漯河市,0.5610887135226221,0.3147277541881856,0.5937575321342341,0.2944037743317807,7.742146708250906,21.051626581753897,25.052654515714856,2757.934055376347,0.2757647162973736
2006,11,漯河市,0.4143903303236132,0.2269321173145977,0.2022736165965834,0.1162152354939266,9.902487666075366,22.832002182936154,27.743412088667736,2534.964781263034,0.2130934357654418
2007,1,漯河市,0.5490620427222282,0.3659405949047341,1.792506776727246,0.5941758099259746,25.44659789686269,24.920118932731707,2240.3997604898027,1930.6773886454737,0.3985086438278553
2007,2,漯河市,0.7040256402925129,0.505814150426764,2.077812069874428,0.5566350986748916,30.060183190979256,26.581958958299182,1602.17769792876,2680.88578127596,0.3804338185656347
2007,3,漯河市,0.7315257852073846,0.5355664899943373,2.2848166914549606,0.607007334377283,29.40223053822854,24.409388884553675,846.8166493873279,1766.3601115210358,0.396402010504171
2007,4,漯河市,0.759025930122265,0.565318829561923,3.147097807723462,0.7141429808756503,32.479821460783974,28.309883868837808,301.29077558235304,2998.7605508238216,0.361525272503125
2007,5,漯河市,0.7657240211618058,0.5740777339242404,2.914373435228719,0.7013707115528659,30.422927491825952,27.24681611289417,1215.1056506403609,2489.6801060252656,0.3906612092911592
2007,6,漯河市,0.7724221122013322,0.5828366382865422,3.009975467264303,0.6888010097007673,32.228950865393685,25.532274022360205,468.8524115497815,2788.681288990144,0.3682998357433411
2007,7,漯河市,0.6810369809016595,0.4928404621111692,1.974776387298972,0.5441536916845215,32.64919202178036,27.20749272716777,400.120018917189,2273.700874827337,0.3543124015776933
2007,8,漯河市,0.5896400417556825,0.4028336195791796,0.8491529266267687,0.3351523719598397,23.74333449554282,23.85412514850365,396.2726535924294,2032.2129364468517,0.3683628807835791
2007,9,漯河市,0.4842568491065422,0.3142387066734142,1.2383856157908004,0.4600528925149899,14.420536835426352,22.032402278642987,131.49477552722956,2756.1918698306727,0.3402464437638684
2007,10,漯河市,0.3788896313306924,0.2256571180709994,0.7301597619618021,0.3270746147162038,8.711566304890312,23.155349122774712,116.05249059717902,2735.0856258145373,0.2964096627349009
2007,11,漯河市,0.3339581530756732,0.2032220229385828,0.3861079457917942,0.2182992827056965,12.98430234802521,22.877721675162253,69.59621226775342,2862.745294350972,0.2462546252681476
2008,1,漯河市,0.4642017479645183,0.3248362257762953,0.6472912655669882,0.2569291221348285,17.61237871377614,26.31166381639309,810.6492686435895,2156.4758384230404,0.2975536332322596
2008,2,漯河市,0.5673611330904258,0.3967880838050913,1.850524187406818,0.4928794168926164,25.107885859345814,27.366360421075385,424.1068601383295,2738.6317064001382,0.351276790520782
2008,3,漯河市,0.6575644648735376,0.4899896448059591,1.5107726890516724,0.4282751228479144,28.640465449920335,24.40580208114018,2219.501862985635,2132.1068048214584,0.3846318896228793
2008,4,漯河市,0.7477626010116357,0.5831877901756474,3.814288164626399,0.7677141416016363,36.012048229873976,26.67112984641807,496.19639199593945,2271.8376863752005,0.3912183470536038
2008,5,漯河市,0.7703279187127235,0.5834343905837216,2.4063940756453293,0.5911424058540012,31.051377156637884,27.66790688291675,165.7920706901725,3310.9191721999955,0.3365338876489738
2008,6,漯河市,0.7928889761371006,0.5836784888415852,4.2932166924377215,0.836611125694827,31.481602466153053,25.291691106280844,1374.3697393218838,2258.99100850209,0.3483866143140093
2008,7,漯河市,0.7781337007432438,0.580200455243061,2.98689592898012,0.7451988176347791,30.74551183944436,26.049921707522724,327.9581792177482,2899.747231630724,0.3727980227954832
2008,8,漯河市,0.7633784253493753,0.5767224216445339,2.4688834771384744,0.6998523333209482,24.185469859531025,23.49567667850082,259.45703087929377,2869.6584460888603,0.3483980555575469
2008,9,漯河市,0.7149439470686435,0.5007126529818804,2.2037681815278383,0.6648980841268922,24.602599643510363,22.76699487761376,400.1862654960624,2154.6835460665893,0.3531114581008938
2008,10,漯河市,0.666509468787911,0.4247028843192232,1.2306514168659228,0.5368172227841483,17.776660710563423,23.016078349387826,150.95942072848132,2685.3798599849297,0.346166541423196
2008,11,漯河市,0.4927163383096881,0.306109042942336,0.476330437226815,0.1177211534614299,15.762444936896449,20.62317445305326,214.3741472755247,1212.6072707669362,0.3697133272240019
2009,1,漯河市,0.4899244818774144,0.36048570558874,1.176404670642688,0.4311669140236641,21.585764845455103,29.002443454552008,659.7530578721086,3230.3564578899022,0.2526190145914372
2009,2,漯河市,0.5808965367474173,0.4301876014559185,2.5735353354919086,0.6442350264506477,33.54828955190753,26.258601772010373,963.1393571773718,2636.354991660888,0.3748829116217934
2009,3,漯河市,0.6744741178902222,0.5162541618673054,3.37597859838613,0.7567550592077852,36.19835981088308,28.74106070988818,806.0171750789434,2728.0790539912728,0.3237814819133774
2009,4,漯河市,0.7680516990330218,0.602320722278688,2.394577003767026,0.6002236276162087,35.26683206069385,25.70943273233652,117.43445347554685,2890.4930589917285,0.3042549209012659
2009,5,漯河市,0.7581248750654226,0.582209479846471,3.322572661186754,0.7644703922640878,36.41580923459789,25.369732239274537,271.2752309395334,1698.339863650777,0.3313932965209687
2009,6,漯河市,0.7481980510978301,0.5620982374142636,3.016318629718287,0.7365193477145422,32.66850354523576,27.86050891814769,352.3366852162617,3198.1160334730494,0.2733890567148404
2009,7,漯河市,0.7027606879948698,0.5145273923756379,1.6969440767332205,0.5003154687663345,24.78695667737483,26.007746067492157,365.8780594151439,2340.1081715068663,0.3429508993132845
2009,8,漯河市,0.6573045366963045,0.4669416319313266,1.4770933717920784,0.4898109956349413,20.72007978359392,22.78854628740035,819.4246309547891,2423.2965560332814,0.3463177354796671
2009,9,漯河市,0.5278430037056029,0.3578894834166891,1.108463232305841,0.3634861849165501,15.198155842269063,21.90738710871752,74.16709522791537,1860.5259402744496,0.3100113045648991
2009,10,漯河市,0.3984192297277321,0.2488674169321653,0.7758277802304512,0.3365143002634214,14.60635583153033,20.95071400350777,172.20926282594647,1520.71157660084,0.3256037145057882
2009,11,漯河市,0.3740920584099559,0.2354440342777732,0.5522727918783144,0.2957068484603403,12.255950763268237,19.974706059265724,306.8600614608505,1874.966583921264,0.3576108365900098
2010,1,漯河市,0.4168159814250924,0.2961828715549736,0.8834854295097005,0.3535174338417826,9.141317901509671,30.48132227235164,228.4169041476756,3015.978228169122,0.2183804917641932
2010,2,漯河市,0.5091568076671681,0.3790622088994957,1.239313757212667,0.4682559595544425,18.42956567529652,26.6783772745818,419.3410706121023,2343.244712286238,0.237724272955911
2010,3,漯河市,0.6418995913398228,0.5101630137732898,1.9287885625967416,0.5399346814376783,24.52461978734222,25.52444335270364,1789.6582435549772,1818.1775640177,0.3960302322282216
2010,4,漯河市,0.7746423750124879,0.6412638186470676,3.6585939589213488,0.7504131601518846,31.71721578279166,29.45495055277332,145.0241892661322,3313.5190549052363,0.3139667841245482
2010,5,漯河市,0.7569758759110811,0.6203670487998955,3.106664451625664,0.6953857014211534,30.712218516644395,29.55620279206257,126.32297906000468,2855.782924185334,0.2663800482239882
2010,6,漯河市,0.7393093768096846,0.5994702789527172,2.86862562985662,0.7009655564321418,29.61931216392733,28.649591340156704,177.21884001362605,2563.7432820441445,0.2264071214114515
2010,7,漯河市,0.7249940094413747,0.5869513026605587,2.3801546557274964,0.6171500308128818,24.86345177749572,25.0524876971029,1056.6111618640869,2019.355904925998,0.3221355084652165
2010,8,漯河市,0.7106786420730754,0.574432326368399,2.0476838314513186,0.5340262095458369,22.29640754487322,24.053805381433644,39.67129578986008,2564.142969057045,0.3157145982252322
2010,9,漯河市,0.7054568863743631,0.5282416620299334,2.029359837906045,0.6598161685485383,19.302447070636127,23.05869711744274,1502.3971858739412,1506.9159079004016,0.3616103394071299
2010,10,漯河市,0.7002351306756476,0.4820509976914645,1.5664796954367926,0.5475100720908982,25.17935202940345,25.7061479851876,46.82184130035903,2663.274791337126,0.3302080424962197
2010,11,漯河市,0.5115993003452233,0.3434311588122101,0.4301026633837487,0.2387196775667569,10.947540304155863,18.60041276746141,102.35954712872132,1834.3402001129584,0.2898761584551527
2011,1,漯河市,0.4048259562256279,0.2844252415336141,1.3330534263006526,0.459191207591103,15.211354018904602,28.02271090236577,308.5112598627142,2519.744225814201,0.2662055903585179
2011,2,漯河市,0.4715921881514484,0.3555610661078366,1.826813204476089,0.5658145891253532,18.55160890246498,29.274053203761834,17.482084932897724,3227.907998981452,0.1870759070738334
2011,3,漯河市,0.601267083106419,0.4451577695771352,2.6112044290527963,0.6686590695493562,26.68137898505628,30.58422730716908,68.13335480778233,3335.221862930509,0.1581376456081534
2011,4,漯河市,0.730941978061368,0.5347544730464331,2.0863423587925123,0.5505379505506097,22.410825146396217,28.913420132973865,671.1322323276619,2679.481257436889,0.2694736071560614
2011,5,漯河市,0.7406375378010892,0.5679926119244963,3.735737041921704,0.7585421490683636,27.609579848167435,24.999991462729124,980.0560817548396,1998.444641602726,0.3710650671324637
2011,6,漯河市,0.7503330975407871,0.6012307508025421,2.141794527239949,0.5545426472332414,26.07982692673471,28.755658467005027,272.2220728276572,2878.1174579924364,0.3174648843620556
2011,7,漯河市,0.7260227353462582,0.5662219007989095,2.504972278938566,0.6378357138445333,23.136813860740947,22.46800419691654,448.7732960243154,1822.2640609391565,0.3464100739569649
2011,8,漯河市,0.7016950824527396,0.5311895387972025,2.087530523348606,0.5884580242979368,19.920607892799254,25.90196225966743,12.8681288190979,3098.157057904341,0.2408403327044848
2011,9,漯河市,0.646088798122162,0.4430486279700015,0.1396220175907424,0.0681244924473447,17.180353693579722,20.60838254620435,825.1726818525512,1173.9445477792606,0.3390418725297476
2011,10,漯河市,0.5904953126805904,0.3549295111916949,1.2410201957705411,0.4636615437040621,13.8382354030137,18.72212014412588,606.7875644801118,861.0839493720108,0.3916225199213639
2011,11,漯河市,0.5174312609526681,0.3122978691874444,0.9119540540692952,0.4321156462035481,13.326905441316018,18.479838085256773,13.169871474096464,2850.954684970517,0.3335160050638375
2012,1,漯河市,0.4761134745040286,0.3320988189345059,0.4437243942532723,0.1868679736637658,20.84927030859876,26.35221358725091,1694.2161282530576,2106.9104642760108,0.3951454929915704
2012,2,漯河市,0.6268508008610921,0.4238700273816798,1.799181133745405,0.5434148967979106,22.94699046274802,27.75239836314031,184.9052677437041,2911.8945333569254,0.3390523218286815
2012,3,漯河市,0.6679783607225777,0.4954650495101534,2.2026105754147856,0.6035826909889421,27.660434361552124,28.57443419163824,195.8344853213393,3075.296487101906,0.2524668333236395
2012,4,漯河市,0.7091059205840582,0.5670600716386298,2.976538003016658,0.6903773831725264,33.18346284626791,30.624826770923864,109.95004109937736,3350.119980979749,0.2265813974711323
2012,5,漯河市,0.6749347302337524,0.535398749478079,2.6000201441819017,0.5929820390404026,31.24416975965226,27.54400785098135,451.20279495987126,2597.6189705263228,0.2774360946001605
2012,6,漯河市,0.6407507490164471,0.5037310393997605,2.009404227049455,0.5646476847526681,27.49643834020325,26.91561224397548,86.68363590356863,2378.2690667391275,0.2167797617897206
2012,7,漯河市,0.6877573696269145,0.520900993016922,2.456113469649332,0.63638843334415,25.10317886769974,24.080220725166104,659.2268356606247,2552.3350098120973,0.3090927670874108
2012,8,漯河市,0.7347481614792762,0.5380614070248444,2.7181656739632336,0.7272544787464871,26.004636197480245,25.44195877557893,837.1920259852735,2224.270173026274,0.3636527760407106
2012,9,漯河市,0.7103946735415841,0.5022915682552553,2.3551432237289425,0.6721077613707351,21.074553230824733,22.97229212144647,781.6845487679676,2659.320859427648,0.3385330114593057
2012,10,漯河市,0.6860411856039014,0.4665217294856804,2.0826823294114307,0.6634101520359035,20.971874256437044,20.203044756542766,443.0547988666367,2589.562657092667,0.3479649651141421
2012,11,漯河市,0.5311185208335252,0.3654767126633442,1.063518351560124,0.4794265365553673,10.169624065348586,22.567002540374254,22.13064158638128,2528.4344108369537,0.2643040377544479
2013,1,漯河市,0.5278607604579828,0.3556090762163678,1.4442703577311302,0.4725776796850636,19.742193559266177,31.142664369547795,474.755344846352,3319.9032504698807,0.2393897019838028
2013,2,漯河市,0.5505534255473636,0.4028457240712321,1.3117107446397092,0.4292316652851248,25.72641138244496,30.42445755561344,251.26618670909969,3230.8472385133173,0.2101869503439189
2013,3,漯河市,0.6706649859612248,0.5099811103912695,2.9198913968902,0.6830217632616515,35.871285960347805,27.27738779779035,2000.0811976779585,2054.187903132819,0.388244125052244
2013,4,漯河市,0.7907481168668175,0.6170848279719745,4.352953245845287,0.8170804754798529,38.894855653250296,30.40720378416047,318.8974350257068,3460.5762745114616,0.3112330952512586
2013,5,漯河市,0.7742836904826694,0.6183599383798817,4.190681736667107,0.8092999572199211,38.47152006627237,30.26316174366554,258.00147769079445,3364.5182283140025,0.2785507743139587
2013,6,漯河市,0.7578192640985333,0.6196350487877921,3.789359230773053,0.7972537391321635,37.84540818815419,32.42068881479596,25.41717636536968,3495.379681667465,0.1677093432078082
2013,7,漯河市,0.7292100449641976,0.5629256338479824,2.0856676866266417,0.5901988588706739,29.46596224615285,28.28765769678189,589.1366885835472,2284.5651677763904,0.2151604977676576
2013,8,漯河市,0.7006008258298448,0.5062162189081797,2.445638442468758,0.7040963334079289,25.69238284087688,25.01398808088714,55.5566268603845,2754.526143976269,0.2726895084180135
2013,9,漯河市,0.6287656427356834,0.4480433600645077,1.3817530912896483,0.5496783686582117,15.902887443857566,22.17141041964044,305.4024341360952,2228.007608516362,0.2397619772655866
2013,10,漯河市,0.5569304596415205,0.3898705012208293,1.2086986893647231,0.4815335504155656,14.160026108473636,25.270961509438663,26.28736658108944,2829.2546373739674,0.2354913341157473
2013,11,漯河市,0.4436450399984226,0.2976624522371311,0.462327598792413,0.2585518386303972,8.071259464080713,22.096397880015505,226.9687804979296,2136.9633284981305,0.2245081192668472
2014,1,漯河市,0.491844900567446,0.3542373907229068,1.2130999035604737,0.4501231804434548,13.623419629276729,28.14687374903744,46.38902803800141,3231.51825352904,0.1600749976625321
2014,2,漯河市,0.5382448106352841,0.4033270066457274,1.5351323567499164,0.5116774962115601,17.400200906628605,28.008307028158956,111.77797706964508,3029.198507480795,0.1642315007106455
2014,3,漯河市,0.5939593784813274,0.4446763395577488,2.0012584673997083,0.6039358055111081,22.387586981454124,30.208367431015635,235.2339601439859,3306.1107961480648,0.2093865617503209
2014,4,漯河市,0.6496739463273842,0.4860256724697651,2.71814663525484,0.6739607277945392,24.121856998769054,29.29891233206824,151.29583536652677,3353.4271230772315,0.1702107157485996
2014,5,漯河市,0.6965774936159801,0.5296374329564946,1.539295894166462,0.5418357464823158,22.10792269091183,26.760687614588,242.6829132612879,2218.844158775888,0.2024653360944392
2014,6,漯河市,0.7434810409045859,0.573249193443223,3.093054047471578,0.6887988531502968,23.26189847332361,26.26258589560729,61.26174191359634,2968.6412633742807,0.2133057440426009
2014,7,漯河市,0.7256551803975999,0.5325203697887863,1.7659623075686557,0.5724522891721758,21.38082882779852,26.84827747028403,124.84340504569028,2789.6150107183994,0.1681073278944705
2014,8,漯河市,0.7078293198905933,0.4917915461343334,2.195881567652489,0.6610605990683169,25.525111942341507,23.646002034543468,441.857004378319,1676.721188377478,0.258110471044414
2014,9,漯河市,0.646097922396387,0.4303181815314325,1.1479537599782126,0.4107505541404586,18.448893851041177,24.53301503667272,213.78201710372144,2444.295622576881,0.257622517608697
2014,10,漯河市,0.5843711554420359,0.3688448169285314,1.2759023470428257,0.5279772626934794,17.94654104394557,17.815262127602047,1921.5188745022824,415.38257577767286,0.4169071582183322
2014,11,漯河市,0.4614560257123073,0.2935087617733667,0.8756096948963594,0.371978762276897,14.467249780484488,21.651941360884692,7.891739374772685,2625.1705379336627,0.3336127518126049
2015,1,漯河市,0.5458002115310066,0.3831739752521083,1.2858638906065012,0.4542045820643541,23.349597818251763,25.109989457150142,47.48435997610744,3292.020916946898,0.3140639999147787
2015,2,漯河市,0.5902024492228822,0.4125572693055959,1.591487802241621,0.5326257905889665,26.706347452742776,26.35247737194436,691.1678251743091,2675.7406032645645,0.2681923344533086
2015,3,漯河市,0.6776621773878724,0.5002700702884638,2.4028480416275926,0.604664886269599,33.899493807243495,26.492012158005743,44.491909879943954,2963.045165529119,0.3061991381031323
2015,4,漯河市,0.7651285180970262,0.5879887095909145,4.360144473089171,0.8179720160816435,35.71893267947749,29.791656738166434,366.9414732153356,3425.710825120077,0.2473451506017331
2015,5,漯河市,0.7657363156479293,0.6117444225227185,3.4607174329294104,0.726225397952848,35.49157900379604,27.70726128291307,300.74733000509616,2723.4415260158485,0.2767014001314928
2015,6,漯河市,0.7663493379444482,0.635504982456855,3.2149282249466675,0.7047009194379823,33.58943432400109,27.12363419481384,259.18181631088294,3035.910140386713,0.2628290671993428
2015,7,漯河市,0.7625991569469268,0.6092828569262032,3.315407052850001,0.761704787366566,34.40991013905108,24.76869880357736,288.22899627695404,2545.029921803508,0.286371761482905
2015,8,漯河市,0.7588500879012385,0.5830639989122911,2.739811527315108,0.6748712035762611,27.811338515956656,24.699103969954905,182.01221839666184,3087.158395189353,0.2717260584527323
2015,9,漯河市,0.7324059833198625,0.551860368049067,2.681152889426701,0.7145140268781226,22.624770403704485,23.683971176886324,441.1854219163835,2451.324328539464,0.2786080050383599
2015,10,漯河市,0.7059618787385104,0.5206567371858245,1.5643956938476515,0.5586462232466235,14.878499165454455,21.315686423527964,34.101638450257695,2602.5344655621216,0.2318978629615347
2015,11,漯河市,0.4970074651715678,0.3563290870404447,0.4986453476416158,0.2711071087904977,9.480955799313584,22.866684778027004,197.11431965496595,2180.281894945012,0.211155478888987
2016,1,漯河市,0.4934138871579919,0.3874603646263562,1.3387475442697383,0.4388818171736738,24.62400845178272,26.591022297442464,116.65032684916368,2903.806805032667,0.2135773295407956
2016,2,漯河市,0.5623542252403348,0.4456209657383033,1.4846349902330869,0.4321964852614362,28.753121707707518,27.447279494603368,396.8374401495911,2291.2993959928285,0.2416417977063362
2016,3,漯河市,0.668318592362472,0.5647980798485959,3.747847178305544,0.7697402567435654,30.66035009113989,28.764673600855875,1009.0286811518092,2667.925033824233,0.3393985647699583
2016,4,漯河市,0.7742459038146765,0.6839345963471831,3.447520274031105,0.7300352189784786,32.77405616261037,30.879495431425767,291.2652167236548,3339.8548974400824,0.3034872274699566
2016,5,漯河市,0.7213761895712021,0.61577977471763,1.9803866559886456,0.5260614325601483,34.00244003421021,26.8572358002847,501.9670573588479,2215.677948580914,0.3336468556341261
2016,6,漯河市,0.6684792370865458,0.5475888023562464,2.4576975954725557,0.6138277191662445,36.20050364841276,29.543557528495523,77.06592976481858,2797.8286962312227,0.2589124601284619
2016,7,漯河市,0.6828743500671725,0.5285038479197444,3.244797203538284,0.7513228349040203,34.86722271393272,28.797326904913,333.40553120231186,2569.822528530164,0.2142864887728207
2016,8,漯河市,0.697259235483932,0.5094237098238198,2.5629123942167555,0.7000125822173688,26.45748475675073,25.24432587131253,19.404427953395395,3310.848656777763,0.2217915802945699
2016,9,漯河市,0.6292724093000855,0.4566739298832445,1.3101083170904324,0.5036730344858682,16.13452689072785,27.88580548831781,2.8023631909951074,3047.5035653116265,0.1486425055129618
2016,10,漯河市,0.5612855831162488,0.403924149942667,0.8501736558320754,0.3802128545147696,9.068389971004876,26.68941470514573,6.004251307687524,2925.577514583789,0.1402413378699263
2016,11,漯河市,0.4448084946658636,0.3062652769217834,0.5089953422720881,0.2899891698702082,7.319922315051086,23.857517159685703,363.45995518390055,2269.391388874501,0.1783275896855134
2017,1,漯河市,0.5176798401991753,0.3895732453148602,1.5055563198333548,0.5258864080467568,21.70535307942805,29.26790656125692,1276.1165237679086,3172.8755893742023,0.2384967650415105
2017,2,漯河市,0.5752429172982593,0.4453052353084437,2.023650287177291,0.5727097407647704,25.051801017948414,28.58350599498533,252.5846681179235,2911.1328938884985,0.3077016935838735
2017,3,漯河市,0.6558076804656725,0.5390445781179599,3.679110860732087,0.7776532870461839,35.67501982833213,31.0344355205088,122.17191122297416,3382.424911932369,0.2718307015157585
2017,4,漯河市,0.736386021984848,0.6327980783902564,4.155051364154176,0.8113817847113185,36.767459890617424,27.94532309921209,298.3545099517456,2325.7302243490017,0.2136457565059041
2017,5,漯河市,0.750961925147413,0.6439255345478033,3.947729190954932,0.7873444616485346,34.306898390852034,29.031471461017965,909.094456729682,2752.2059459525835,0.3129108197838179
2017,6,漯河市,0.7655451148517588,0.6550644902545404,3.1109972317542582,0.6902660584925355,34.76238237236655,28.03742105291507,58.33750662895996,3160.448254461326,0.2675933562712941
2017,7,漯河市,0.7527583631619594,0.625383355098743,2.8606911296814683,0.7149526050217525,34.30723591995475,27.31475104206828,601.1165380196246,2448.09729002413,0.3188958556883604
2017,8,漯河市,0.7399691651339815,0.5956992244709134,0.0593778799336285,0.0328047175989055,23.543306095405036,21.8029369325969,565.7232891365514,1424.8459972333872,0.3216164523377992
2017,9,漯河市,0.7098397911958046,0.5424028856694009,2.826587670357042,0.7213379833989584,25.73796239495381,21.792685765380774,1216.9993705521356,1505.96208039456,0.3922569120693867
2017,10,漯河市,0.6797110010952719,0.4891082172108228,1.7344234500034563,0.5911546845049019,17.11698062403465,23.134084754323908,30.51487851737849,3114.008070882259,0.325471887592124
2017,11,漯河市,0.5086071993953388,0.3515553964518814,0.5413033110156741,0.2778055967135007,14.352875415254552,23.70424050971581,443.43341731475925,2021.08782412264,0.29464422142791
2018,1,漯河市,0.537414547790101,0.3942626082143504,1.4008331145782011,0.4967400598640447,24.648285682751133,27.387742980514684,367.5904061951553,2688.634284584028,0.2587017265604697
2018,2,漯河市,0.6465710065489128,0.5061682563923394,2.148966698228272,0.593565120980905,34.8624677921204,28.42639328959605,467.3728275935981,2396.271828705249,0.3110488464325325
2018,3,漯河市,0.6783356032364753,0.5274828695467363,2.711829688312584,0.6752585263583553,35.2846299892817,32.56346853398543,11.652399677788395,3545.5273005976346,0.1795237131386687
2018,4,漯河市,0.7101001999240563,0.5487974827011344,3.0452624586852126,0.6877108453607754,34.531859023715285,28.8081062286451,1970.4923411459424,2332.165266789011,0.3546294489048061
2018,5,漯河市,0.7154155686122801,0.5684599263720287,2.643658776511196,0.6083660559306271,29.45455191829464,29.69721125973105,189.5982147372739,2984.565608869809,0.3350347870135896
2018,6,漯河市,0.7207358019267335,0.5881266323468184,1.4559639412125696,0.4544714415864288,32.47944844247534,28.539542318458405,195.64924265267112,2624.503603926469,0.2516491778828907
2018,7,漯河市,0.7244512275462671,0.5841256648641662,3.176895983376442,0.7581211576026077,33.188355101215826,25.564053299497548,2558.076944576346,2620.340723354684,0.3542497482280262
2018,8,漯河市,0.7281691511302063,0.5801302693539969,1.9748358108804267,0.6232624318379113,25.95864274012819,26.64958376805231,264.53295831197687,2282.1133068130284,0.3058381232361885
2018,9,漯河市,0.672502709621108,0.5154252442490905,1.8385106395671968,0.6117538142341326,14.68218590166977,23.67305726236961,19.58034311249749,2787.140450965509,0.2604737156076482
2018,10,漯河市,0.6168362681119853,0.4507202191441736,0.3648802158164771,0.1706216182165166,14.168113953601502,22.37649880155813,300.48875423123394,1483.1976419825444,0.2500329205346923
2018,11,漯河市,0.5042697768885003,0.3547338750480265,0.7248888472825895,0.3706656230764161,9.069548972120492,20.6492692379872,333.1762378392935,2061.7463682098955,0.3307135412557772
2019,1,漯河市,0.4520643476239934,0.3347838375646333,1.1060419121809846,0.4385394985643346,14.557071362343594,28.361407017729626,3.6338226315794966,3393.020262629024,0.2098971764877063
2019,2,漯河市,0.4715998688099989,0.3685784194267742,1.4058087625786366,0.4765696572821994,20.38816809196705,28.78101837213037,52.28782283568077,3137.2905185312047,0.1636088719090879
2019,3,漯河市,0.575651929353005,0.4445468353778787,2.500907269031573,0.6552085572063406,23.93743714594202,30.32544623237658,302.19351754448286,2987.184439578438,0.2261906360264923
2019,4,漯河市,0.679703989896006,0.5205152513289953,2.444856135798488,0.6221056381599643,26.3716176901013,31.03321040004815,645.3811259324506,2847.917423066764,0.2732860137460094
2019,5,漯河市,0.7093206053317092,0.5582418890898434,2.389424918703796,0.6013512183720471,31.8342391342494,28.220890199286103,337.4999218910196,2391.9801041936907,0.3065035448413623
2019,6,漯河市,0.7389372207674092,0.5959685268506849,3.666570291613213,0.7844050956356923,33.01641679751091,28.11977567609336,102.47049788831114,2846.173191682602,0.24273547405228
2019,7,漯河市,0.7297205033160459,0.5954748460839708,2.7179867276513763,0.7081087262910847,30.47214172835733,28.88891788324894,185.8258374633275,2964.741202224812,0.1905396606596498
2019,8,漯河市,0.7205037858647113,0.5949811653172505,2.1259359236036266,0.5946804023782671,28.865815648098888,26.64027416441033,151.02153194471026,2675.5397082370982,0.180851076552701
2019,9,漯河市,0.672555944127001,0.5237144831708512,1.849629139997765,0.6113160064124417,20.950246757453897,27.30967524505041,37.2141927188608,3035.5835167171253,0.1636589536145243
2019,10,漯河市,0.6246081023893171,0.4524478010244719,0.9349528313805268,0.4002732932017431,12.672444584198104,22.427287226662425,225.91305640159536,1388.142130130634,0.2254983549206086
2019,11,漯河市,0.4670873801333036,0.3355970484632967,0.7345080362652158,0.3862864244708532,5.620862072716766,23.17311293957397,1.7601597465614178,2527.161482436911,0.2025074872565307
2020,1,漯河市,0.54118774677546,0.3878427150180183,1.4415293627769614,0.5029319172277642,25.605654075266287,27.72456569844412,41.32702727106377,3283.7573428591686,0.2694298763788918
2020,2,漯河市,0.5872067558689134,0.4205036227470606,1.752366634286206,0.5206808917696,26.239331944882775,24.76270535501698,1009.0836980935,2258.619538470508,0.324066013191896
2020,3,漯河市,0.6715306616343366,0.5042228936040403,3.557069835737168,0.7695922873753802,30.623257966953307,23.846498085966083,1851.6957386964064,1960.86438543216,0.395345431473096
2020,4,漯河市,0.7558545673997705,0.587942164460998,2.4314878127699617,0.6138868742757473,37.64923402099576,26.276267578929453,364.8020460097957,2396.742799384735,0.3778380980722209
2020,5,漯河市,0.7527854693121065,0.6055890307037815,2.995155648898834,0.6937699257192275,34.501006138712086,28.394703224852524,765.5856957390508,2260.7814236135623,0.384789840241378
2020,6,漯河市,0.7497140684850104,0.6232323273247516,3.290299137590306,0.714508679369894,37.400730691591605,29.126511353726585,528.4348269987961,2883.0256055736336,0.3656997097841854
2020,7,漯河市,0.7222859612972893,0.570946290176179,2.8479086680695045,0.7014814979725876,32.30062644369569,25.07528439373805,955.8047366521208,1821.3629740771848,0.3888695403486285
2020,8,漯河市,0.6948568726116666,0.5186600993455577,2.405518198548703,0.6884543165752813,34.061792444387535,25.62044796300927,9.428941161574697,3381.9196643813825,0.3019192839322857
2020,9,漯河市,0.6553870961164876,0.4882290937383723,2.3749154312854754,0.6805576902695135,24.678259637446164,25.652807094791715,112.60890867691715,2958.829897626954,0.2356279982736154
2020,10,漯河市,0.615917319621311,0.4577980881311783,1.2330327293821337,0.5075608352535732,14.999168008442153,23.33270929235716,14.126265336323732,2752.44951809939,0.2425753699382591
2020,11,漯河市,0.5166041984770626,0.3612561295092781,0.6540262393761239,0.319274241803146,11.805355922073646,20.843064614924145,280.0658839485257,1917.0325067392869,0.2759374549494531
2021,1,漯河市,0.4302345468824236,0.3016324848152666,0.9528074110936432,0.3825407805624605,18.266960795702325,27.228477241922583,195.24810297256852,2707.582303500118,0.2277352616682193
2021,2,漯河市,0.5055557499200012,0.3509576896916073,1.079154456742226,0.4075834579769441,25.754482905169937,29.91312431398836,963.6620429941834,2757.062146196009,0.2481052572812264
2021,3,漯河市,0.6150733260302893,0.475114345169474,2.1030439736258004,0.584665153864351,25.55018009565355,26.143400848715185,2225.482062514786,1816.296768126633,0.4021230379418966
2021,4,漯河市,0.7245912630516824,0.5992715911628348,2.8456442067227186,0.6874059128086912,31.03632293404514,27.93566923273514,183.1847567676808,3107.7587923477204,0.3404948883535579
2021,5,漯河市,0.7296530366543801,0.6097250923866787,2.686902131914368,0.6642259299838849,28.706893732071297,27.617009777811447,68.89913667280696,3132.5501818763614,0.2806647634017302
2021,6,漯河市,0.7347209365924189,0.6201845552944627,2.364994246274267,0.6054418234976509,29.010062317114865,25.30927459677885,317.32054518375,2076.213152126149,0.3076306080010895
2021,7,漯河市,0.7162305866561911,0.5781345722482896,0.9973404064913264,0.3872598060753931,24.98390981723528,25.68913408706769,834.3924830884462,2369.9672228855325,0.3452104064388711
2021,8,漯河市,0.6977416548063236,0.5360887435819482,2.734274053170888,0.6784766839869045,26.387508106804518,21.45969990930884,1273.3980921190137,1070.1490407663898,0.4032250069589159
2021,9,漯河市,0.6793067467240252,0.5028867366260861,2.091582258801421,0.6413287676112517,26.394381922808424,23.55913985216424,470.06353367925936,2338.226558368335,0.3833719192236061
2021,10,漯河市,0.6608718386417425,0.4696847296702358,1.4897193343434836,0.5491664406002742,16.20184947453119,24.389543410909088,87.6651307021878,2721.2968396575006,0.2986379391370077
2021,11,漯河市,0.540993332788722,0.3655826170604452,0.6858888076258378,0.3419903793984726,17.15522961735164,22.905093071789207,866.7160402495102,1854.828565809147,0.3812768830201276
2022,1,漯河市,0.4824610460178624,0.3652650449225897,1.5468904788208528,0.5124549282705835,24.18106439891362,29.035436263222056,707.2959615921093,2830.643302942804,0.312152827505975
2022,2,漯河市,0.6271553356221984,0.4903758189692992,2.252072148457743,0.6147343021023614,29.090934346110853,29.722663797790844,272.54389607634363,2523.387319078917,0.3122630164080221
2022,3,漯河市,0.6831327620547496,0.5368946270645899,3.3712456983047394,0.7301953362709527,36.691957654754056,27.45262509514281,512.2446081628666,3044.747204793327,0.3011645545675192
2022,4,漯河市,0.7391164960460268,0.5834181611185573,3.2081922158530327,0.7011364582317159,40.58821737326949,27.355415411346453,751.9629227716324,2666.1602450921464,0.3474309992936146
2022,5,漯河市,0.7286096803378227,0.5765071941723879,2.879369129146616,0.7038793017830283,39.975643815419865,31.430580350551764,28.01322548047541,3318.278464516847,0.2272883300940348
2022,6,漯河市,0.7181068248147455,0.569600173941719,2.6573302536832637,0.6641560737165034,33.00001288841593,32.1383002064966,112.48397598371064,3151.499626393172,0.1720888681862061
2022,7,漯河市,0.7089885252546709,0.5459331058914452,2.6268786204253542,0.6903030172755589,24.53243837073548,30.23551588627448,102.18948558785212,2817.677680346253,0.1643049474741141
2022,8,漯河市,0.6998702256946019,0.5222660378411718,2.545377892918638,0.6977921450325124,24.060099482076915,21.43077986992052,607.9667728393252,1607.5734389484478,0.3359213458407572
2022,9,漯河市,0.6595242621016415,0.4809061580217636,2.174584175306298,0.6472372079181337,17.36288287983168,25.11391092648891,3.4660867930832757,2963.0465394409784,0.2174126289557793
2022,10,漯河市,0.6191765235416964,0.439545268373969,1.0421953315331258,0.4664823371673002,13.162969589304424,25.12574915649316,5.266353374136799,2891.477282686508,0.1608358483438288
2022,11,漯河市,0.4884524562384819,0.3371303637375883,0.5847393258647591,0.301472889756597,5.756380888927133,22.078506072352525,0.0876366435215307,2366.781832027784,0.1451314127792211
2023,1,漯河市,0.5094054902265536,0.355870016637014,1.3320064289418705,0.4849065910078225,22.09117170704041,28.24464886249472,805.0958491465143,2943.593728024764,0.3317838046924763
2023,2,漯河市,0.5926207341390518,0.422547413687205,2.3364151270171734,0.6399489130915347,27.563900301390657,29.825321493145463,532.6534049330401,3252.6619197119,0.3115692170027191
2023,3,漯河市,0.6701633779760563,0.5111509438055407,2.6888416498856778,0.6589928426739569,33.15688645875831,28.977867891571133,113.77337540143984,2861.677747465043,0.247927107798924
2023,4,漯河市,0.7477157594070482,0.5997632517849214,3.410990888442712,0.7288762231273431,37.768577050442055,28.450179690132096,544.5616271642479,2611.310718750704,0.3097654625482547
2023,5,漯河市,0.755011500678488,0.5973855166589495,3.514570525341981,0.766511808561505,32.628602930802714,29.872501122355377,142.09016944095458,3048.056962137606,0.2683561460179746
2023,6,漯河市,0.7623053024691893,0.5950049806891049,3.3153560343757027,0.7465645370101971,31.566704685593333,30.433634731399717,23.695650842577745,3279.4095692615733,0.1763519318706958
2023,7,漯河市,0.7434964245506216,0.5811706077824458,2.663477984234162,0.6729376174346002,25.303346390787524,28.585456516578244,256.3252117967196,2571.3093249223884,0.2395646172054026
2023,8,漯河市,0.7246875466320537,0.5673362348757783,3.1685727601529443,0.7533141767662351,33.82112707048141,23.787165549554118,1063.6731366447095,2639.631666230331,0.3331361469149677
2023,9,漯河市,0.6608663177961193,0.5080154826171773,2.051064246253134,0.6120968987786314,23.685939492703643,26.854892029624427,26.17927849982208,3039.5567536104827,0.2132905177833946
2023,10,漯河市,0.5970419496507712,0.4486916768763706,1.1053994303477066,0.4670598022501172,18.14559682051826,25.02617950523489,441.44021087216487,2244.4476740076416,0.2805169702387922
2023,11,漯河市,0.4832936260676627,0.3447752257248564,0.482182427324795,0.2411684160636976,14.241153001728552,19.59905002240301,1814.3631310210656,1171.091338260238,0.3965764492040979
2024,1,漯河市,0.4858061292521012,0.3390673223027508,1.0163627170500629,0.3826164379331104,23.458236522524057,27.144192334424407,1397.0968584580592,2656.7019571393703,0.3701744409389607
2024,2,漯河市,0.5907710136363759,0.4191749429977043,2.183421083939471,0.5978854864679132,28.049708383137816,26.153961850088518,2477.7842274607124,1763.189432507639,0.3882577385062747
2024,3,漯河市,0.6520886412221344,0.5050126733706414,2.549121376767084,0.6505703628549457,33.09871653661806,30.057398302830997,565.7719876108473,2635.7544714748738,0.3689975782003764
2024,4,漯河市,0.7134062688078748,0.5908504037435821,2.54727291997281,0.6321784677998152,37.459603528109824,28.796526059671628,356.0895773699787,2323.011130500995,0.3360543939710418
2024,5,漯河市,0.730263962525671,0.602110329117159,2.865319053658512,0.7023115439848426,32.69580500045854,29.32868690452126,1079.5371146526857,2647.8491539461884,0.3547151415731194
2024,6,漯河市,0.7471216562434766,0.6133702544907446,2.86109943540136,0.7003625075365192,36.21463137902033,28.294623979589858,62.49468299093524,3284.587244866076,0.3122341872024222
2024,7,漯河市,0.7318746428998164,0.5804063277616843,2.982147657554476,0.7255603477924667,36.45955343086253,28.882420213532576,178.2856367430439,2988.3051530369257,0.2861087802679934
2024,8,漯河市,0.7166276295561681,0.5474424010326366,2.7641639304737917,0.7135038566983601,33.46044338958574,27.90209753259783,93.6823920476654,2562.3401973070795,0.2440022449499693
2024,9,漯河市,0.6502273396016184,0.5006131487150245,1.420532764476609,0.5046444771251352,22.180803042193144,27.86077939145452,15.737357424156627,2721.980083470241,0.1761179023738792
2024,10,漯河市,0.5838270496470683,0.4537838963974151,0.4589408406792267,0.2042340657416279,19.39899867799416,24.28667723037028,105.15591351039176,1398.629465566824,0.2036057256135105
2024,11,漯河市,0.4780247637044475,0.3504068281731741,0.7835048279356666,0.3999476058254039,10.810828173287922,21.784071093177367,52.49641304453057,2735.737283194057,0.2184563705994672
2002,1,濮阳市,0.5259467700877989,0.3860756563234555,1.2197057627646024,0.4695069211945505,11.336691574617705,27.70913155273456,199.70905799825508,3331.7889762977343,0.233503798067025
2002,2,濮阳市,0.5259467700877989,0.3860756563234555,1.4569441706181003,0.5119436129774237,7.559359872155235,32.56474674637801,27.283841987044465,3854.880488570249,0.1480623921047228
2002,3,濮阳市,0.4908297292739863,0.3703258482096207,1.0925947549880004,0.3465997050903501,19.530066412061576,26.8862880527094,299.7712703103272,2958.027691492545,0.2503402981348366
2002,4,濮阳市,0.4563822696729989,0.3545736247971405,1.0911952393532705,0.369559587260562,28.91021756214696,27.588405513960605,662.7944859024975,2629.040606399408,0.3080520241709949
2002,5,濮阳市,0.5847221552217922,0.4348876380999986,2.5564060067147683,0.650038353288057,30.574759003231275,26.970168245672987,374.8535564084871,3162.680511511104,0.2793197448376293
2002,6,濮阳市,0.7130585086540361,0.5151996425105793,1.909034988043101,0.5788644007764489,25.479844793052305,25.377873855271435,50.00547829135931,3369.8145281048182,0.1861185245413964
2002,7,濮阳市,0.6946201169197714,0.5011490289912054,2.481946250343689,0.6956281954513771,22.353828381148663,27.554341629678387,243.84994284918935,2716.052154448234,0.1841017219533973
2002,8,濮阳市,0.6761817251855016,0.4870984154718303,2.1383792909511614,0.6554609184779291,14.737269352341102,28.995269541711178,77.33843155333327,3356.8025650637346,0.1817137222589617
2002,9,濮阳市,0.6623623273664112,0.4550972976049853,1.6758268191453751,0.6025953842383589,16.427948428697015,24.19976157058053,13.640380190236788,3037.1761694044267,0.1414298592834353
2002,10,濮阳市,0.6489641914179599,0.4231626832082536,1.3924970002687969,0.5731216568856256,13.410989935143135,19.022848396155595,371.269935509722,2070.6545521902945,0.2605489972149189
2002,11,濮阳市,0.5373408593249256,0.3455986149865583,0.8428605129339758,0.418211690972784,9.851671007427012,20.876010352101417,96.05098626710064,2572.05830123132,0.221940827566575
2003,1,濮阳市,0.3556416765076098,0.2392792577941267,0.8466222209763775,0.3442787334019543,10.226481716850609,25.907375222488884,264.6055314753052,3004.7079836470093,0.2348101493719271
2003,2,濮阳市,0.3913974631546548,0.2671890058571253,1.1804526010992469,0.4191552820102885,21.424785894920237,23.02943557959965,996.2096780959416,2025.7717347980647,0.3410596043074602
2003,3,濮阳市,0.559078609384666,0.4072305597088623,2.028434840700168,0.5819519466079058,27.22463278750578,25.89364096861118,539.8521851420645,2318.2947447226443,0.3754174126818914
2003,4,濮阳市,0.7267597556146719,0.5472721135605944,2.500753287261459,0.6160893658325477,29.443150166139286,29.45733792316912,379.2970413764762,2884.2458772796717,0.3505321502017189
2003,5,濮阳市,0.7369132025078479,0.5588098531503412,3.026468710313098,0.7182292119622851,28.71973703228908,26.99312864000372,479.9124643104836,2476.6405472133165,0.3511188417618014
2003,6,濮阳市,0.7470666494010451,0.5703475927400817,1.6434833640746875,0.4948397163894053,27.59500912082825,23.137762348063227,167.45920235251714,1972.756691137876,0.3288076503701652
2003,7,濮阳市,0.6521524631413711,0.5036556606708587,1.9363968325602392,0.546342724144888,28.425419253880783,25.660668014819684,943.6370590364488,2317.284186340029,0.3419997868166414
2003,8,濮阳市,0.5572382768817067,0.4369637286016296,0.2604864688839264,0.1212727945792637,20.6830558893106,20.354414555742533,1295.0495566362754,1701.7745931659265,0.4058963751380814
2003,9,濮阳市,0.6384185145248117,0.4462803223099372,1.909655005272064,0.6609963825471624,19.603264260035864,21.051045767688347,438.95805856013095,2035.8503896315735,0.3940368524640871
2003,10,濮阳市,0.7195987219687686,0.4555969160182457,1.48860475453198,0.5365126791141284,19.72406580708743,23.695922412172365,139.495488326568,2662.8187996423803,0.3269263072284158
2003,11,濮阳市,0.6257961797707571,0.3915006721526142,1.240818953770606,0.5343636705109718,14.114507205601374,21.001013191225866,101.32497526032208,2500.8135958185057,0.3245947098957989
2004,1,濮阳市,0.4677460312816822,0.2985580793969173,1.2375782588792736,0.46428790501697,13.986012690236326,27.782417392463728,175.82230614617615,3800.7802785753897,0.2699764204632113
2004,2,濮阳市,0.5169262434970218,0.3467033890311874,1.1218034161129031,0.3858048497270377,21.23151289038833,25.050845146744216,1016.313422793596,2617.314114351796,0.3284261863590333
2004,3,濮阳市,0.6076146761259114,0.4499891974054315,2.824476546536206,0.6994730457918854,29.99898770945676,27.329402780487,1299.1552441500005,2522.507952694725,0.3733451960194116
2004,4,濮阳市,0.698310596879994,0.5532834088093883,2.3862812871729244,0.5966650480866006,29.637144619595148,26.241070958914637,772.3513510055668,2061.509291729532,0.3867350021286579
2004,5,濮阳市,0.7256757802655243,0.5537763699811504,2.3262035719681577,0.5814068893918481,32.558326677703825,26.57917775261632,653.6775716553018,2532.520762056809,0.3784162283008521
2004,6,濮阳市,0.7530354982920091,0.5542637186732267,3.0400712124439986,0.7230440711874975,26.550754003357547,22.784236398419647,791.8745805203496,1771.109828068082,0.3970669996173601
2004,7,濮阳市,0.717390645556089,0.5033950669088623,1.9916592339968355,0.5479973309426561,25.03016072342572,23.37940367183613,36.5752584578154,2719.0109052440184,0.343039793165021
2004,8,濮阳市,0.6817462234148317,0.4525267498203628,2.3441669919571217,0.6885288910192369,23.07915733583439,24.40905224175816,412.4960852095399,2638.4958709088205,0.3539196783877695
2004,9,濮阳市,0.6433387656971092,0.4275171650072821,2.0562788006438604,0.6430118966396335,20.53014785401285,22.76511149921888,53.61855828190338,2719.772669261812,0.2934569887712364
2004,10,濮阳市,0.6049656844042188,0.4025075801941918,1.1811399313500883,0.5222149955779379,12.583037296208689,21.06739583499176,138.30908217107128,2733.3737577130223,0.256571122165338
2004,11,濮阳市,0.5234065403368724,0.3447792192808175,0.8431550772372983,0.4080430930308195,9.42840875144416,19.109655512191203,154.41255671394612,2420.3506724920435,0.2956627668110861
2005,1,濮阳市,0.4511772479279672,0.3122249944020669,1.16383184583442,0.4439075138173082,11.516994201857,26.190041116289358,231.7913146736056,2778.9672634722565,0.3283061901506847
2005,2,濮阳市,0.6015690022380912,0.4229806141456954,1.6311164880946556,0.5672499070344905,20.26533832386105,27.415881201741488,713.2830195984203,3042.1909363809546,0.2740245575875927
2005,3,濮阳市,0.6559475510765619,0.4776331346807191,2.544135620858777,0.654710594634926,26.947341186417617,27.035433150265582,989.0916707724252,2163.8457643066245,0.3827843130425625
2005,4,濮阳市,0.7103267256079508,0.5322864938506129,2.9938062776530305,0.6600113224424263,27.07168280726681,26.8642007378487,556.4697843058717,2699.487676423425,0.3592428335874644
2005,5,濮阳市,0.7312577200201665,0.5373823374629625,3.016559607778568,0.7158885557604094,30.54192157398067,25.92684844995695,392.8287132433748,2408.317435688285,0.3782168640559585
2005,6,濮阳市,0.752218972659047,0.5424791266592182,3.1508572379884354,0.7427762162484252,22.653825410112468,27.931281495985058,394.936594533116,2730.256469667082,0.3096228598246881
2005,7,濮阳市,0.7545849559041373,0.5207545084777919,2.707216083942308,0.703862325113863,29.836691579696435,22.170630261203108,44.64963909971474,2522.895686402319,0.2928629078096951
2005,8,濮阳市,0.7569987668412032,0.4990298902963767,2.596330719126045,0.6997846618132495,25.12870334621982,24.10722903338252,468.4797937703568,2740.2437229540205,0.2886989978832796
2005,9,濮阳市,0.714702620249286,0.4677114120480138,2.1165871495408526,0.6676905092092622,21.23911899270361,22.799256739550543,12.824700605071978,3343.1645582620768,0.2506261579139178
2005,10,濮阳市,0.6724200634687473,0.4363929337996629,0.9067410990030612,0.3926154095322197,15.569809794750666,23.92880766319061,287.95252923970395,2427.7994825235364,0.2486642473448408
2005,11,濮阳市,0.5943059195371483,0.3695980428347927,1.1037791736739444,0.4891655760169575,12.221400381046376,18.528501103377018,743.911656615561,1881.5564068593687,0.3723040060261208
2006,1,濮阳市,0.4345374931362703,0.3001856990159324,0.9395154559412678,0.3581167254728694,13.302391074945032,27.253811552113365,984.3469857259212,2717.8044623549044,0.3138447106712066
2006,2,濮阳市,0.5522070852790558,0.3832730543267542,1.3573824365933005,0.4564341563967579,16.778497984113734,29.387999745302626,155.80358330998232,3105.504002937541,0.2313836242384414
2006,3,濮阳市,0.5941075326729354,0.4388398302921343,1.2188388650987143,0.3806242884113994,18.54818357938104,27.11895449299669,302.3801334471642,2391.023866966866,0.2723845689518317
2006,4,濮阳市,0.6360125492518941,0.4944093307613416,2.728479076132681,0.616039294979681,22.033931380127893,27.073651804261665,776.1217390363009,2912.5890149426486,0.2753192107575554
2006,5,濮阳市,0.7046556558383489,0.5229495241582953,2.3857892479763976,0.5921330122379531,27.795690600422716,26.695545248709948,1030.4576538309643,2636.4420441803995,0.3806913076619196
2006,6,濮阳市,0.7732987624247768,0.55148971755526,3.651069862628398,0.7963393051675283,28.40128764214383,27.692633795192748,122.74047141991451,2836.1641165154715,0.2963006561299007
2006,7,濮阳市,0.752825881692344,0.5325459345801828,3.355389323100446,0.6937726150473683,23.70943517396275,25.48534040961465,437.9894589705926,2957.1525703628004,0.2183684481590476
2006,8,濮阳市,0.7323648976128445,0.5136021516050989,2.554782556186349,0.6874907362065672,23.71579988073279,24.770147444800195,487.13867056478455,1809.8183877286435,0.3690408731069035
2006,9,濮阳市,0.7070584789372175,0.4644055523377608,1.7107892048075333,0.6140772874771876,22.185001390038845,19.48755528533624,146.5192639665789,2717.6354809621225,0.3220799975931047
2006,10,濮阳市,0.6817627560644537,0.4152089530704292,1.008971006645093,0.4255670291737352,12.59537727034148,21.481111980452145,5.504957434913738,3004.703612867728,0.2273012754667159
2006,11,濮阳市,0.5020835762358212,0.3041015910965626,0.6119537139936827,0.300267647220454,7.212477672787434,22.71285551978533,33.43998968738725,2341.1926326140347,0.1784176313619317
2007,1,濮阳市,0.4671548263238332,0.2842013871244642,1.335917205693831,0.5113350903585934,13.429106650460035,26.02243637797719,69.49420895986088,2790.796344317552,0.2433650161814756
2007,2,濮阳市,0.5497491783074498,0.3541165011100042,1.807709408048632,0.541849555040312,20.78645802067633,27.06077714561281,418.7915741020909,3014.6876420447998,0.2705357201524142
2007,3,濮阳市,0.6673743667300047,0.4793402332337373,1.5678371585554904,0.4539542845342967,24.67282387827607,25.47924855870085,488.3090984566408,2563.054623714013,0.3081462684572886
2007,4,濮阳市,0.7849995551525404,0.6045639653574582,3.4172762573349846,0.7451254772830864,29.31908970183858,28.279370598214037,427.2040667069157,3140.1911539136368,0.2974361604731098
2007,5,濮阳市,0.7625460693546195,0.580602179924467,2.8679385750138278,0.6647074686982531,29.993329093639296,26.844868001255183,467.330561881516,2394.185069465909,0.318955297372457
2007,6,濮阳市,0.7400881060142386,0.5566405385673694,2.7168415718398684,0.649337410611168,32.00513058898968,25.41662876835891,375.6903469442607,2822.501334224576,0.3159338509126956
2007,7,濮阳市,0.7513182946827843,0.5507664751649646,2.907181990663683,0.682973894797278,30.573968204728683,27.5697439757046,142.2979979530287,2787.782567649602,0.2483986502366778
2007,8,濮阳市,0.7625474768995775,0.5448940269820075,2.8200156748840275,0.7220650806308941,24.399145428325564,23.0357594116749,814.0146560420426,1881.7337394397337,0.3179598013331202
2007,9,濮阳市,0.6592409144618725,0.4428087961978509,2.1671135003999717,0.6721310935070045,21.318609805802023,22.397036077412483,102.0492312015023,2932.085549661078,0.293175629293837
2007,10,濮阳市,0.5559390911443818,0.3407235654136937,1.3869840312627226,0.5522645351993509,14.651666111564907,23.47450481335565,25.027144242578355,2712.18172636383,0.2076411120806713
2007,11,濮阳市,0.5110907163232131,0.3337014558467934,0.8542614770124116,0.418364980712647,8.591375152118518,22.991788536568414,22.53344109862395,2767.3957833977643,0.1623012096304557
2008,1,濮阳市,0.4578604546443545,0.2924299285953173,0.8117490984554951,0.3232637572448763,14.163618769190446,26.70034556370021,720.4354626114198,2586.298323434873,0.2968276700812308
2008,2,濮阳市,0.5407460330042957,0.3605349441738651,1.563536082959035,0.4503183112648671,22.96817941180364,26.52221404839154,821.9153175663561,2477.008046960993,0.3655606111044965
2008,3,濮阳市,0.6505143725746891,0.4739534075457213,2.707015770058785,0.6446085738121169,27.490973457825863,23.896745133573173,853.1154197738098,2100.889277280743,0.3746651440909005
2008,4,濮阳市,0.7602966945436709,0.587361015646859,3.1128278335639776,0.7041116164074838,36.8535488193105,27.007562321395284,318.31552469541015,2772.378371109797,0.3365022877495977
2008,5,濮阳市,0.7734010376340843,0.5891360542219116,3.015936776952444,0.6817247151334874,34.559585010699124,27.291213730097823,126.644525410183,3151.6534918447446,0.3070341059926609
2008,6,濮阳市,0.7865259214662194,0.5909110927969733,3.804882840095536,0.7909266327674355,29.78865475936116,25.09512056547531,628.3057924015144,2408.8139635666903,0.3470788682193208
2008,7,濮阳市,0.7674401084225633,0.569971699590895,3.6537624089023697,0.774873175847112,26.35526258934815,25.33430910557681,885.7185963237265,2601.643048517981,0.3507181393162107
2008,8,濮阳市,0.7483542953789062,0.5490323063848339,2.637337985824196,0.7099430866215231,26.695950060787112,23.36572902296124,143.34916896703976,2745.470981396093,0.3151228804966537
2008,9,濮阳市,0.7138473539175075,0.4981711963851485,2.334397198023128,0.6806099045316837,22.323104303492173,23.488722565427825,144.58571393303183,2758.042228488124,0.2422861588046453
2008,10,濮阳市,0.6793472933423761,0.4473100863854728,1.5606058893154846,0.5832206919437527,17.720810754724983,23.31025383804233,40.84899156723622,3070.165391892376,0.2481582768848745
2008,11,濮阳市,0.5339880130973705,0.3419279672942838,0.4566482807754543,0.2188729141926945,10.43931894600055,20.19473517658932,273.07124313424504,1511.341123133698,0.3000947866892023
2009,1,濮阳市,0.4342257016055446,0.2863038995462827,1.2326507719768944,0.4798197561027981,11.673186923701705,29.27935516110642,745.4670220163213,3248.954360359286,0.2169578724823516
2009,2,濮阳市,0.5060031056232073,0.3398337233688142,1.6721098239327084,0.5765572532955411,23.556456372132207,25.91501736073397,896.94282469121,2896.0055237229094,0.3527778662906148
2009,3,濮阳市,0.5492536831573661,0.3998125182716273,1.7985822467720418,0.4824320620445836,27.2506174931178,27.065236083456853,736.1796114233193,2776.7616197142265,0.3569065086586372
2009,4,濮阳市,0.5925063784342349,0.4597944953718851,2.2273526012923424,0.5483927637130199,27.615271437449792,25.774021777361487,54.57485354755013,3275.0792988861044,0.264132228797236
2009,5,濮阳市,0.6744970555902594,0.5180886939177504,2.778911405113387,0.6961583101312957,28.936170947447973,26.21418158936159,160.16579431871014,2599.7664031358354,0.2138205367744202
2009,6,濮阳市,0.756484996012304,0.5763821018854741,3.2334800974581555,0.7496479905788227,31.0763413010948,28.007854874103792,1463.7258108309377,3083.683506525625,0.1970991680284771
2009,7,濮阳市,0.7578823576714351,0.5410370499781051,2.5664654487754834,0.6566247202020022,26.690473023546573,24.758972766404508,238.5510647681429,1872.6501778842423,0.347709597276212
2009,8,濮阳市,0.7593508419346371,0.5056920156828825,3.207548271217304,0.7717420761440345,26.700007988786904,22.02747021361192,315.47828347470096,2726.5011089250875,0.3200902390842822
2009,9,濮阳市,0.6966748130966534,0.4473229582250514,1.9912363513883755,0.6664579333226203,17.387603596487555,20.74241698479104,220.7018235034311,1517.9326851783744,0.3110712118934813
2009,10,濮阳市,0.6340632032977399,0.3889539007672222,1.230256385722533,0.4666981886022394,11.712814222661304,20.32520349584034,100.6535653829704,2225.0598439644264,0.2884439374670568
2009,11,濮阳市,0.6050132279519373,0.3771211552645231,1.2831774885020517,0.5413933942838008,11.140668827549112,19.794212055302363,169.90779885095594,2128.462209527012,0.299597677096568
2010,1,濮阳市,0.4515128859969328,0.2935772723771299,1.203282390976358,0.4368129310478497,7.97294277052349,29.68214353098621,176.82783315015155,3148.561269021938,0.2395430445550764
2010,2,濮阳市,0.5560165452923223,0.3397475897436436,1.2414654513147323,0.4421121032510706,14.749854642673556,27.747433351307937,69.03969343666192,3086.7876110980906,0.183291484269785
2010,3,濮阳市,0.603876879811217,0.4173476259711766,1.854397017221599,0.5168599318296973,24.11905872687877,26.654809909343733,471.3182362616205,2502.638712270148,0.270171741052658
2010,4,濮阳市,0.651738740982436,0.4949549155353774,2.6588682697263164,0.6119862709672883,28.346395538508823,30.012875017826083,77.16410352101782,3097.2726472169475,0.1897393411612211
2010,5,濮阳市,0.7146277960686219,0.5446201071382445,3.211795558356227,0.7048481175665585,30.386864737798508,28.57723757206789,633.1638769191012,2904.1232567971024,0.2593286882915584
2010,6,濮阳市,0.7775006385254111,0.5942731218128176,2.797084783427801,0.7023635844778527,32.41499498377353,27.002372291625395,561.5808916571233,2405.071601957617,0.3470333530705005
2010,7,濮阳市,0.7803571579318629,0.5900169204481291,2.510888874194644,0.635912509424815,23.86317724777185,23.58946475960992,1600.062585370617,1510.8998484904164,0.3996655604648806
2010,8,濮阳市,0.7832136773383116,0.5857607190834487,2.7403578133537283,0.6678081439716629,22.48340345995215,23.689816729368754,289.3676603239699,2511.231078261996,0.3535616747226198
2010,9,濮阳市,0.7441199113748936,0.514380295069381,2.1369634777846733,0.6345702459175163,19.075100509911334,22.877403899228906,2518.978529560413,1935.729889454612,0.3779516640427666
2010,10,濮阳市,0.7050261791951007,0.4429998710553328,1.4498187515368457,0.5134985884783456,20.43837183034833,24.055494050980226,49.81444382224201,2635.1241092281007,0.3361307254151436
2010,11,濮阳市,0.5820291042931178,0.3680238303537379,1.176120286450483,0.5133384150753898,10.535257879366624,17.70409023357937,33.38975593356548,1851.3983980661612,0.3027411205876026
2011,1,濮阳市,0.3875991453582955,0.257119280827549,0.8972293484776249,0.3771566073464967,11.103313030742513,26.477946186699132,1415.683499018127,2718.015297016615,0.3402984046146892
2011,2,濮阳市,0.4507068414955054,0.3033423994994677,1.533248945739104,0.5465220787626395,15.0676924563811,27.764662135563444,15.500426437255388,3460.931806919757,0.2362528996738325
2011,3,濮阳市,0.5739015922056776,0.4071632837821374,2.535439564597532,0.6200652764653698,19.974053054484298,28.599263045316707,183.28937870158995,3083.9765370302844,0.1736921864225351
2011,4,濮阳市,0.6970963429158191,0.5109841680648047,2.254312360456511,0.5824709277729372,20.59184679527784,28.01686073394781,361.5878939520548,2661.364007516206,0.2608235201441949
2011,5,濮阳市,0.6543461945176227,0.4876587239268651,2.217071347232595,0.5485022329497998,24.637782254816813,24.969754143003072,713.893246881296,2256.198430396137,0.3426892335183798
2011,6,濮阳市,0.6115703095923732,0.4643133322865136,2.11385063192696,0.5115037634652639,24.88184400605767,27.37747493742843,420.1150257341424,2587.133384247042,0.3263719068620468
2011,7,濮阳市,0.6793973378798074,0.4885618940922931,2.046832123435924,0.5550327057792956,25.0934709923736,22.56248454602519,392.9775845048269,2002.676194091564,0.3423317925320067
2011,8,濮阳市,0.7472027674128486,0.5128031189135678,2.6877907921027786,0.704412733242889,22.449483202165236,24.929498458480506,43.73681553960665,2932.1180168489204,0.2427987695014379
2011,9,濮阳市,0.688716429144248,0.4484432014145978,0.0168389969415089,0.017881626592198,15.18676344322881,20.541653651571387,123.04218166497463,1504.3790810254104,0.2188195106290183
2011,10,濮阳市,0.6302359200583879,0.384084766979467,1.7550082737017392,0.6399410155297403,15.948562780135532,18.420508132047548,1495.858759840363,949.7982203812284,0.3969565267040174
2011,11,濮阳市,0.6086981380194375,0.3698025714325245,1.202974845528949,0.5283867342864286,14.06617695859016,18.35649692138405,8.84032037856468,3157.21373569107,0.3274028315159041
2012,1,濮阳市,0.463628926177524,0.3114805928327743,0.9583174395573304,0.3941612144338131,16.698009893094394,27.586841077261276,1811.9983640631024,2848.289800878856,0.2895797566314383
2012,2,濮阳市,0.5534685271187136,0.3728551925532485,1.979945594988844,0.6002852895907415,21.955357347637825,27.15149662305661,495.3829278513429,2997.0274720505317,0.3311949736363867
2012,3,濮阳市,0.6299754363742526,0.463711612003116,2.366338064950292,0.6102316946315192,23.778772289503088,28.105453287468297,119.39305359108036,2978.585252006975,0.2549566977477495
2012,4,濮阳市,0.7064910092634401,0.5545780574771964,3.134247965652764,0.6813555031570634,28.20914035572568,28.749687562664636,561.0656436122872,2810.774873359612,0.2766613876968423
2012,5,濮阳市,0.7264538431335698,0.5519863775388865,2.88319958590371,0.646697620296256,29.064043337925437,26.61247999579247,659.002268651215,2531.9920641906647,0.3510118628314379
2012,6,濮阳市,0.7464136095153736,0.5493930317174552,2.969928681919295,0.726308185972444,22.973769150361434,24.910125961105315,80.13081884834291,2506.467214076017,0.2821206991062981
2012,7,濮阳市,0.7435318341826531,0.5410584520758909,3.419420172515157,0.7741280749338844,23.547366270091377,23.44913634720613,588.2793452570073,2555.3487773269662,0.3412474174800223
2012,8,濮阳市,0.7406661244129217,0.532723872434346,2.993906871362463,0.7467411777229431,24.158175947117847,25.353483910160644,513.6484587113699,2184.7481191187794,0.3420960052114213
2012,9,濮阳市,0.7119567731805887,0.4987386868297532,1.636398676126589,0.4682563194962403,21.243386655566837,22.245101258064103,101.6038832400816,2585.949269365753,0.3071145571270983
2012,10,濮阳市,0.6832608929389005,0.4647535012251642,2.137347797862658,0.693334817328015,20.346257824618117,19.842064729187367,64.58106607471996,2723.294167180776,0.2721431766864966
2012,11,濮阳市,0.5663423850390978,0.388228336809059,0.8781864823628228,0.4208334509051108,12.305396677050474,21.308398716538687,130.6260117170853,2305.555994521987,0.2479508748104489
2013,1,濮阳市,0.4888434577824098,0.3392629649784503,1.093489214731155,0.4032253044144119,17.15529261459288,28.44065251212189,1292.207347294457,2835.945502489912,0.323723408670963
2013,2,濮阳市,0.6287688804280203,0.4287715902745213,1.973299061284618,0.5905136886570954,25.096582373536197,26.0638265419944,493.5071799675284,2007.347318889663,0.3622368022593392
2013,3,濮阳市,0.6902227710385883,0.4979298514312301,2.2848273634798164,0.6351555649951542,27.82618428308458,25.817864057158165,778.0705661365012,2447.0898396216994,0.3784743320630847
2013,4,濮阳市,0.751676661649142,0.5670881125879401,3.481031811014858,0.7590236782975974,35.615668489816095,29.260608158639947,791.660756411442,2930.168009775915,0.3605490220041495
2013,5,濮阳市,0.7454544095254644,0.5529321206336741,3.2859317561547305,0.7590871609679184,32.83008655924397,29.63015541299953,126.9113038328836,3146.731745273959,0.3167250533329942
2013,6,濮阳市,0.7392321574017789,0.5387761286794129,3.297602424325203,0.7717719530902957,33.13992877536656,31.090711835019736,148.48336413767777,3384.300709013417,0.2390890989129383
2013,7,濮阳市,0.7081245482614483,0.5008749629278275,3.190210861317321,0.747637920339476,28.544782534856097,27.603442552933437,1.6034663318962703,3390.6879059994176,0.1585051503723843
2013,8,濮阳市,0.6770236308472164,0.4629737971762352,2.3348275259981786,0.6833762584625354,23.020418420466832,25.459549166302363,191.79557847978788,3034.480351418692,0.1839890123213552
2013,9,濮阳市,0.6435244173455665,0.4519176581588751,1.5844628452331035,0.588257492166888,16.64689905047683,23.784270958829985,70.53930959086249,2469.546346214125,0.1655620023479033
2013,10,濮阳市,0.6100330090284086,0.4408615191415256,1.071639912609904,0.4748870208772065,11.382691162837576,25.80046502105644,20.0961430362418,2882.079349417663,0.1628071371070331
2013,11,濮阳市,0.4508708586405242,0.313234497805726,0.619872196674798,0.311167221717233,6.624049895535908,21.17606317016644,60.827129589016025,2158.942998478248,0.1625682406642931
2014,1,濮阳市,0.4780507467233583,0.3193224631558189,1.492719213484768,0.5210977908794666,13.069797412892289,27.947338177294863,421.2865391591436,3314.4272864500863,0.2387427928380074
2014,2,濮阳市,0.5906200811582552,0.3948769864713432,2.0088052075718585,0.601338376274201,19.21369922587448,27.794218005769103,115.19356119999472,3125.0422193975187,0.1820715880708088
2014,3,濮阳市,0.6374433411799889,0.4453556052903555,2.7582496542170345,0.6923234201272298,29.0880839800796,29.85331465815363,96.97027005349528,3089.154245694338,0.1613734645807601
2014,4,濮阳市,0.6842666012017412,0.4958342241093706,3.54616921662855,0.7450630753590198,30.138626161230626,27.623628424957065,350.2363743140619,2900.616151271575,0.2082913539505626
2014,5,濮阳市,0.7196666795331711,0.544269083833927,2.9948109044455364,0.7110066785853892,27.654634441128845,25.51882254443023,304.497814800728,2353.832693696697,0.2665273732494098
2014,6,濮阳市,0.7550667578646223,0.5927039435584904,2.6463426388227647,0.6827151815089925,28.50670795543997,25.69901681134729,231.24630187005465,3095.2298114681234,0.2383464976927982
2014,7,濮阳市,0.7318026255361576,0.5495392326823009,2.967908102844396,0.7385811025420067,24.768815817981245,25.856722103410508,66.5905817350588,2910.0110552861684,0.217822038753571
2014,8,濮阳市,0.7085648497738263,0.5063745218061158,2.548639768070332,0.688238432840698,26.75947580352332,24.83721241304607,176.00408986041498,2648.016315617543,0.1800509446580229
2014,9,濮阳市,0.6795007823241106,0.4700383942903299,2.16183369427624,0.6528987001486936,20.047627025522942,24.714939824618533,76.26663704528434,2523.445484268462,0.1933076202019529
2014,10,濮阳市,0.6504417415202476,0.4337005639147665,1.3289465090524262,0.5376899221121393,14.949533750416716,18.07805879091845,1275.1456713378102,788.9276047632047,0.3558815861214658
2014,11,濮阳市,0.5371497923044907,0.345160722559869,1.0351976308091184,0.4656200121502485,11.05280749237424,21.9279870795367,22.871439770319213,2587.0190999477422,0.3092385995106518
2015,1,濮阳市,0.4519697282496981,0.2943959431780416,1.0852658732323028,0.420071004725292,15.118467135105211,26.60033731352005,16.200581625716715,3321.2626475986485,0.1933334013935142
2015,2,濮阳市,0.5134515929279815,0.3275741534633472,1.4122294261816686,0.4950243665623127,19.674531589431684,27.95392989907285,148.21659222234015,2958.6528603624465,0.1902139124701271
2015,3,濮阳市,0.6276502160720286,0.4340380375744868,3.081772091738654,0.7205133113100789,30.347402293275053,27.09361574536048,392.7710255003835,2991.3417957542083,0.2285738062728676
2015,4,濮阳市,0.7418488392160619,0.5405019216856172,2.7140951456919944,0.6463919255252307,27.43928217116992,29.26231120031614,566.8602300696543,2987.80740104647,0.2838878841765969
2015,5,濮阳市,0.7411337034143185,0.56045189992999,2.4959762414592146,0.6099581479990677,31.968610806304817,25.88050240600865,960.7354972474463,2319.008877755673,0.3672984243219277
2015,6,濮阳市,0.7404193747139319,0.5804034099628861,3.475385912248953,0.7629610883603234,30.4687052395574,26.954887491026835,259.6203284932485,3189.0972512736816,0.2994706604937398
2015,7,濮阳市,0.7414666523811647,0.568746588418639,2.674106507748254,0.7090736790644335,31.67352781078178,24.732946313779788,232.14463466687283,2890.833970125676,0.257076100662209
2015,8,濮阳市,0.7425122464253188,0.5570888637896599,2.617302407535136,0.6610595366259882,25.16354513319336,23.723633089419167,366.3534101255882,2704.6919724808376,0.2809540854463349
2015,9,濮阳市,0.7287140186339162,0.5405277028808282,2.6640651712350314,0.7104722861206666,22.720970560939,22.282548331886957,219.8633840108645,2087.2693038067378,0.2821055988777648
2015,10,濮阳市,0.7150424126517413,0.5239665419719947,1.849763104277013,0.6535523429085818,17.73211303976277,20.98783746964833,17.347427068639725,2732.646225980648,0.2301782510843488
2015,11,濮阳市,0.5328730752049465,0.3802181286810893,0.7600782484677677,0.3871350782510392,9.44562993541228,23.386957398209606,19.95959208409311,2580.439708323083,0.1667819414321761
2016,1,濮阳市,0.3758390152355564,0.2608119111622022,0.812816127172035,0.3371469720465192,11.713853729930188,27.137076130118103,80.4377941278558,2954.9836943425635,0.2145259398915974
2016,2,濮阳市,0.4139422061756751,0.295184900327913,0.5622379076020955,0.2333599710880129,20.822268350314868,25.36337176692861,1029.1619763158535,1921.8557221894496,0.3346859272758924
2016,3,濮阳市,0.5884341657254419,0.4558615196984072,2.422252972026902,0.6098341658838522,24.927501650829825,28.02929063378772,989.7877333645772,2521.6452805398567,0.3746539260056271
2016,4,濮阳市,0.7629261252752051,0.6165381390688989,3.173611568616968,0.7194194726710594,27.1629844706714,29.6910452058249,386.7832968860518,2945.0058046915437,0.289308447658866
2016,5,濮阳市,0.730931617325409,0.584014062531969,2.7323316267902755,0.6330809171188537,30.542433440402,26.304613619627528,779.8773425794247,2341.755991721937,0.3888624548804448
2016,6,濮阳市,0.6989269032818345,0.5514783510292081,2.484779979256648,0.6246938293552563,30.628385744956883,27.77231991111752,153.85492701133776,2382.155478824433,0.3269912821869853
2016,7,濮阳市,0.7000523971591601,0.5280739254055736,2.7350627406729884,0.6902447941092262,32.8482025279912,26.674715242354303,611.9867498880521,2261.5941663488893,0.3434020641331848
2016,8,濮阳市,0.7015118645744103,0.5046687712421456,2.8478203104932547,0.7320659252178411,28.29590776541541,23.397577231934267,16.021296895988684,3478.3423947885817,0.2814226669059548
2016,9,濮阳市,0.6389509062696408,0.4401574014564748,2.067760637859707,0.6372084227310383,22.855534421412965,25.32111058303145,76.82842314649601,2972.176978265192,0.225291305674783
2016,10,濮阳市,0.5768854084873211,0.3756460316708047,1.2972366516408014,0.5040265772166145,15.59815381822893,23.555598559303743,198.02793745677693,2644.798628804585,0.2484571251549528
2016,11,濮阳市,0.4397620197714668,0.284577678552832,0.7280297284451694,0.3853861565341272,7.790417975573727,22.69043683043796,133.1025261716342,2626.364250755573,0.1880260009527938
2017,1,濮阳市,0.4580139229296768,0.3356317802910582,1.2582337223512257,0.4797954083315676,15.011689042888502,29.83006795709641,380.0477519115422,3300.254033352281,0.2103267807370986
2017,2,濮阳市,0.5177281728030432,0.3869884769090452,1.6481919896995076,0.5402139379905414,18.661856746471933,29.517914394810276,125.13069526108649,3012.89037475765,0.196800036784011
2017,3,濮阳市,0.6349526774914068,0.484241040002348,1.5591863737803937,0.4885892650204302,27.55707376875354,30.15624930177517,450.25127304368647,2903.0263404363463,0.2665701240024893
2017,4,濮阳市,0.7522390073777674,0.5814936030956369,3.3337690751970506,0.741535622626223,36.73194681407884,25.36792201529976,884.7629034454415,1809.77300397896,0.3624331023156695
2017,5,濮阳市,0.7527909062624359,0.5781600943332572,3.8826799084494312,0.7953438240886409,35.44470548597516,28.76726722964709,430.13991862548863,3013.697306615719,0.3383304134603505
2017,6,濮阳市,0.7533924465453998,0.5748265855708526,3.0478740837146674,0.7281730994939734,29.882613611166327,27.98921253874825,137.59841442699627,3174.6861188027324,0.2433547217228588
2017,7,濮阳市,0.7500667093740386,0.5496001337259142,2.706165962200865,0.691899422745418,27.28337714723367,27.05203847139644,329.43035810190565,2266.7857613381384,0.2784710311279538
2017,8,濮阳市,0.7467898531347464,0.5243736818809691,1.0380542138490292,0.3811837386487301,22.538553683175675,21.63845259867886,329.2949886971053,1641.9451859491587,0.2878238680324796
2017,9,濮阳市,0.711829413103271,0.5029042471539772,2.7087135574440317,0.7241766805832848,25.113313072387797,23.042682142279634,279.2500954011045,2138.2212587450445,0.2915516586468369
2017,10,濮阳市,0.676939895746061,0.4814348124269806,1.8577459391009696,0.6306733821233472,17.419148127144677,24.01819311350844,8.93046669205283,3089.749716572189,0.2336984691043337
2017,11,濮阳市,0.5256134492730322,0.3651503058975728,0.6574844878881871,0.3448584852142242,10.491349900848691,24.923955607412505,152.38315420533584,2293.1671535947708,0.1748411863208322
2018,1,濮阳市,0.514992485128608,0.3676743429938409,1.224671644600156,0.4420715905019691,18.092339012228063,27.92615339671905,32.15187609396956,2993.540550183897,0.2095510597683117
2018,2,濮阳市,0.6571603714780762,0.4763167313184123,2.117112438952844,0.5821628917235896,24.084442357778272,28.63092800080033,426.9026499265559,2385.8474879575065,0.2757509846462156
2018,3,濮阳市,0.6933372966715702,0.5265977588046881,2.8117295810311003,0.6814036959085086,30.33255906598326,32.38456033404666,13.120190092418582,3289.8281998895104,0.1870234745384731
2018,4,濮阳市,0.7295142218650834,0.5768787862909621,3.0746654841435617,0.6526893786917828,31.837448010670265,28.995853584460185,946.6796410610413,2496.928698116959,0.3131684907587461
2018,5,濮阳市,0.7074597720624607,0.563782088618857,2.5302362893269184,0.6152789884539818,27.066733771462637,30.138385408035727,255.97411335203324,2859.9718918238527,0.2896652658737257
2018,6,濮阳市,0.6853901900642112,0.5506724310603475,1.7868167288958228,0.5327284749928538,29.03524041881309,27.762201391259836,1193.2893618907797,2299.440668630865,0.3287183900473882
2018,7,濮阳市,0.7005923534321501,0.5328306860648483,3.169986599355679,0.7573082846007116,30.240397747131126,25.43283219420389,1188.982201830985,2358.775195429657,0.362934329954394
2018,8,濮阳市,0.7158076860639507,0.5149800309867961,2.439069800465159,0.6772913613736214,23.76040592586149,25.990906478976733,248.29003929825475,2263.663802167061,0.2986096063804694
2018,9,濮阳市,0.6814972658977458,0.4920737863065815,1.8989036265842372,0.6265875268878693,20.514765619754428,23.543521184817333,3.7562143567098745,2960.9364788074986,0.2414075417881355
2018,10,濮阳市,0.6472597047532052,0.4691675416263607,0.8645331120241153,0.3737814560395479,13.021504347008214,22.232495226211263,449.5384294128925,1828.6261504551228,0.2355502369064983
2018,11,濮阳市,0.5464504199372755,0.383761394537729,0.9038727384697056,0.4387648654669219,8.362668997381306,19.03870959129928,187.00689909324896,2280.681018254521,0.311412734213715
2019,1,濮阳市,0.4066805374685885,0.2886978527870343,0.9399084504301084,0.3855564751378801,8.821091002187998,29.57173774120459,29.797028608696788,3391.0060565298054,0.1517789775892421
2019,2,濮阳市,0.4714633134249583,0.3383183205905515,1.384735571148524,0.5048961117410428,13.046505355128287,28.549517768523767,154.85143073983633,3093.8572051163383,0.1752172278837872
2019,3,濮阳市,0.5664228035287235,0.411919307723254,1.953217637616632,0.5860133743366744,13.64374304282316,31.71215257676065,76.81100831019191,3315.590655475662,0.1578901065057924
2019,4,濮阳市,0.661382293632499,0.4855202948559549,1.826729328619883,0.5477222571467235,23.852025317497397,30.287715148351584,824.8351625800673,2661.526202211822,0.2445609238774743
2019,5,濮阳市,0.6868489265111868,0.5120553347908181,1.9582753270197872,0.5384049053488771,27.40071347029381,26.977416747798085,459.4512095937763,2091.315798505969,0.3580622465749661
2019,6,濮阳市,0.7123155593898735,0.5385903747256944,3.0095024108055832,0.7402220095603588,30.725083481047573,25.362656020923417,491.5772746887179,2421.391696427639,0.3526346523536301
2019,7,濮阳市,0.7188816389528832,0.5423364127714964,2.7581236416395605,0.6934255284052071,23.91631043684992,25.66796229366501,118.07287451873144,2582.6897073527207,0.246563513615457
2019,8,濮阳市,0.7255021225341175,0.5460824508173143,2.4449430317715533,0.6736245004976678,26.308606468083635,25.50948915995524,19.03229152202492,3121.104523586622,0.1884025583983584
2019,9,濮阳市,0.7036430179841662,0.5176042172618307,2.34282629268782,0.676043506233406,20.99617562086308,26.339721801229548,40.23826945945362,3055.333651257907,0.144054364395357
2019,10,濮阳市,0.6818451621913718,0.4891259837063736,1.4259549190664391,0.5775795920365547,15.06525211809514,21.048820447821075,288.324275199774,1532.681467818706,0.2656176635233634
2019,11,濮阳市,0.5640959975519635,0.3939257597448171,1.2419938031796245,0.5394024539644335,11.777065060823736,22.33589873042033,1.527055751628186,2524.673382363757,0.1839951994271463
2020,1,濮阳市,0.4519404394985995,0.2947853361977054,1.1745982219083573,0.4622184526456052,14.87120721796336,27.19494693247404,274.9490895477753,3179.892851770192,0.2736809486980478
2020,2,濮阳市,0.5044241770767357,0.3285671498257883,1.3499051045860506,0.4639435644251174,22.091792666547025,25.422930304447394,103.54295303578132,2480.589679904532,0.2457977130921066
2020,3,濮阳市,0.5877831709082629,0.4083563378493811,2.747952194041821,0.6856255398017604,29.13945727441289,25.813929517752182,338.29622640623484,2856.3954920327988,0.2153333567958339
2020,4,濮阳市,0.6711431846079864,0.4881460839942841,1.9996561926710752,0.5410612486540187,30.82124455144945,26.6436088025264,343.0959579187636,2506.6573955736603,0.2519030760704398
2020,5,濮阳市,0.7069194814886516,0.5225482428621312,2.200749122731743,0.5873757545544122,30.16601571002852,26.86898368766425,1048.7278592924768,1849.0996900652735,0.3790846490004301
2020,6,濮阳市,0.7426930174807564,0.5569485175562042,2.606894069293163,0.6657959960382551,35.64315001377818,27.61404540068312,453.72380209885614,2430.127445593294,0.3670940280879894
2020,7,濮阳市,0.7124959446273321,0.5357267207856798,2.413508193306127,0.6592506342528254,31.05731191383617,24.55250146556284,447.4400221514769,2135.172217573628,0.357814561954474
2020,8,濮阳市,0.6823162593284834,0.5144989063869914,2.2201223173190905,0.6527052724673956,31.98777277797151,25.62294040238869,22.83878379934315,3236.163981677213,0.2717601811158978
2020,9,濮阳市,0.674874843601588,0.4959533386742629,2.503063676981052,0.696301241365055,24.012745401266603,25.62472061231176,27.58437342625885,3169.6075811358724,0.1871892545152107
2020,10,濮阳市,0.6674801476247616,0.4774044884440761,1.689646938273129,0.5926749998907871,15.877793330433862,23.137976667702688,37.616355007001296,2801.0032390353167,0.1679326954623262
2020,11,濮阳市,0.5144123445155441,0.3602667158399254,0.6668651319053209,0.3401905846278836,11.229714158862794,22.60975625156064,50.69622227042541,2451.786911997897,0.1554030058993295
2021,1,濮阳市,0.4122092943450698,0.2927793532700319,1.1479118641257755,0.4448861138222303,13.338893031411336,28.951987328544742,133.78933920473676,3124.57225009638,0.1793043423186666
2021,2,濮阳市,0.4852914905374311,0.3565880647800818,1.505842759137202,0.4997139399712158,20.824204287861093,30.07845355553974,793.484371800476,2873.5337054100232,0.2759605915632261
2021,3,濮阳市,0.6088332271928099,0.4725970939078384,2.5756215027472416,0.6471725681609626,24.30534804346869,26.509594867112348,500.7768364897985,1922.9968526916884,0.3458892079115043
2021,4,濮阳市,0.7323749638482104,0.5886061230355872,3.09841499519199,0.7188095625527412,30.95297838537928,26.790134024999663,1109.1741676262566,2511.542440296776,0.3506519453271316
2021,5,濮阳市,0.7379594343854162,0.5810512081653937,3.0486978988119446,0.7139264314479771,27.960396723265852,27.50272932288796,113.91192305618456,2981.104987919188,0.2936488208076386
2021,6,濮阳市,0.7435439049226142,0.5734962932951937,2.308998462069596,0.6081085015422557,24.15997110832081,26.389624035077176,55.95315784565267,2915.5152526027514,0.230596643520468
2021,7,濮阳市,0.7282856357295993,0.5570178271430362,2.8417591319250186,0.711700287626796,19.89024181596269,25.872328292533723,307.2502793971421,2678.3499330844365,0.268354960494771
2021,8,濮阳市,0.7130477539153993,0.5405393609908713,1.454025084080336,0.4316191077362751,21.37171771821558,21.946681783019443,1622.6378913099593,1535.4191245121883,0.3485269431172438
2021,9,濮阳市,0.6808620560571551,0.4873084648888102,2.4567789149653576,0.6940759431466585,25.829986524191195,23.1616288434956,580.9590562518691,2307.370972118251,0.3703018519621983
2021,10,濮阳市,0.6487019086215225,0.4340775687867642,1.122759170624721,0.4875993781239782,14.688854991985927,23.699108186876327,377.5833378022994,2490.672481376238,0.2931833031148609
2021,11,濮阳市,0.5117285029016291,0.3261657723163418,0.4294661357195311,0.2217516464367126,13.547885074010052,21.611635635329137,2241.3825772748028,1419.6572454367406,0.3970879678099545
2022,1,濮阳市,0.4593787078989544,0.317187998774584,1.197035184893439,0.4612366911530365,18.678955950345973,27.96641458276033,792.1596232085034,2729.2915513653816,0.3424408027627224
2022,2,濮阳市,0.5930064592610095,0.3926525123169686,1.9383740954462907,0.5692812930641333,22.594224178062,26.540592178574663,1087.5304057213302,1753.1477302367043,0.3729956740736215
2022,3,濮阳市,0.6499966665264036,0.4437054865676016,2.777609009360864,0.6792393658985312,31.082541676531903,25.85692233685026,842.8314186007917,2861.1159519248604,0.3681680803841243
2022,4,濮阳市,0.7069868737917844,0.4947584608182275,2.482056884633087,0.6243709157770699,33.74419002383722,26.89262956310981,189.85715035507357,2684.1221262339104,0.3384569498063378
2022,5,濮阳市,0.7064240976401454,0.5276405517018958,2.7238196427463204,0.6831674494459545,30.312528165172164,29.625107451081952,218.11183403235276,2860.076029083398,0.2571335475932159
2022,6,濮阳市,0.7058613214885044,0.560522642585564,1.9154892017297176,0.5601294752316619,28.602843972640333,28.932985290940863,54.95818916615276,2421.703393153911,0.2598530469738661
2022,7,濮阳市,0.704929010688239,0.5382668646645381,2.786154853063755,0.7091008856329936,26.117287181607963,27.21842853832316,61.88439467776823,2462.329609276469,0.1796359432496809
2022,8,濮阳市,0.7039966998879822,0.5160110867435087,2.379809709428522,0.6715658687935351,26.81401145387888,22.5641649645764,290.4126003913304,2541.4269682492995,0.2494380012645695
2022,9,濮阳市,0.6862230135775891,0.4955806692465905,2.41431907550683,0.6838357777599794,21.4314345261258,24.623369455451108,15.49073350647831,2845.4686523842533,0.1792443618609159
2022,10,濮阳市,0.6684493272672106,0.4751502517496649,1.459874801029334,0.5665153774247222,17.845634633204945,24.84340530760703,11.72132339943601,2829.770764353018,0.148307939821186
2022,11,濮阳市,0.5461282753751017,0.3821501803570959,1.1750631662675677,0.5154820453407798,10.578679278284616,21.61600774347315,0.0861017155173726,2869.046596800468,0.1365117870194805
2023,1,濮阳市,0.4720697316235964,0.329694540460921,1.1264003713948665,0.4431492138839999,9.455732840943291,30.190362994535672,472.13225010479687,3264.5056393854475,0.2296411078452714
2023,2,濮阳市,0.5804177161350516,0.4051244243799684,1.7606230451467506,0.5699731220230592,21.95792181430497,30.022085473271424,639.4087671879558,3064.363381818923,0.2704866907387674
2023,3,濮阳市,0.6450414847496134,0.4738336287736633,2.7829144730512856,0.6751833606922812,28.86572679831221,29.300261291012088,132.26554061492803,3117.2021902425536,0.2039934724563179
2023,4,濮阳市,0.7096686302045788,0.5425458603703269,2.439232826571099,0.6233326086036043,29.99006383310002,28.58316891668825,1081.8009038958423,2356.386018386485,0.2822294996288834
2023,5,濮阳市,0.7206856555093346,0.5601600050203133,3.014468373900356,0.7100140725556255,27.53099707782063,29.07881255814323,63.802868575625006,3145.8692902783278,0.2698175591240596
2023,6,濮阳市,0.7316979544332223,0.5777693248959409,2.804621145105541,0.7024593833915825,30.467096984484275,28.80976383371196,187.9163382544168,3150.930411225644,0.2101762220381274
2023,7,濮阳市,0.7277976129042831,0.5554861276183126,2.334237742239784,0.6560690474978838,25.135749888090864,27.32417739295029,444.4612879540159,2698.0629737701734,0.2579637690727229
2023,8,濮阳市,0.7238959427819248,0.5332022950473091,2.5586393120034434,0.6959240451723493,29.940685709131117,23.777578402176704,741.3679800695392,2461.449565233572,0.3301015245253443
2023,9,濮阳市,0.6980229189358459,0.5066341043520722,2.5535637354370366,0.7085775865615087,24.42221052937442,26.734931493790015,234.0535884832178,2977.7791261529565,0.2272449217223048
2023,10,濮阳市,0.6721645973737435,0.4800659136568474,1.5096121969529652,0.5750427179184185,19.51953023799057,25.08678246194263,73.0503148524394,2666.6003351418467,0.2410216162362589
2023,11,濮阳市,0.5896173679727995,0.413172145011537,0.9062078817484172,0.4247928131185629,10.615084460218831,20.46565146334932,802.0397136267496,1672.0625302418553,0.3240024564853724
2024,1,濮阳市,0.4740552939754315,0.3341086333720084,1.2049092543876514,0.4558357388571533,20.620403047257387,25.262879487509476,2509.7737342359,2112.114899613016,0.38242822220984
2024,2,濮阳市,0.6119888917594916,0.4299493262419847,2.2988702392442355,0.6380912954318214,22.77652558153852,27.08904677946459,221.0818866632332,3006.784391014492,0.3173601984981786
2024,3,濮阳市,0.667209921418316,0.5116654527740275,2.335541367036471,0.6288343216981745,27.41556523487005,29.55950358431101,581.3733209067611,2445.308138067665,0.3564916916455221
2024,4,濮阳市,0.7224601337732737,0.5933827068188461,2.371458542258158,0.6162174941943089,33.460431679923104,28.63363813591998,481.99337722819297,2335.8061383145023,0.3735316208783442
2024,5,濮阳市,0.737011302841166,0.5874664013631329,2.435797318022548,0.6349228241525326,28.85063856462258,28.922025198750408,655.4281536433836,2278.7272638706627,0.3520896419385773
2024,6,濮阳市,0.7515880822041526,0.5815493791433102,2.923200803774629,0.6992131735454274,34.367515631460755,28.23003934071952,71.58315977240485,3259.498707688584,0.2970396267628422
2024,7,濮阳市,0.7526373311142817,0.5686594013803243,3.10488538960052,0.7238747450622468,33.849282766393735,28.22149352352078,425.062161135143,2864.161079428898,0.3132505798459531
2024,8,濮阳市,0.7536865800244235,0.555769423617342,2.81785128748467,0.7182051425036039,34.17566618510404,26.53049162917756,425.4148871765215,2658.490323112899,0.2971483997013618
2024,9,濮阳市,0.7214440707984979,0.5431855739554483,2.1003609783963544,0.6312838656262874,24.910855583349527,26.28559237662512,24.541307799447843,2650.8554120231056,0.2008268298463602
2024,10,濮阳市,0.6892498408137392,0.5306017242935617,1.3567155379318083,0.5334379422590966,19.012154845547204,23.70757917148008,345.4817376623248,1762.6933433523852,0.2703851871918754
2024,11,濮阳市,0.5588847239354005,0.422100966269482,0.8997200471017507,0.4358282447350116,10.207566732273126,20.87159556180828,72.36790514407609,2702.6145140303,0.2635407543165949
2002,1,焦作市,0.5365592251109964,0.3660920907594472,1.3294587540121348,0.4456668777643024,12.809284875004211,26.09012574456605,304.01705594271954,2923.2107996543355,0.2747090227769681
2002,2,焦作市,0.5365592251109964,0.3660920907594472,1.364763969888815,0.4766215950026191,7.469064240755436,30.332876295988545,24.45913417393354,3658.78868101755,0.1730069804691618
2002,3,焦作市,0.4793431373575378,0.3421781379053233,1.513554244706745,0.4204738105463823,17.857202043315024,25.29907597210693,1160.9385074866768,2696.6658318480286,0.3131591123605543
2002,4,焦作市,0.4221094602073027,0.318261407397862,0.4301809693594127,0.1634648088971105,27.89004220827222,25.874550232031616,295.82316569999614,2627.8943904979774,0.3207588637105086
2002,5,焦作市,0.4931276606440646,0.3519707707885247,1.26614431579325,0.3612798324321359,21.26407872291317,26.33600922117759,292.7057529585582,3143.4024644386363,0.2899374756035454
2002,6,焦作市,0.5641524437062282,0.3856893996064881,1.5241904669889978,0.4821421387522594,18.32319660914904,23.510900806110897,100.34116157744428,2883.5054260730944,0.2080047561362038
2002,7,焦作市,0.5938959228749683,0.4037238123433629,1.9997815459186508,0.6231932566984618,18.615467432079853,25.56000450307109,384.4786212230726,2455.4428038163974,0.2459256518895992
2002,8,焦作市,0.6236369436160428,0.4217578890389069,1.6432375519113678,0.5628166768024798,9.911545265211496,27.614369715981088,58.381139654692575,3469.4758159178505,0.2115390799333526
2002,9,焦作市,0.598486610843233,0.394994966048414,1.3476139293125196,0.5010126317789785,11.605854474949531,22.84453741375637,60.67811322417752,2883.5470377615,0.1435329399766015
2002,10,焦作市,0.5733362780704161,0.3682320430579248,1.153356375402547,0.487423867533905,10.040061419467976,18.221302300074,397.5258587925281,1980.5693013930372,0.3028390385827929
2002,11,焦作市,0.4745251080991604,0.2953686763098728,0.891447617011931,0.4181259298939029,7.246903091261717,19.364367878321197,222.2210683862393,2310.9695203460533,0.2676606958413033
2003,1,焦作市,0.4360773927585628,0.2922411691192466,1.1698541804944715,0.4103432272396325,13.369607159007618,24.610888738453728,388.6218297557919,2810.3256237864284,0.3042980137844661
2003,2,焦作市,0.4952031677455012,0.3397971159821779,1.3154727076329726,0.4485651089557173,22.295378036785173,21.84058232819517,1278.556907436778,1932.3471604110389,0.3495481542954956
2003,3,焦作市,0.5871008845823167,0.4261294429516868,2.0174811462448514,0.567695059631235,26.25297299468115,25.50324533735968,303.7946388207272,2706.5886605402684,0.3514478974229034
2003,4,焦作市,0.6791115873581273,0.5124617699212093,1.200421803762054,0.3697340224778236,25.2603914665804,28.76566227086149,251.52170280944105,2732.3846596120384,0.3139414961188633
2003,5,焦作市,0.6731572156094787,0.5046436745129013,1.9770856701314692,0.5539753177879937,23.16241136064265,26.380321658332512,455.5721780849693,2358.6589023590477,0.3178689673316165
2003,6,焦作市,0.6673070777770104,0.4968255791045879,1.2815309575692964,0.4385684518865956,25.324066601312207,21.62859646023619,551.1987564473911,1547.1023291576316,0.3620751971511284
2003,7,焦作市,0.624599256873899,0.4585039875647521,1.6473068781878024,0.497492177585825,25.08104211258109,24.5937998521825,401.0702982968909,2135.2445633021757,0.328668693191801
2003,8,焦作市,0.5818914359707862,0.4201823960249423,0.3858024423797909,0.1612196607790641,16.816178028564806,19.86823347911472,1205.462666388542,1502.785574437063,0.3945906486254554
2003,9,焦作市,0.599025231073666,0.4099954625917212,1.7212500333631744,0.5769711518630501,15.875197784412482,20.75082308164592,621.3886528505534,2005.5495384486376,0.3852780259725817
2003,10,焦作市,0.6161590261765405,0.3998085291585068,0.8410690419452577,0.3495939287478136,18.469526307340423,23.222040951735355,356.8906939977938,2640.0058910551197,0.325185669937074
2003,11,焦作市,0.534142062549728,0.3417986665923035,0.9366817677584892,0.4303570781791533,16.290150166669807,19.994468817432956,297.68276734844056,2262.9411544802333,0.3586829815120577
2004,1,焦作市,0.4791247675342484,0.3140916994446212,1.289794956244042,0.4398697233032442,10.690919754554438,27.590651114814413,124.76504098570176,3840.546294092898,0.2543624474455327
2004,2,焦作市,0.5109247558653578,0.3482765078265721,1.3090809267210453,0.4048271773112178,18.002501739283247,24.16806996495055,1372.0957429018986,2629.764810286763,0.3377367139163242
2004,3,焦作市,0.6109167388636785,0.4423474401379746,2.806373130644398,0.6688907563052843,25.352815821162533,26.54956575495857,774.6239300084732,2831.5896633820425,0.3637036315335424
2004,4,焦作市,0.7115201778332946,0.5364194013858506,2.1964786673365158,0.5907096515080046,27.95903440040666,25.409751784990583,649.4857749637775,2000.2932330298904,0.3728675619336609
2004,5,焦作市,0.7093066785876566,0.5335747533898609,2.613187823746416,0.6671389982059935,32.24674064369581,25.774056026693795,431.2302354405328,2729.631158713562,0.3479998436139603
2004,6,焦作市,0.7074620340234514,0.5307334752337468,1.8620920901911016,0.5270972341796247,24.620747418310074,22.69590813694336,627.6969551341225,1722.199216680426,0.376057993359306
2004,7,焦作市,0.6837414956436668,0.4889722926769403,0.9921893704723376,0.3038324827664403,21.107363893156787,22.016737094591765,183.9141885193868,2157.9189595928488,0.3477372110689391
2004,8,焦作市,0.6601933168061594,0.4472115034921885,2.222094335723045,0.658449520309804,16.63810380081225,23.76442503981255,185.2317894309921,2631.6444466882854,0.3293513027857991
2004,9,焦作市,0.6369287409297723,0.419241717180712,1.6041250895841015,0.5650878409960723,17.633091964187024,22.096172098405876,43.69105159500317,2618.772296799708,0.2846416779516587
2004,10,焦作市,0.6136987418079063,0.3912719308692325,1.1735507716313285,0.4563610272713032,11.093366318485868,20.754987741406268,268.13585039905405,2789.7542554335287,0.2673402323641618
2004,11,焦作市,0.4931602279409687,0.3080171290948401,0.7917894043980609,0.371677268974339,8.258975805597563,18.35964402424933,373.0913558080262,2396.522383978789,0.3331786515294141
2005,1,焦作市,0.4239529865645122,0.2992449206792337,0.7998246146915087,0.3074339696703174,12.745606411257585,25.328209211512974,325.7915212603103,2374.376554590573,0.3117637804972373
2005,2,焦作市,0.514229979527702,0.3845066350459351,1.3801039143062934,0.4683251750819777,17.194849131208716,27.309487932205712,445.1424198007153,3203.7151821275183,0.2345140300359653
2005,3,焦作市,0.6061688257965975,0.4511730984857861,2.244690668050117,0.600061033028463,23.122469526776808,25.416476178831505,1017.1680880210682,1688.9783573701611,0.3853240376627321
2005,4,焦作市,0.6984279624550381,0.5178395619256183,3.117269750810044,0.6918050734904315,22.48094904698791,26.14518733368955,709.1004666650764,2699.146876297322,0.3620716689348329
2005,5,焦作市,0.7107315951434077,0.508680608965126,2.970466711092026,0.7262481313887494,27.525839626000803,25.571371244128905,295.8177357478827,2750.51681025284,0.3367045583449479
2005,6,焦作市,0.723700514293247,0.499521656004636,2.747345132743358,0.6909559381636156,21.543481425495703,27.01629452061766,659.5993129993228,2490.544708396977,0.3148727089003911
2005,7,焦作市,0.7155845387009264,0.4921575744818731,2.6339518141493805,0.7043280620684352,23.525732059475384,20.439838048274936,106.91700759590594,2304.71904167057,0.3358206231925718
2005,8,焦作市,0.7081491096441428,0.4847934929591083,2.092379104685776,0.6352662328466454,20.872992112709355,23.126206566202868,194.99805215061747,2859.332374952304,0.2998987854456917
2005,9,焦作市,0.6633537652199436,0.4412229293268679,1.7453616089479482,0.5695104177902647,17.122441397732416,22.446895980868863,10.974957428173209,3353.104591520411,0.2160531667166309
2005,10,焦作市,0.6188316063654264,0.3976523656946332,0.5892362037099004,0.2584223969089923,12.68304808575006,23.396300170227537,136.6396484849407,2288.667678333101,0.2078077012816651
2005,11,焦作市,0.5124853477957996,0.3313670493644813,0.8290407553017131,0.3766429214899711,10.47455349561959,18.44917372773116,488.4591514717342,1837.6597606666703,0.3262815958383521
2006,1,焦作市,0.492294087155272,0.3329324567193276,1.05274718111862,0.369982502276952,12.590407063219004,26.428418434991155,690.9775529698165,2714.016787826221,0.3343996809705258
2006,2,焦作市,0.6010917334715723,0.4151538642947877,1.7721644755084427,0.5382980241083335,16.94309827083536,28.496797377870447,143.82499880593227,3300.146751050474,0.2538920861886558
2006,3,焦作市,0.5869956168305541,0.4356115887377436,1.3166179344327582,0.4312569282270416,16.79745517691677,26.849855336596207,60.66959844041063,2303.626305082637,0.2098567386980998
2006,4,焦作市,0.572901706720505,0.4560708768794538,1.7811443698362426,0.4882913432096749,21.62836125210692,26.242356051496664,510.9218072805344,2691.334977313209,0.2364152537299004
2006,5,焦作市,0.6352020510083323,0.4696084425807652,1.8059611869291785,0.5233107285692298,23.739628497883213,25.679542084169235,720.5916138084103,2707.525372264884,0.3366266358294736
2006,6,焦作市,0.6975023952961971,0.4831460082820676,2.1729597092454536,0.6462703578535112,22.75489039993825,27.196500650147836,91.79809990423536,2711.2371085470086,0.2567260506377442
2006,7,焦作市,0.6614268080294333,0.4501144749328176,1.2549663203299182,0.3691946277303107,14.67617031131227,25.029631629090627,334.3110407774075,2403.2933455707343,0.193595877092526
2006,8,焦作市,0.6253541374248316,0.417083021075375,1.845107486643144,0.5713063900383012,12.37826349856594,23.85778633203044,681.168530201757,1738.0959530948592,0.3583095251982497
2006,9,焦作市,0.5833760800197617,0.3791497181289532,1.2041129575352691,0.4853059156751979,13.837086602048494,19.08902694086961,275.7657101785636,2599.3094413105728,0.3282295277699426
2006,10,焦作市,0.5414992332272952,0.3412164245850013,0.5048787765688248,0.2384334056403199,6.547317822670602,20.389104563420915,9.511995255381706,2937.808193649641,0.2306004520734632
2006,11,焦作市,0.4265367663817656,0.2573835064938072,0.3305526677602587,0.1557052569490031,6.740017606572958,21.46120395654796,168.21908776477892,2195.0546078540747,0.1947303228606068
2007,1,焦作市,0.4782846728871002,0.2885952673257613,1.0612369131036985,0.4045116359582652,11.057077568449468,24.966196689816663,442.3365423694489,2572.7490616161936,0.3001324469068514
2007,2,焦作市,0.5442211729672383,0.3409161259757353,1.573654103599284,0.4756878524221858,17.089748603453454,26.15241834615965,266.3995233466204,3033.826495450465,0.2818975783733557
2007,3,焦作市,0.6257589731944418,0.4291323151462916,2.074594105765589,0.557964082849064,19.42409259981583,24.15113610788107,722.0195251948077,2320.91496615136,0.3321875814312909
2007,4,焦作市,0.7075694290766936,0.5173427740262455,3.1716391412538902,0.699963212870911,21.858445510479054,26.22853387750265,1086.3050321783528,2824.549904252193,0.3394022933087032
2007,5,焦作市,0.717345947306831,0.5069677639577481,2.902177509740262,0.6943993119363603,22.438013766685813,25.9817890926357,527.696743411874,2381.729186742585,0.3340924899825962
2007,6,焦作市,0.7272389079080611,0.4965927538892479,3.0096700424643754,0.6851716254761804,26.36947197623225,24.813423359239756,186.413573177399,3201.9025552100898,0.3177705036736586
2007,7,焦作市,0.7134320762876599,0.4781367004581923,2.6679995762606823,0.6694138549540921,23.8794356904975,26.74388896004218,99.20924330478226,3016.1853771256883,0.2172119840593678
2007,8,焦作市,0.6998520362171675,0.4596806470271282,2.194820889049752,0.6342964200309197,17.97957780566575,22.475434353263765,384.1253141002388,1931.8445820183235,0.2728341871624553
2007,9,焦作市,0.6503102287525038,0.4248410087016218,1.921390114409611,0.6036428902774906,15.335278688998336,21.46607394551578,117.79987848627296,2614.3305514356234,0.2737993972250697
2007,10,焦作市,0.6023713134452057,0.390131768847422,1.1206468609866918,0.4700339620161241,11.970042563302457,22.331802323585425,43.48445839991608,2614.9491806564147,0.2082157011789312
2007,11,焦作市,0.4753976725652165,0.3134712104898604,0.653026720065384,0.3106822904293534,7.238656944002835,22.193801413263067,21.06912619357921,2958.0266114482947,0.1554283401900058
2008,1,焦作市,0.4441088272818439,0.3062400990809941,1.3134745426604244,0.4381868052058468,12.340077217509952,26.649769736949267,370.9797160681952,3062.998903097061,0.2573852869908563
2008,2,焦作市,0.5377494340210184,0.3488132523259479,1.2049918031463536,0.3613816137036252,16.997492143098462,26.665013403279584,420.3259014089501,2730.937217564864,0.2638502466440115
2008,3,焦作市,0.6009899914640086,0.4336309340902571,2.834019422748413,0.634382359052637,19.71578535489622,23.72254011590608,708.3732083774347,2467.1016348689336,0.33533678155066
2008,4,焦作市,0.6642653710936676,0.5184515281626062,1.810604055810112,0.4688620314740554,24.37511739096206,26.67867828461122,155.880717568175,2842.292060767714,0.2813750873917843
2008,5,焦作市,0.6868029059891029,0.5061048125810635,1.8973787274893252,0.4982961695592429,21.88987785529612,27.20137107985573,282.9014775214944,3075.614750191203,0.2632915963609468
2008,6,焦作市,0.7093659205381593,0.4937616849242101,2.6919504297722963,0.6890402336235326,25.6393658076788,24.57929118803084,1315.7306839035011,2693.3084956006323,0.3071589365930527
2008,7,焦作市,0.7039839048349649,0.4938965974725663,2.710287288017297,0.7015133655472366,22.684982374096048,25.43238593111597,125.03474848733718,3114.9278225247263,0.2917308949851151
2008,8,焦作市,0.6989639068781635,0.4940315100209319,2.248879042812291,0.654379504160973,20.58674721240304,23.036354645652327,198.84078988717403,2648.601447281261,0.2744609332721294
2008,9,焦作市,0.6589272910297368,0.4357822323737408,1.5839025249440797,0.5300447551278316,17.638337757897094,23.012672198809067,162.00763377210532,2372.9273496823107,0.2222396624271606
2008,10,焦作市,0.6202734485848691,0.3775329547265529,1.0535736769392892,0.4205786535058306,11.67437290321982,23.337163706743063,130.77190207958313,2921.782593102385,0.1917139302609976
2008,11,焦作市,0.487221030685294,0.2919536067533935,0.4212888504041903,0.1124323329466562,9.255811273752316,19.956977803476686,104.1057608200832,1582.386834254478,0.2439510356457714
2009,1,焦作市,0.4306006670095553,0.2979818086338933,1.1320286528109405,0.4049355942619383,12.252501116556198,29.283796768071436,466.972996887117,3312.3472087676896,0.1518062847475361
2009,2,焦作市,0.5071697789869002,0.3568879463859193,1.1136116127529267,0.3755238916435598,17.579119377668878,26.079482381121814,234.4865253078788,2901.8670023370173,0.2928612954183187
2009,3,焦作市,0.5729206472523121,0.422836729530351,2.215583065159983,0.5856543359831797,16.836736528548286,27.611135808503292,648.9245756300805,2689.9320459691803,0.2681424359338066
2009,4,焦作市,0.6386715155177287,0.4887855126747764,1.3919620765392984,0.3970635081870411,17.010202742992504,25.272028787398565,67.7610183200913,2968.2646148009944,0.2390954040053647
2009,5,焦作市,0.652881662567183,0.48077285017312,2.3114914048846904,0.634402317927177,16.562949758748058,25.360640039229647,257.85441353966456,2265.9960425690724,0.2380873211836933
2009,6,焦作市,0.6673935067542837,0.472781792537121,2.523612330749714,0.6816042186001138,20.83495579861812,27.634413365048587,554.1272089114531,3171.3996607268377,0.214289441073508
2009,7,焦作市,0.679412160047043,0.4598593858219031,1.9704240062805445,0.5727438177836958,21.50065622087969,24.284233362089022,353.4303488447663,1985.7951279537765,0.318374929360512
2009,8,焦作市,0.6920796914073769,0.4469645872000555,2.106795667843909,0.6162535340106532,19.94651857818912,21.879486266406737,500.5499237544133,2778.1657256007475,0.3143974235875313
2009,9,焦作市,0.6440077985261715,0.4047957777005292,0.594423873268877,0.2211288110349994,15.02981476845462,20.35663686138502,301.34219405304174,1700.9052822622184,0.32974258082231
2009,10,焦作市,0.5966178798877912,0.3626269682009997,1.232419508819843,0.4452101734066826,13.635822639548437,19.6665630281357,395.32102662509794,1680.7859186623214,0.3313901376855092
2009,11,焦作市,0.5701329949855731,0.3440607709963074,1.1315175240826478,0.481514244569291,10.344821086725307,18.891144083199453,243.83805452249868,2172.02826403379,0.3337662956235595
2010,1,焦作市,0.4181110180389087,0.2866267518361687,0.8127160855745533,0.2835353584149393,7.630634091884748,29.26554070241789,307.3077668938272,2742.289331082105,0.2187812344159447
2010,2,焦作市,0.4803543388739689,0.3215388701586303,1.017000435871359,0.3673715784038183,12.078350741781165,26.85173767394563,292.4143025192072,2891.0060540277213,0.2160899526412607
2010,3,焦作市,0.5797240509354765,0.4149957291922359,2.102025914276742,0.556739960233359,19.47764202190633,25.258897969187267,1326.5886433523417,2345.5333113816705,0.3489287076326584
2010,4,焦作市,0.6790975770946724,0.5084562218038903,2.92474695303608,0.6410492440961326,22.247293167569698,28.311219639230604,112.58745367083544,3092.584475952864,0.3028086821778216
2010,5,焦作市,0.6816843617056936,0.5129999779765327,2.341367297334871,0.6154915012792908,21.39944886547486,27.90296509152171,204.20307796969777,2807.4062659016613,0.2542700102109292
2010,6,焦作市,0.6842750136525102,0.5175468657681497,2.4659254756921336,0.6800058823892766,21.08628184560313,26.07069933904424,613.9701934978862,2132.679596770516,0.3184263663406032
2010,7,焦作市,0.6844381831586892,0.5102590914267398,1.9956697188695496,0.5595189631641984,20.921433082309196,22.6100022251323,1580.7880982990723,1289.057937264994,0.3888312847978796
2010,8,焦作市,0.6846013526648786,0.5029713170853254,2.3108564079386054,0.6106783894241997,20.725915804004327,22.904265810476268,174.19464295371765,2691.4674624613435,0.3392577754326392
2010,9,焦作市,0.6587609532236606,0.4617193439432726,1.7793777560430266,0.5863160295025026,19.435911373123734,22.04915133064487,652.6189748137383,1742.4247400223442,0.3602136359771498
2010,10,焦作市,0.6329205537824435,0.4204673708012062,0.7033341461804353,0.2737586344342648,21.953438841624507,23.892907177476932,110.8963981363134,2474.3167893702607,0.3186628905955009
2010,11,焦作市,0.5229353252951228,0.3383324340024247,1.129801671884458,0.474219271781486,8.889177022184803,17.136846278499604,177.4346142521951,1854.8737541832852,0.3239920609476724
2011,1,焦作市,0.4025176663396763,0.2712399362350938,0.9937372544555138,0.364597008082428,8.073568197029353,25.9588863427062,718.1950734861038,2296.76935027599,0.2708235827157985
2011,2,焦作市,0.4319670505326412,0.3064317808740366,1.1483010885537088,0.3931584763205065,13.164570710806736,28.714475167158355,70.77602086684279,3535.4130549153806,0.1819467212169188
2011,3,焦作市,0.5357305993688516,0.3784632486624087,1.8904607134483773,0.5579048051074569,18.16741000848701,28.857210448715723,156.699637848466,3238.4668265877035,0.1579554511297103
2011,4,焦作市,0.6394941482050731,0.4504947164507856,1.2177037913976578,0.3995872285481732,20.17029767416614,28.096171656836063,491.8587059236505,2525.7224614228567,0.2112656684994074
2011,5,焦作市,0.6243535129653907,0.4504718227675924,2.2219125921181737,0.5938297282398693,25.23498728365546,24.61563564602533,787.9418558636729,2447.109614370137,0.3322723065500594
2011,6,焦作市,0.6092151356576491,0.4504515948317035,1.2118014338758027,0.3410918733581802,21.446729065694207,27.21400206684434,302.88427622098874,2738.394578705099,0.2865509773363628
2011,7,焦作市,0.624675949616296,0.4414671748443051,1.9616109662252008,0.5513246184415357,17.370298949915238,21.269046702094144,798.4378553852182,1712.807372464918,0.3477357592095312
2011,8,焦作市,0.64013225646757,0.4324812616958428,1.7001811866334609,0.503419719034988,14.223389843482344,24.262530908646223,43.34608035107875,3044.9921219940275,0.2468559591363951
2011,9,焦作市,0.6159423443138915,0.3998031235419783,0.1506935616540963,0.0443360504711302,13.185917285198247,19.195921389605648,659.4685407578104,1125.0931411964673,0.3249554945102777
2011,10,焦作市,0.5919272133266816,0.3671264016022811,1.4489553699424964,0.5577402680565093,13.68684365002623,16.992016413795206,1619.755508397492,956.737878304637,0.4020224281130315
2011,11,焦作市,0.5290659027296004,0.326808609733934,0.9985334228016396,0.4411204581194049,12.502749260743853,17.763236199042204,17.131386391819063,3126.343136584524,0.3315223637913299
2012,1,焦作市,0.5122368373561099,0.3610581049290281,1.164985341176487,0.3983423750183679,17.764521779489368,26.7031253831743,807.8231109430959,2737.77706173602,0.2604575324355072
2012,2,焦作市,0.5631542663240364,0.3985541842896662,2.0004474134142125,0.5564134801840411,18.428626471964325,26.729285296187516,274.1334367502814,2876.856477700436,0.2982425330040925
2012,3,焦作市,0.6124178431264092,0.4522990684379278,2.165132354034456,0.5936208005740453,23.01047826607268,27.516787133260756,316.89984859935544,2965.872915272838,0.2230891387214101
2012,4,焦作市,0.6616797563592505,0.5060446179257879,2.1593225199280828,0.5643735594570761,26.404458217376742,28.465632812530803,505.5695762149576,2807.8508787950173,0.2832387130223988
2012,5,焦作市,0.6750512437405474,0.4996116361077073,2.339485798554644,0.6089065605046323,27.47777872032238,25.892533126329173,271.4164821964065,2811.7873946655827,0.3253156019698816
2012,6,焦作市,0.6884188036661967,0.4931804300235372,2.261715698893201,0.6280506069664287,20.41178693581296,25.194099585204462,76.9898990066916,2722.961804939567,0.2530161274993189
2012,7,焦作市,0.6933385580373104,0.4837624037004613,2.8467506513255074,0.7046805863176416,19.91515230038209,23.0553117439786,461.6953081055567,2700.091136050816,0.2791621893356333
2012,8,焦作市,0.6984252923987944,0.4743443773773869,2.1474883846663717,0.6292539578602828,18.24359385504418,24.51684149203569,387.8854320564584,2367.272581151857,0.2460940328463645
2012,9,焦作市,0.6757268422357262,0.4490919256219729,1.741878304742805,0.5275581544242091,15.994076024576524,22.013389958075653,331.32697267219646,2626.0261888300965,0.2882072474194914
2012,10,焦作市,0.6544507916654613,0.4238394738665618,1.8455944891381868,0.6004010474810886,17.531162826248135,19.301495560624744,88.5628471003687,2667.9728349996058,0.2831186017691743
2012,11,焦作市,0.544222899939857,0.3548431114965492,0.8456995692240421,0.3902607601897677,10.169391544590354,20.68767137481356,141.21362838774124,2168.8506930675617,0.2319775439890228
2013,1,焦作市,0.4989062603835339,0.367369018368285,1.202990831259291,0.3743248327376182,18.41639644263824,28.307227851264948,832.5054239229021,2808.8676970496235,0.276105185060497
2013,2,焦作市,0.5913838218412166,0.4384792549481868,1.8679454673231397,0.5335352404031223,22.51792497746578,26.205740239886943,279.3613453767209,2179.5438890701425,0.3058180267336056
2013,3,焦作市,0.6475295945683931,0.4760994542325926,1.7365497820977829,0.4925488094379166,24.72714199741243,25.63963246005214,703.7745050752267,2432.1792220467805,0.3489098573514694
2013,4,焦作市,0.7036753672955329,0.5137196535170117,3.0431036251224297,0.7070873801987891,29.846022654316634,29.061727716636938,203.74273869140768,3090.666806426984,0.2677712451875429
2013,5,焦作市,0.6919922844844353,0.5052306447728434,2.6912468591780145,0.6905807804745527,26.474366561729084,29.357412276202638,180.754813852858,3218.4464042102,0.2398404596579669
2013,6,焦作市,0.68035785871377,0.4967416360286749,2.532520629446088,0.6830751892544445,26.70426963851008,31.213937166578077,88.5301356703559,3386.467833309064,0.1662432437749651
2013,7,焦作市,0.6506904561415106,0.4647635494178153,2.404913325335093,0.6456230082760196,22.27429227559538,28.78816841274992,0.7390505589693267,3279.711283583862,0.1258976026644845
2013,8,焦作市,0.6212599443170775,0.4327854628069593,1.6586331658890587,0.5577764623695761,16.10500810928882,26.25207293552593,52.30609085211057,2850.887365543654,0.1312884539185766
2013,9,焦作市,0.5329166061412824,0.3763929818834414,0.926805838912465,0.3940264201830776,8.374264374803714,23.48990698760549,55.97343470504281,2494.7668788853853,0.1304359034086456
2013,10,焦作市,0.4447298636816746,0.3200005009599281,0.7451826998306398,0.3148253679815366,8.667067157901569,26.074907012771323,28.698862728087924,2928.368308528495,0.1338054983156743
2013,11,焦作市,0.3673515839323972,0.2501795755299309,0.3807895294685631,0.2031731765034196,5.302307199977802,21.200597299376383,103.330543734783,1850.949453979357,0.1656012827300758
2014,1,焦作市,0.4959621307244656,0.3237350810685268,1.2945304919192784,0.4379095663851299,11.148515428800703,26.78512647494957,327.1618362295623,3400.862019809893,0.2658411910563438
2014,2,焦作市,0.5599004140491053,0.3603857414941595,1.490491363415078,0.4882676796486183,15.314095312131258,26.734771698536484,295.9364585331473,3134.635843128917,0.2313831086652104
2014,3,焦作市,0.5746106744370374,0.3926886284969948,1.9927118261226295,0.5857108255594482,18.7797063104781,28.61977446552787,188.713010972731,2940.373975776712,0.1825718149806338
2014,4,焦作市,0.5898187475220226,0.4249915154998394,1.8891244840845656,0.5718630431766466,19.63891209996923,27.71113301501264,204.7956549750164,3376.136612394557,0.1826800241545828
2014,5,焦作市,0.617465275028247,0.4529012781042125,1.873485501209304,0.5202334945131102,18.48797078237051,24.78526152091878,549.730485863317,2025.5182022199328,0.2380102299751231
2014,6,焦作市,0.6455397515053038,0.4808110407085881,2.2298188497627534,0.6260943493989897,21.5127538263765,24.977523984268032,115.21093847984532,2869.685056618124,0.2401155732510932
2014,7,焦作市,0.6532279728101056,0.4688375743580939,1.8963268237171544,0.5804178034947738,16.836189591292346,25.3329429506582,62.275784016945344,3022.99509553031,0.2055938537457274
2014,8,焦作市,0.6609864509987801,0.4568641080075928,2.0389260037670907,0.6166064167067241,20.56168783884966,23.0363310813955,371.9914179311462,2353.304017886907,0.2256809465443625
2014,9,焦作市,0.6124670865221455,0.4106032356004436,0.4950295327153483,0.2095859965937582,15.925371998131356,23.31962497281772,280.1425543537947,2435.6904025503595,0.2304231852072365
2014,10,焦作市,0.5640823009986148,0.3643423631932894,1.256003549837354,0.5114340848144848,15.090360513907044,16.728694252380322,1586.1560576390766,535.8825927647399,0.3922165742007327
2014,11,焦作市,0.4974810777542756,0.3130555291278909,0.8196484099185573,0.3769238065428239,10.445047236669849,20.652148881767967,21.58459463504829,2558.1916648990145,0.3084192709040029
2015,1,焦作市,0.5080439447016277,0.3463109860289501,1.3828051921638718,0.450474819160748,16.865900234345585,25.40508883506732,16.42448365990479,3367.303016208138,0.2270149483840049
2015,2,焦作市,0.5384758486090304,0.3586855690793229,1.3179148118419388,0.447746822120138,18.22944377407753,26.875142529375243,580.4850381981825,3056.040916931196,0.1985675068485712
2015,3,焦作市,0.6010808903714056,0.4198392759113639,2.2850506689501784,0.6336677576687086,28.022514696377883,25.77938908941422,365.1802858570017,3074.419709422526,0.2866423979839528
2015,4,焦作市,0.6640694026365374,0.4809934186218185,2.0764950819983863,0.5759202688373739,23.63264379387084,28.94449512053459,171.52190734203234,3170.881789625535,0.2026833909682848
2015,5,焦作市,0.6744928725406829,0.4933334797206679,2.285460439925908,0.5996957530329774,25.783746496453965,26.409361100710285,417.62317902974354,2598.450987948365,0.273271653126521
2015,6,焦作市,0.6852675327235085,0.5056705973471972,2.5690016283415598,0.6847589781020834,23.00533810849978,27.234090373574173,66.85410132618826,2975.842559631766,0.2011236878731739
2015,7,焦作市,0.6708487479702092,0.4841924853003722,2.314824994093901,0.6474638062383886,22.059899885198448,25.063498495554896,231.9336202345485,2787.626604887662,0.1901517697702376
2015,8,焦作市,0.6567553965267537,0.4627143732535458,1.8086319912861968,0.5631513873438887,18.045012449044105,23.36611485556654,640.2875179308027,2745.051791667298,0.2609024863660564
2015,9,焦作市,0.6407464823396181,0.4524847154183368,1.9835214848656584,0.6269578860191474,15.48597693611832,21.623863437345403,380.5611041683568,1883.030235281577,0.317510040680628
2015,10,焦作市,0.6248502440972911,0.4422550575831219,1.6281179751301822,0.555463617971063,13.893563499402104,20.222330254198795,29.34012588223417,2890.451145981244,0.257938403123663
2015,11,焦作市,0.5109810862363497,0.3539526153419724,0.7941622346088217,0.3691442565668062,8.6961736262078,22.115310237540605,27.11631931095176,2499.140682580126,0.1868793434439443
2016,1,焦作市,0.4364778108216769,0.3040458284258343,0.7664638077823702,0.2907181235382006,16.676254841148733,27.287682131186205,163.85388416538598,3040.4752403514026,0.1592221079188084
2016,2,焦作市,0.4552222950937948,0.3333146064596837,0.84744516148508,0.3175286024077948,20.500512331879055,26.23072713692404,496.24434877710064,2183.3739372597324,0.25692110373595
2016,3,焦作市,0.5738222388199784,0.4360757711394706,2.292879689560882,0.6159079013165945,27.36353830419233,27.35546620845362,1064.9244847166212,2500.48295778594,0.319594017889494
2016,4,焦作市,0.6929051568933436,0.5388655824349431,2.539547765750857,0.651039085159748,27.374243913118185,29.1071508749146,366.8140596843779,2993.6050193703786,0.2538785204136494
2016,5,焦作市,0.6873300109065975,0.5295132106550985,2.164151715019666,0.5754410269933715,30.74566885769601,25.864909143405946,441.2602744476077,2560.259412757504,0.3201488086734049
2016,6,焦作市,0.6821722662277584,0.5201924532035873,2.234177999654763,0.5923566675644478,29.896353230651197,27.68560844720332,94.79612099477626,2411.4339836340164,0.24100147603862
2016,7,焦作市,0.6714770998944242,0.4909610462063861,2.319169364944694,0.6218764358555317,26.15672878790148,27.41079570887384,538.2120320197027,2294.742262108672,0.2387225901877883
2016,8,焦作市,0.6609038185583663,0.4617339952850239,2.4070907909588994,0.6746133891054578,23.151917027949143,23.996857671558278,25.47621597709924,3284.9563863445364,0.2127650056508885
2016,9,焦作市,0.641035721204364,0.4458472113981441,1.752250037333632,0.5904123242204145,17.763573655135573,26.16026355436768,20.11533518237675,2884.909230045301,0.1428224416462975
2016,10,焦作市,0.6214980234961526,0.429960427511255,1.0363872181586606,0.421342969268178,13.555706145458526,23.714400323107583,300.87043061279314,2627.598345439389,0.2420527629768998
2016,11,焦作市,0.5096197101499361,0.3425600600665741,0.9151167257498029,0.411871762259468,8.62821922091704,21.652505612360237,116.9792097844459,2108.853902600302,0.2131137684979813
2017,1,焦作市,0.5307319566193652,0.3686313338207803,1.5737553896626328,0.5093991547711791,15.007196648061296,29.533776992814,396.999295135358,3304.2486558628407,0.1864003025227361
2017,2,焦作市,0.5942818137113931,0.413061945646652,2.104653346559444,0.6007776814198861,17.064959295053455,30.167192139517567,178.33606245083038,3329.2122422090997,0.1812916371988867
2017,3,焦作市,0.6216899591234945,0.4541771577032368,1.730225863454453,0.521729579611266,23.2344328189308,30.48974445311384,223.81089756730665,3068.139239266215,0.2054482460871039
2017,4,焦作市,0.6492504235035401,0.4952889178764474,2.270155314488182,0.6145974360128379,27.618691199922743,26.06689942452221,266.8583718646007,1950.6439140376435,0.2381153167416503
2017,5,焦作市,0.6646618049129892,0.4923970125556309,2.371702189305324,0.6305253734079461,24.941241225154062,29.547424278735683,196.9778543439459,3035.575350371195,0.200675198970566
2017,6,焦作市,0.680147591347314,0.4895033386889567,1.8057738956694267,0.517810158583502,22.88283880394828,28.857520428970474,164.3950590000055,3197.6604256212586,0.1673956473432022
2017,7,焦作市,0.6389281864856866,0.4510673510295545,1.7259865561459191,0.5278647665892794,21.075258381931928,27.677992083469707,152.43870770927057,2355.6348546568674,0.1832054687092577
2017,8,焦作市,0.5977752366254137,0.4126304574412273,0.4671308002497664,0.1880719108439839,18.000439139243685,21.19743653410758,552.2829362142843,1331.873673121633,0.2581431523821329
2017,9,焦作市,0.6199574240134457,0.422174914011292,2.0096883508288217,0.6089617491943803,19.629808732119457,22.021432886495614,351.930274265872,1858.0291320562008,0.304693507890966
2017,10,焦作市,0.6421373864962633,0.4317201429196478,1.2303446527553092,0.5015479165191605,13.031219737899372,23.09243944548972,13.149983053746034,3005.405149072505,0.2447635402448084
2017,11,焦作市,0.5027209337835514,0.333721559522416,0.6573722324315927,0.3166591144662955,9.678155071739871,23.759802588770853,203.9480448635696,2147.5860571109297,0.1894469403797169
2018,1,焦作市,0.5121540649737215,0.3564211712572208,1.3882080236077692,0.4557843380544923,21.51982478832894,26.732019711353622,306.8280031261678,2700.608239168416,0.2328782136944105
2018,2,焦作市,0.583215698663103,0.430336031604436,1.5588211409553314,0.4853491416134158,27.71378575251412,26.355435628698128,913.144044387702,1981.743748548758,0.3412702012180685
2018,3,焦作市,0.6243908694375422,0.4689144617003426,2.7041653238694527,0.6794917719342359,31.627410738590832,30.319916433011525,116.1480379986221,3378.976378702556,0.2563922627448974
2018,4,焦作市,0.6655722712514176,0.5074928917962496,2.1577824776600107,0.5640293638593352,30.340739215241403,28.017773553071084,556.7347021168374,2536.4434283355067,0.266222629750985
2018,5,焦作市,0.671734698601865,0.5062033120003213,2.296327496494317,0.6132383912285495,26.369255221719342,29.11473878840532,272.7789607679552,2791.74164412471,0.2825774872272182
2018,6,焦作市,0.6779017991439847,0.5049137322043906,1.8095128386853632,0.5456721353530777,28.66419250927801,28.41814473318154,173.47571349787333,2894.827335465472,0.2237191059934693
2018,7,焦作市,0.6464589458894376,0.47925322071515,2.3536206169389646,0.6549553308994165,22.43607486226449,25.094883356532783,1366.4788555232712,2476.5411730659234,0.3254854820860871
2018,8,焦作市,0.6150160926348597,0.4535927092259166,1.5561450536424364,0.5358775513422521,19.70901820747568,25.930894148686328,47.72085626111,2486.287834181974,0.223410406066824
2018,9,焦作市,0.5692339044546888,0.4016549926162555,1.4786849443701051,0.5268220120363468,13.133067778766442,23.665550264449685,50.299789331940936,2837.241396686691,0.1786467412102051
2018,10,焦作市,0.5236894842935363,0.3497172760066069,0.4820645416168398,0.2191812218164137,12.593885634257417,21.12748199351227,863.0228703064142,1527.2665112994666,0.2583405279708444
2018,11,焦作市,0.490504758990661,0.3164796679733113,0.9284756720438035,0.421242465170538,8.255204201819481,18.54647385300884,554.2271029225725,2032.567053709744,0.3428177505890334
2019,1,焦作市,0.4075352829532067,0.2855954483750142,1.1039902528913577,0.399359766420593,8.828342929891333,29.50056140537828,9.552526049234126,3564.0345245705453,0.1344016967177018
2019,2,焦作市,0.4450607210299475,0.3250739134584363,1.4066237787714757,0.4801142491574192,12.142969052929905,27.93648545339412,223.84594679284623,3121.48369829404,0.1824485772101974
2019,3,焦作市,0.5107304745153587,0.3864803082768392,1.596483051417655,0.5143410499780747,14.190627692154308,31.12536858522414,43.65714458145919,2946.028197272145,0.1372719919501678
2019,4,焦作市,0.5764550183747178,0.4478880934723364,1.5510328343973714,0.5147703105385537,19.853941773831554,29.89571634870372,833.6558600930788,2737.3939000855617,0.2441316302489352
2019,5,焦作市,0.6133975862643346,0.4688973535701654,1.7104555209315393,0.505929494157573,22.741087826026284,26.124372178640424,761.4937125534831,2169.1619938489966,0.3522364255103356
2019,6,焦作市,0.650371202606051,0.4899048160979619,2.393924556744596,0.6577593280565341,22.878363758837462,25.96047532678564,235.2112483450946,2994.29882247542,0.3163417752809698
2019,7,焦作市,0.6425531616785356,0.473544606258886,1.7476430738024693,0.551436113623923,20.46869223543365,25.56266614892934,404.0733829685903,2447.2009638364893,0.2736821793185303
2019,8,焦作市,0.6347415516776599,0.4571843964198187,1.993646644595122,0.607499280348921,18.65409542148112,24.58960717943218,40.3795600817293,2842.081123867768,0.2191807836787976
2019,9,焦作市,0.6172584448574241,0.4287569405932561,1.6523688211200085,0.5548873186341391,16.5521412338971,25.445376035849044,75.9772717004191,3037.9881503564493,0.1562680455212562
2019,10,焦作市,0.599798576951213,0.4003294847667037,1.5040219616550994,0.5560929404270127,12.058309810680448,19.96596460983852,567.1649587802086,1339.241088226862,0.3302082019264309
2019,11,焦作市,0.5438661041697717,0.3638226927554182,1.2273968571816067,0.5046950659178375,10.67764883694518,20.86364455076403,18.556082001963173,2645.6270634191665,0.2485587997362069
2020,1,焦作市,0.493369224788884,0.3339916082340138,1.4150722011309007,0.4823860149903429,16.434084384873426,27.090399071699963,274.74429873381763,3228.35735603611,0.2411760820599298
2020,2,焦作市,0.555012581511186,0.38499369066079,1.211716669457094,0.4249931608332177,19.31809697159893,25.032494707741595,159.58322785787055,2355.0293584073606,0.224633905443969
2020,3,焦作市,0.6176149608931227,0.4350325524509421,2.288777915568479,0.6227000756819253,24.368923764510264,25.002553686437995,186.31580492160305,2712.285357532575,0.2177026789793391
2020,4,焦作市,0.6802173402750671,0.4850714142411024,2.1842082360289425,0.5784209807680503,25.783748992725023,26.481775093814036,160.37951129627896,2415.981754266948,0.21348765664873
2020,5,焦作市,0.6882233944318569,0.4949998314127378,2.173527853088423,0.5884391496139542,27.824668784409624,26.33685127348094,1005.2615979514338,1951.9234737813304,0.3453712438680575
2020,6,焦作市,0.6962294485886644,0.5049282485843587,2.049553777732595,0.5815268001368389,29.783120368887,26.58657513229187,381.62870640791175,2377.9507141064023,0.3322602813855748
2020,7,焦作市,0.6647882433783651,0.4764592790201449,2.0221240233977413,0.5953896612776016,26.641658080214363,23.810561788275383,316.19573308610364,2008.0015823005815,0.3305727971788133
2020,8,焦作市,0.6333504164129619,0.4479806344570242,1.9946942690628875,0.6092525224183644,27.082948534912685,25.242634389797377,24.13490920625592,3383.584570873203,0.2351615415265299
2020,9,焦作市,0.6143185099346531,0.4299586137479115,1.9506916646428472,0.6120072132750397,19.371584540199827,25.43881150733711,104.44487725101074,3163.557563804004,0.1631605387709248
2020,10,焦作市,0.5954364600599839,0.4119270175816933,1.354115455634482,0.5292416636832894,13.507632650399003,23.305928850150927,14.685214604517554,2817.457435429289,0.1754844792229753
2020,11,焦作市,0.4308337089203009,0.2999695544797552,0.509525968870817,0.2365529480106186,10.297116978929331,21.58824190728772,22.716462652766086,2202.156105498543,0.1381158324252006
2021,1,焦作市,0.4796413725573223,0.3197062627969028,1.2873522509471456,0.458997151615483,14.168096195656112,27.7444274044417,318.0068563535656,3074.842328769043,0.2165725193827836
2021,2,焦作市,0.5539031304289527,0.3612759735088079,1.6426679577372385,0.5256129552192637,21.49031388556452,29.209062527195496,1087.7191734806463,2933.966704625469,0.2722539925670151
2021,3,焦作市,0.6027328025357215,0.426451796720692,1.7711079064120303,0.5288238783865552,26.31232419726064,24.30231750063393,2447.79067917782,1368.7382674993123,0.3896161298970241
2021,4,焦作市,0.651597273922423,0.4916276199325807,2.4560403706055003,0.640467754448215,28.47939262538775,27.07067339358566,254.3537783636853,3297.089883087923,0.3239940745612299
2021,5,焦作市,0.6582599453462185,0.5023118520450555,2.40691828425478,0.6423575642331304,20.993175969995683,27.06253786105152,61.35374632426954,3250.979457919867,0.2470888497941654
2021,6,焦作市,0.6650890903611073,0.5129960841575257,2.116174667973474,0.5874861137672835,22.2034042390088,25.19991536355832,164.27912901808833,2596.132602852728,0.2485268429855618
2021,7,焦作市,0.6645023028329285,0.4943943901475566,2.370294358796081,0.6483904675625678,19.71631726337165,24.756835281678807,1547.8007990001452,2661.837355936052,0.3042013147588598
2021,8,焦作市,0.6640482079785868,0.4757926961375948,1.8369809992263764,0.542537165428439,20.730277312994275,20.854860349208483,1615.3637931724722,1572.9484836094446,0.372839531995277
2021,9,焦作市,0.632225597697021,0.4384999506690259,2.119166999195124,0.6393562619128502,21.447650305437183,22.366116875387476,371.6922335466666,2455.431638055144,0.3724329720785008
2021,10,焦作市,0.6005733583369283,0.4012072052004467,1.2521222151708875,0.5017747240675896,12.990874220944525,22.69449048880828,732.8496747949279,2197.731100072732,0.3224310064413621
2021,11,焦作市,0.5302192789630902,0.3323885921474631,0.398375380808275,0.2031987646486359,14.780219818696716,20.6126899916716,1351.1320297612888,1673.9908080823602,0.3867690408909588
2022,1,焦作市,0.4602977004576567,0.3201221754239085,1.3567196550439289,0.461970268429262,18.162539039431355,27.30942739180614,997.6001259162232,2902.015891536434,0.303986651027207
2022,2,焦作市,0.5554463578974395,0.3758972571799053,1.6843793310035289,0.5266761528258892,19.758339031401867,26.153198692746223,617.3080160098917,1653.104552677514,0.3006017003820327
2022,3,焦作市,0.6215510064358883,0.4338668127930272,2.463201990670586,0.649498076739392,28.55209091637568,25.307477043528205,1133.5693945937032,2836.9788281966603,0.3393835670818398
2022,4,焦作市,0.6877307918810409,0.4918381675766139,2.3228612686990977,0.6098441401211916,29.642483821047705,26.08940129271356,538.9785071570742,2799.233522735217,0.343887680310235
2022,5,焦作市,0.6676300187630683,0.4989183884091426,2.4508946117600767,0.6560944271544465,28.017840860886167,28.918220933348813,160.5513854075955,3008.50861802342,0.2702910684964619
2022,6,焦作市,0.6475401704922791,0.5060011309290031,1.278400365108558,0.4277842186089183,23.915187535348743,28.5410171216158,60.88161870454162,2624.413060808143,0.2208163608189113
2022,7,焦作市,0.6539851273076153,0.494843973742249,1.1058674889107374,0.3729068223362974,19.475732966006404,27.40264979490164,151.23387777856456,2499.0765247349573,0.1823262378546598
2022,8,焦作市,0.6604364808075942,0.4836868165554792,1.9004825798116136,0.5956430906769289,21.24094492559341,21.33712469346051,435.42508920673134,1948.0158983630708,0.282250388684659
2022,9,焦作市,0.6494019025754935,0.46415929985309,2.226968788870807,0.6550833129845868,18.958976629662907,23.52778217333165,72.87713397596382,2594.73863517003,0.2054014354028913
2022,10,焦作市,0.6383674037873446,0.4446317831507062,1.5380566818139951,0.5681119355757546,16.834396943328343,24.10007387051396,6.438586302860231,3061.6075694198653,0.162970511925422
2022,11,焦作市,0.5659854818702804,0.3906954741738596,1.1660255926669991,0.5032701749905009,10.587869213989006,20.862530008829133,0.1752608524944413,2611.595431704505,0.1326828211596148
2023,1,焦作市,0.4821396062832457,0.3285364019123343,1.1012509906919672,0.4111802939352771,11.56727530929571,29.166923408541724,289.26685055015145,3148.049941534377,0.2154914557731606
2023,2,焦作市,0.5435792017100981,0.3738003467683135,1.5860904737608523,0.5225610385430075,19.06282533734333,30.092458279274204,351.3268677204656,3120.933720509539,0.2172710427338149
2023,3,焦作市,0.6115641174671712,0.4360260871455235,1.895546782613808,0.5676095722526396,23.98105229725024,28.918044202649952,205.09495705585172,3092.3780486568467,0.1796113399323153
2023,4,焦作市,0.6795532841565778,0.4982580763329896,2.706861561412418,0.6840237163906069,28.365239291538256,27.43298283766354,974.1314840299908,2161.768520448407,0.2733252884309361
2023,5,焦作市,0.6782163589967785,0.5053512673820307,1.98661101585622,0.5783521126418767,24.35428487846108,28.164222437051446,347.29581258553395,3016.498297644863,0.3152295251480274
2023,6,焦作市,0.6768742508351868,0.512441182471179,2.409597619647992,0.6562367305716912,27.725441418747327,27.806905676932395,220.16004760902567,3066.727525972168,0.2558692379243704
2023,7,焦作市,0.6776949211812932,0.5125429346551518,1.9431911468248813,0.6077987919567518,23.35354830749859,26.123205721657687,626.7156921065096,2510.976918308037,0.3037505178180906
2023,8,焦作市,0.6785340835316875,0.5126434558017964,2.5560171046447127,0.6838650942649105,27.35946460081515,22.670985613306737,667.0677463146752,2517.0610291324574,0.3365084696196525
2023,9,焦作市,0.652574881360102,0.4752969164586532,1.874763105204507,0.5750467695994015,19.53510042766304,25.266681987439327,83.87664410997577,2810.1916127078084,0.2402103611799998
2023,10,焦作市,0.6266939211783777,0.4379503771155213,1.821303221367673,0.6379233660391053,20.93647688329429,23.819625528528988,112.59666698746987,2501.854060384616,0.2479697858585145
2023,11,焦作市,0.5162600415674604,0.3698566088320102,0.3817280151284019,0.1962834532972127,12.8224824050218,19.2380521250016,911.2927730278392,1403.0110737458092,0.3461713232427414
2024,1,焦作市,0.5142602706343811,0.400409708227959,0.8546994428301945,0.3353072446859941,15.03750259084688,25.287354688451003,1161.808375532755,2239.5620125043038,0.2971548009672012
2024,2,焦作市,0.6449656759235771,0.5207533366807175,1.4843836158224366,0.4834851058145684,22.244481505591192,26.746556465363916,345.8496313911879,2712.0808253504533,0.300605230064639
2024,3,焦作市,0.6692128055808872,0.5386009889955804,1.546961815148572,0.4790833801520152,27.36118125612441,28.349175534009817,788.7788964369709,2316.090819448212,0.3498518057961834
2024,4,焦作市,0.6938437280815288,0.5564486413104311,2.7363507392940365,0.6749063455468327,33.71998592479111,27.84812683209592,557.070211330975,2616.210690052695,0.357477000815495
2024,5,焦作市,0.7067949312547592,0.552068465241503,2.2002870277297646,0.6004355581966686,28.631754116484867,27.67960861601412,626.0931062157589,2291.731385160822,0.3349545718317671
2024,6,焦作市,0.7197472876406259,0.5476887481077636,2.684636602126435,0.6650966030925665,29.71075304358676,27.353781053856675,110.3919627570613,3284.323238424697,0.2757865009136879
2024,7,焦作市,0.7068498093693724,0.5408033674728148,3.0705693647682057,0.7319952157817574,30.48584399867565,27.60078593033623,334.99796899469135,2998.4739733044257,0.2799377566108024
2024,8,焦作市,0.6939533467417788,0.5339188698882135,1.8885102219128167,0.5807087984044155,27.063378344071133,27.199623415427304,41.71427536046259,2857.063683912048,0.2256613744103999
2024,9,焦作市,0.6739770204722627,0.5013877509559398,2.1504513563298566,0.6630349533147618,23.511269224801783,26.72094377394901,98.06286149604996,2505.669562075112,0.1691568385035295
2024,10,焦作市,0.6540006942027325,0.4688566320236362,1.5073747801617507,0.5718703516330991,19.17628732580072,24.79430120845193,22.6426442799292,2391.5983334336047,0.1659251677818688
2024,11,焦作市,0.5666321073015319,0.3936746910749669,1.0742536915065628,0.461263684123803,12.220252628083882,21.207260245932357,132.70002931286598,2301.791677118027,0.2072645697626065
2002,1,许昌市,0.5891136737356776,0.4191885376678627,1.4219322475992917,0.5116422767475238,17.36016324952798,26.73306185574924,215.90772935747245,3036.569421729639,0.3234056456760795
2002,2,许昌市,0.5891136737356776,0.4191885376678627,1.6732310178105076,0.5699433097059692,13.510605684623982,30.468782615368745,4.033716445898521,3727.935737804044,0.2003706750710517
2002,3,许昌市,0.5374685413199733,0.3961490951899231,1.717232640629031,0.4835674101581466,20.74004725648763,26.624123755779003,621.6061817242087,2571.7043203900366,0.3127692582974697
2002,4,许昌市,0.4858166979868511,0.3731069633921519,0.4105199575618602,0.1731165842356384,30.257578923656705,26.256201938507395,314.3244990445133,2389.810172885707,0.3377362890775353
2002,5,许昌市,0.5805589974496198,0.4462441888193873,2.65186552956268,0.6433585149507646,28.679075656721498,27.094477932916536,265.4517296832798,3186.480913933477,0.2869823057826173
2002,6,许昌市,0.6752838223832525,0.5193694179815733,1.5424022487625768,0.4579425783586454,22.72914192745573,23.76396888078541,188.3019397540846,2741.8735055491507,0.2237201915538255
2002,7,许昌市,0.6760642574981307,0.5002209260477316,2.24542751074618,0.668017600633493,23.756579295291107,26.39831197007006,621.2626729383364,2248.8531057749587,0.3009010145731978
2002,8,许昌市,0.6768433091957005,0.4810715779436468,1.8604504321401456,0.6094443496610968,18.772810606241187,27.469939132253664,38.71970837006618,3521.772310187985,0.2619317128731586
2002,9,许昌市,0.6241401947861858,0.4433074166787377,1.3885525697863357,0.5237701823768981,15.218804667481924,23.875211782625662,118.71753826268991,2829.5770849307896,0.1771358488072408
2002,10,许昌市,0.5714370803766742,0.405543255413827,0.9749869170720554,0.4328851559775745,10.38637530604597,18.78325018190233,333.0082283185281,1978.2423972148983,0.3205881016024431
2002,11,许昌市,0.4664718618242428,0.3187160123348074,0.7707370530141227,0.3875246025833061,7.538665833327779,20.35604408330077,200.9871209409569,2477.6154512553157,0.2937512722579837
2003,1,许昌市,0.4407950730102302,0.2745357036831062,1.0159087314418582,0.403016119707364,18.17025656027152,24.72122547163116,803.2168446232965,2400.5444114049383,0.3688915222051446
2003,2,许昌市,0.4881741360647103,0.3110127108914789,0.5034835723809037,0.2012045592072912,25.460707017213533,21.985476179293528,1062.2077374334317,1604.19391634559,0.3884326220139312
2003,3,许昌市,0.5950728517767525,0.4338715661539755,1.813226073123246,0.5701786666496411,28.823452782520068,26.541660569241365,732.7170586405164,2670.775752354437,0.375873519152004
2003,4,许昌市,0.7019715674887702,0.5567304214164666,2.211527209204756,0.6011897390685934,30.104025194931555,30.24287740700353,70.05808299291512,3389.959012406477,0.2822000952916692
2003,5,许昌市,0.5903144140185734,0.4659790070601424,1.3353599242129717,0.437165541428282,27.043701321381477,27.737125089623145,549.0281932473079,2625.632391859159,0.3055768938700356
2003,6,许昌市,0.478657260548375,0.3752275927038393,0.5038534231712277,0.1925510057961833,24.43371242604255,21.391835972949373,938.4820530415788,727.8249864148476,0.3997314065412583
2003,7,许昌市,0.50449024648154,0.3835128054628166,1.5198932384357988,0.4699301978427465,27.369607189308617,25.124907335491447,834.5807158356754,1983.0804350026224,0.3806397347843858
2003,8,许昌市,0.5303232324147183,0.3917980182217983,0.1797584970065384,0.0849766373958324,17.092498229394042,20.00943404938428,1776.8097584105064,1222.6366239595488,0.4158049237476251
2003,9,许昌市,0.5862573760050804,0.3987384835040466,1.7227157438650245,0.5842167937408693,16.897123779183374,21.058330864411115,425.4433171292895,1572.705315671671,0.4006778139955114
2003,10,许昌市,0.6421915195954385,0.4056789487862964,0.9821385347060286,0.3968417205266777,21.41878966894453,23.97008737326188,233.30392398372,2677.9087728836084,0.3388847496174074
2003,11,许昌市,0.6050968574602529,0.3763917926676396,1.1071398520273257,0.4928069360163743,18.334457849432603,20.58697837516857,266.4845125459965,2568.966545647213,0.3602056951833001
2004,1,许昌市,0.4360027133087445,0.2830135083430151,1.0186624750824211,0.408227602782453,11.036007885392772,28.82285207867693,110.61112305363484,3674.832729956205,0.25623072092929
2004,2,许昌市,0.4555579259710144,0.3165325206688004,1.056504820395996,0.3770619244659371,19.80595068165954,25.073068075400556,1987.3934055716893,2460.677163094996,0.365215296926475
2004,3,许昌市,0.5841325946087208,0.4167205217735307,2.720679641293541,0.6970701147029154,29.15958323646444,26.915285676490655,917.5014719144413,2829.375541212422,0.3779983651402691
2004,4,许昌市,0.7127072632464121,0.5169085228782553,2.1460167570256754,0.5645258641226755,27.40077198302842,26.883985885035848,455.56186851789226,2168.451020649935,0.3770973766389832
2004,5,许昌市,0.7242980221449111,0.5382490055595657,2.5850317599578534,0.6462854875641162,29.819115742455363,26.496992293587542,513.5739711461208,2214.535549390053,0.3835735509141996
2004,6,许昌市,0.7358887810434281,0.5595894882408867,2.635510170657365,0.6789004475238233,27.570584639679545,22.626263929623548,1103.9432245229114,1703.3662880429467,0.3954123267291408
2004,7,许昌市,0.7157607061312442,0.5113001626844726,0.919554642212686,0.2924343065587431,24.45370472357373,23.077867232259504,119.72167773534083,2385.667953346567,0.3607759440940893
2004,8,许昌市,0.6956326312190683,0.463010837128053,2.2955624692997123,0.6761548479976325,17.67220062221107,23.613013194637443,161.2080236041872,2390.4402928358945,0.3512001793624117
2004,9,许昌市,0.6766735902474027,0.4401734864686334,1.728593364763752,0.599853741852275,20.36435608259522,22.096816496449428,288.8666012230196,2487.833313275421,0.3619994332185409
2004,10,许昌市,0.6577145492757452,0.4173361358092208,1.2480962061097145,0.4842688160828394,12.486293260087086,21.38656593541887,119.46410706076854,2697.927971681964,0.3001951022426298
2004,11,许昌市,0.5656853389082719,0.362627004871982,0.841816083122465,0.4140242585567988,9.491201519468063,18.82374522769899,473.5832188152528,2491.5201076475364,0.3525606861118568
2005,1,许昌市,0.4684303097853575,0.3255845299900948,0.7910050982408346,0.3095878234850539,15.60105427925894,25.391679468902787,1451.5579386374409,1717.9332863896282,0.3758502118542414
2005,2,许昌市,0.6225225055793231,0.4429450154372971,1.6818465222778805,0.5684298833172451,23.66856432320961,26.362396931404337,736.1377764126169,2975.884526336451,0.3571071756803682
2005,3,许昌市,0.6254072155188557,0.4714190784133704,1.5967806577263608,0.4703259799599296,25.46946534935381,26.55022251053851,1027.4013065681702,2075.918298202294,0.3994597277236427
2005,4,许昌市,0.6282921872785475,0.4998960403509036,2.5916169706865424,0.565683617624639,28.54617580156744,27.348828112516543,1095.1707922011678,2765.815531074114,0.3952264591652786
2005,5,许昌市,0.70485903553903,0.5373056814820332,3.725761508636105,0.7907788918409443,36.42541902245291,25.93706186394905,590.7242076942248,2524.8073175234103,0.3848288364808323
2005,6,许昌市,0.7814169852633465,0.5747085223367461,1.3873903680671722,0.4249538001973001,26.10036973330831,27.67589369262228,379.3541354471727,2739.803650253151,0.3272888846355652
2005,7,许昌市,0.7591365019574532,0.5418999474005511,2.4151028222183117,0.6589936547093029,25.09373994903278,20.182227419903743,311.54931456973674,1734.7628043727732,0.3830304994038848
2005,8,许昌市,0.7368560727069384,0.50909040790436,2.261853154355149,0.6442935865131586,23.134473796528624,23.396792146362248,1167.0764614962804,2238.271563947028,0.3756693355628968
2005,9,许昌市,0.6857116614034687,0.4561984120106497,1.8136229665331736,0.6018338137694921,19.702994969028502,22.486992685067825,27.14933652503968,3186.318375787567,0.3406144537497667
2005,10,许昌市,0.6345672501000066,0.4033064161169369,0.515012482899225,0.2022263938490743,19.174635376071357,23.50014542998492,406.4523189474367,2106.0366116369983,0.3386263145355558
2005,11,许昌市,0.5579870723191431,0.3456380732649187,0.8455962540814841,0.3904197206007982,12.678900804320994,18.40013994209151,969.1798947572036,1534.710311910309,0.4006991987088564
2006,1,许昌市,0.4374487480396637,0.28514617868965,1.0853547006142945,0.3923589801360045,18.22859333865677,26.94875577483896,936.6424472317208,2725.8259458212337,0.373311518460814
2006,2,许昌市,0.5517332370270072,0.3585365079231598,1.603650653563368,0.5038764487762513,24.30287527660984,28.832346747885826,144.82528171419784,3140.9433343552,0.2816734423705404
2006,3,许昌市,0.5827599473562579,0.4227440520120626,1.6029618303976951,0.4823531051649922,22.77244357066813,26.67318640530696,600.0876060757788,2165.5235194977085,0.3076616342407703
2006,4,许昌市,0.6137877774077413,0.486951793724509,1.705982179892804,0.4751720939659565,28.638965460330965,26.656520172308507,435.6092210689666,2700.211713954595,0.3311814653120923
2006,5,许昌市,0.6832153410203796,0.5073437016883477,2.4500508240254666,0.6166227919201003,31.062216661117223,26.4218013556146,741.157692914793,2577.5607575900235,0.3815589584951837
2006,6,许昌市,0.7526429046329925,0.5277356096521897,2.817566772535408,0.7244301341196726,27.850220315763533,27.645384860222045,225.2651575264908,2721.724368500716,0.3257477157670455
2006,7,许昌市,0.7273020672416396,0.509462052557272,2.634173547305591,0.6827741528774377,22.938411358578964,25.40020102777582,210.69190935067235,3005.0750091109003,0.2506953191915108
2006,8,许昌市,0.7019612298502809,0.4911884954623435,1.8682593703547627,0.5996432475840763,20.252233753009374,24.893087899981253,411.5273670400227,1658.2068130622076,0.3488379177692574
2006,9,许昌市,0.660749697253496,0.4316136185722728,1.2318317608800005,0.46704723094669,17.123808417986748,19.33507264509885,523.4981319491018,2463.2100036742977,0.3649466066325681
2006,10,许昌市,0.6195381646567182,0.3720387416822237,0.7484411072008579,0.3492586610679128,9.28418539775909,20.85667099767307,9.882334462294732,2809.4486840248774,0.2749313232009601
2006,11,许昌市,0.4782056575979388,0.2772631632386195,0.2964171901251008,0.1603548770548193,9.61084563076306,22.32144214028268,108.5623400645228,2443.378222499271,0.2215544646479806
2007,1,许昌市,0.5369950942978641,0.3380279909277839,1.4963510956132795,0.5412697852224483,21.75898064945069,24.622918635612663,1553.899778750898,2132.799001447335,0.3888065175120074
2007,2,许昌市,0.6740880947760495,0.4537062758192465,1.4634649815049885,0.4315113704533496,27.457726002438054,26.24175881532782,1759.6673733462512,2742.0130596691056,0.3745488739112875
2007,3,许昌市,0.7242895389285553,0.514309830652127,1.247384060588275,0.4026215202425127,28.373073622367983,23.990184241913877,693.7810145383735,1912.8266038099005,0.3942063337476724
2007,4,许昌市,0.7744909830810588,0.5749133854850108,3.483910381063365,0.7595773471351042,30.76982819038402,27.85030616829621,201.17262179551105,3054.249236489125,0.3441900644578993
2007,5,许昌市,0.7876786844156576,0.588683185995959,3.4230179380680004,0.7500048315567209,30.3896213254404,26.712439409153635,1027.1864192165756,2336.5285755745203,0.3754792897945648
2007,6,许昌市,0.8008663857502508,0.6024529865069074,3.239197800597561,0.7221380060369592,31.65238862911551,25.32392891613677,524.8636904632347,2893.102753419279,0.3625889868036648
2007,7,许昌市,0.7281390105224879,0.5365505681918851,2.35096115735662,0.5809352708466855,31.731025525317875,27.013888579386435,243.66714681492647,2494.9304021957632,0.3301736003829794
2007,8,许昌市,0.6554092605529768,0.4706456470305143,1.2782713661386678,0.4340578775586085,23.81560262552301,23.23206926442236,301.1162831381339,1963.219886627492,0.3397196240300325
2007,9,许昌市,0.5928094669946901,0.3982410913010191,1.7960290730568853,0.5923309537133755,17.129669164986428,21.876695064974925,108.7403818065788,2737.718054132898,0.3154271604142175
2007,10,许昌市,0.5302100517242079,0.3258367629596155,1.2040578723370825,0.483391423838987,12.057320511084956,22.888731374969066,86.9246126887754,2726.302229667203,0.267291829749381
2007,11,许昌市,0.4598991830242996,0.2923697999034926,0.6237533015165765,0.33028938083102,10.0003564578404,22.74309367467994,54.41745812663841,2918.550609281292,0.2082612409231314
2008,1,许昌市,0.4484780348175493,0.3034419947255068,0.6685443208082806,0.262819477003998,16.694105361613946,26.410484334675576,518.2338542355486,2472.1194106616085,0.2736394499672628
2008,2,许昌市,0.5364987098045108,0.3558213919445505,1.1417227414852784,0.3922732809216081,22.40136280008563,27.08153129184316,591.7898420982971,2750.491648446002,0.3208203521205197
2008,3,许昌市,0.6344170018728572,0.4535161548795168,1.3486720289811385,0.4284770432091314,25.953782970947344,24.19404199847525,2106.144832217793,2232.771177030126,0.376800953383941
2008,4,许昌市,0.7323277207384867,0.5512033525698194,3.1019098877259914,0.7146639485679648,33.24268632897924,26.551819629528417,345.03753011667715,2410.0334305337446,0.3701220424726784
2008,5,许昌市,0.7526988539699588,0.5609526298200698,2.1865096053950777,0.5592598950642771,28.01318967980509,27.374310701535272,256.65542436243635,3190.0431622743545,0.3245600338550659
2008,6,许昌市,0.7730699872014046,0.5707019070703224,3.5268641948361625,0.7763184003683461,27.299154577659145,25.090338776412725,690.8962023811399,2407.8111403824087,0.3367612639294261
2008,7,许昌市,0.7611498808903892,0.5717276625377792,2.7504533391674566,0.7203712401240762,27.68876720507777,25.624578873356796,335.84494442376706,2824.394121054997,0.3572382699063174
2008,8,许昌市,0.7492297745793642,0.572753418005237,2.212867330910024,0.6687109172686504,24.742691097879028,23.386986473332662,143.18203043409693,2846.4546850733072,0.3186689129775534
2008,9,许昌市,0.7169358567497379,0.5083524409699721,2.103232587283289,0.6415046983451473,23.47863747055864,22.573834884161272,314.8179291047593,2247.977585266568,0.3175053827011274
2008,10,许昌市,0.6846419389201177,0.443951463934689,1.3599759266294646,0.560709526107556,16.997596187422598,22.912286276072503,159.55465460614516,2726.037129263824,0.3095115556188042
2008,11,许昌市,0.547944286513362,0.3422370620694648,0.7997034797435283,0.1653776796614512,14.14145813282516,20.166276854251848,147.32763832174024,1234.5485541261992,0.3449882321503774
2009,1,许昌市,0.5148072467819027,0.3732183380431053,1.1012642326742643,0.4134139930044193,19.78373679921011,28.89413049585941,558.5300166918332,3298.6351880824795,0.2342609720057783
2009,2,许昌市,0.6088101037304203,0.4480038418970756,2.474385596252381,0.645641605620626,30.089229823149186,26.04725201783886,1023.3231847207736,2593.9823886659465,0.3713575530767317
2009,3,许昌市,0.6663049513878718,0.5083953473806516,2.609996322812913,0.6511225898293983,29.90365902959671,28.33191955980383,1268.0995012192946,2710.703266069818,0.3225671701157531
2009,4,许昌市,0.7237988115895826,0.5687864237607413,1.8515277339579088,0.5130541381930828,29.45710132010172,25.50383785280864,95.03371474228018,2980.4097133741093,0.3036428343371524
2009,5,许昌市,0.7319009177496553,0.5609982089125712,2.91195866408341,0.71973549924917,30.988531862492948,25.26529684482871,362.71659917050766,1923.4693475320173,0.3249007294178106
2009,6,许昌市,0.7400019204060835,0.5532093452987813,2.791328883027539,0.7125020701854243,28.911534092780634,27.50419914227472,393.9949955068336,3199.798247535586,0.2710038327756481
2009,7,许昌市,0.7388467433444255,0.53885601473785,2.477158154420179,0.6751536009913451,25.80625869339774,25.14952087769529,267.08211671633705,2227.440145960069,0.3432291344067446
2009,8,许昌市,0.7376915662827758,0.5245026841769074,2.207280956630794,0.6397043269191823,21.214959872712708,22.28451488720262,562.8864829213599,2489.079384295915,0.3407988630054324
2009,9,许昌市,0.6193510908991592,0.4172956736069558,0.4765217630424329,0.1576734135718039,14.40915095268564,21.098292835942377,127.4378365475527,1755.2510297686183,0.3232803622103006
2009,10,许昌市,0.5010106155155446,0.310088663036995,0.9986723052812482,0.4003071880588204,13.625265943386513,20.379206265635386,237.45376384557088,1446.643568209781,0.3303494697497223
2009,11,许昌市,0.4649711157653546,0.2880995610637958,0.7440874804159521,0.3687028697505778,11.096825553260445,19.507005658614588,347.9230950641717,1913.633563886197,0.3595052494648435
2010,1,许昌市,0.4316957520022718,0.3059439183883268,0.8979257070709834,0.3454186395486616,9.022145969142112,30.479037671349463,263.9773414660441,3013.922814446123,0.2197927001445821
2010,2,许昌市,0.4957239754748827,0.3573083393998401,1.1301231416032258,0.4360457176477978,16.551572076891798,26.94313007319113,328.6302473334453,2620.923415886909,0.2226203068913479
2010,3,许昌市,0.6093068774256898,0.4646873543021627,1.7601446046973777,0.5109945004928362,22.308608655700947,25.18857629330895,2776.122173704259,1913.672435545161,0.3963366274495914
2010,4,许昌市,0.7228946387718477,0.5720718125109557,2.9421031177945496,0.673679370519305,26.890804621707936,29.066643230520487,128.5100466255682,3252.6060831523687,0.3205858926768146
2010,5,许昌市,0.716745315120075,0.5700407015368767,2.7876839469224475,0.6686304090189125,26.100934012484107,29.012457705180463,141.03143453858954,2896.694399987264,0.2761596438677723
2010,6,许昌市,0.71060390246385,0.5680142832582059,2.48681505428486,0.6609145056828978,26.790658091175175,27.87418677231229,150.9053149368754,2460.0103430452214,0.2619353507381486
2010,7,许昌市,0.7196238477023088,0.5676851763274146,1.7739789257280008,0.5103947125956803,23.335239318045165,24.12268263125772,1281.0231493544086,1749.6054509296073,0.3503975787802899
2010,8,许昌市,0.7286426266953826,0.5673504194006861,2.5074266212769136,0.6449263520472156,21.62915694339764,23.746372078085816,35.51953763022141,2637.5701902249634,0.3317059714378552
2010,9,许昌市,0.7095037486259836,0.5176041878527161,1.8700745980343143,0.642557398558237,17.895842307110666,22.78216582363124,1980.4714926781185,1688.8449471686536,0.3696010448870672
2010,10,许昌市,0.6903657380964205,0.467860112011431,1.318584710690344,0.4812576414980788,24.45123956797769,25.132594194823,44.39833728056381,2666.8446883081288,0.3384310928511566
2010,11,许昌市,0.5376883763669568,0.351823244161728,0.5754460803014799,0.2892395158505285,10.604549295258344,17.83553180595783,112.664213672913,1817.2952285438375,0.3072891776915664
2011,1,许昌市,0.4031330405073892,0.2702674036359396,0.9664569656197506,0.3749058066182359,12.235912846794085,27.45790099434948,359.91962824556646,2453.444815088083,0.2723927903625849
2011,2,许昌市,0.4325966754832174,0.3130545921208365,1.315616083740475,0.4615147604622267,13.825871289053005,29.823443670491034,41.80625981805685,3338.189663808306,0.1817870506525987
2011,3,许昌市,0.5309147965297264,0.3705316380992124,1.7085206268614468,0.5298372652170765,17.543674570290822,30.40922693250661,68.64269910066267,3369.9860287228817,0.1571927462064886
2011,4,许昌市,0.6292359507366452,0.4280105668572628,1.289114669017765,0.4154309986567377,17.821248745933786,28.959354663416097,553.7472998287569,2666.276926368451,0.2279309563518153
2011,5,许昌市,0.6603242900679367,0.478305469605207,3.1242239344720275,0.7035313557977251,24.91320031845453,24.81341551670896,1068.0284463296005,2109.09925017844,0.3698723715206811
2011,6,许昌市,0.6914157216197463,0.5286021566993101,1.633372163315158,0.453636945152539,24.99941497001959,28.288636560110614,218.94660776338907,2834.974938542028,0.3058037338487432
2011,7,许昌市,0.6956036858865813,0.5232064124701257,2.287228181968969,0.6096278548292748,22.477467628156877,22.02208559093212,465.4201723796627,1721.4404042176116,0.3320234276270259
2011,8,许昌市,0.6997854901220217,0.5178025005400544,2.001504213623066,0.5854037293404046,20.195825428860548,25.55819145711753,15.92785266472202,3099.396261896264,0.2302053976203837
2011,9,许昌市,0.6646675991396997,0.4488633596830346,0.1402881598884486,0.0607592388401454,16.418601258249762,19.919444203104007,1009.0396153488882,1031.6292923472192,0.3447961226154082
2011,10,许昌市,0.6295509606865762,0.3799312668718526,1.3770663531028178,0.5176291232869694,13.72077280888385,17.682017658423025,1001.5668182887936,808.1623164892783,0.4024099414830403
2011,11,许昌市,0.5974417171267897,0.3598607296740227,1.1163307224913157,0.4954542487828182,15.063878944617194,18.457454837880345,17.290738194499305,3002.531004357259,0.3391858634614067
2012,1,许昌市,0.479841586158422,0.3335274339567066,0.7567185549920842,0.2971863174700959,19.69992723947144,25.862462290656666,1499.2286388039538,2239.796239593624,0.3652721565524608
2012,2,许昌市,0.57269263406581,0.3960331821175337,1.583779340752763,0.5170080293736395,21.32637759302905,27.320160046839224,300.0707517064711,2979.467086171023,0.3583842291546339
2012,3,许昌市,0.634445944755168,0.4638270383373371,1.9745825744321912,0.5836413572549624,24.04679931778653,28.015016056345,235.6278750225748,3030.9143620746063,0.2662767623211653
2012,4,许昌市,0.6962104814424517,0.5316310054806492,2.5630765903117085,0.6461699379098926,29.80163281726934,29.686255750235023,146.8670849048646,3243.2828399195405,0.2515548118997615
2012,5,许昌市,0.7006128923463798,0.5345109748232139,2.864604134993063,0.6371411304059222,30.29284030656488,26.84191057619453,472.2241613104064,2570.448784360726,0.3001044199216321
2012,6,许昌市,0.7050160066866178,0.5373942484930431,2.4829062361673184,0.6638278477716556,26.348733828872383,26.22720676809745,58.57448738458144,2473.8480631721777,0.2268326393300154
2012,7,许昌市,0.7208374572621911,0.5381504849327833,2.5943867223394017,0.679511746917998,23.965092011697138,23.786467668668468,584.449051812855,2652.44987506999,0.3042915436886151
2012,8,许昌市,0.7366561729201686,0.5389049618244621,2.5778611972611563,0.7067972531486341,26.23860604803489,25.047519775886247,690.3705568967879,2211.362353855129,0.3488392998599682
2012,9,许昌市,0.7146062988561371,0.5051725844236348,2.0644612899152266,0.6133663871160249,21.11633800202543,22.57317080654549,493.2601939673486,2671.292254195241,0.3357379822177542
2012,10,许昌市,0.6925564247920895,0.4714402070228192,2.085957635724011,0.6573364451272903,20.83396217540329,19.905624691477826,329.0941410551975,2649.366625576676,0.3396999902547193
2012,11,许昌市,0.5829439759226555,0.3977164009856107,1.0677635657896472,0.4754721608741145,10.851509289282763,21.963472727245858,55.25350479659307,2480.853697252363,0.2628723920504741
2013,1,许昌市,0.5503422981952784,0.3905716862611271,1.537095568704866,0.464892220475779,19.57897264674928,30.51591989642554,428.0962592574117,3160.1932425841223,0.2569411656996394
2013,2,许昌市,0.5652718796354476,0.4281609266573503,1.2536717415852658,0.4072572709510441,23.412614657552773,29.4443021741614,172.011786296446,3050.313510182349,0.1984162966901522
2013,3,许昌市,0.6615092913482774,0.4998751936001073,2.526250046721156,0.6275176519992615,30.324767258336443,26.644290783028108,1704.8183349212609,1987.5006626148304,0.3891297689470588
2013,4,许昌市,0.757718832069559,0.5715678829796611,3.450378711980171,0.7490406918976824,32.00502874371557,30.144466458401013,183.42048170056248,3403.750334849387,0.2961740222235941
2013,5,许昌市,0.7307918887220801,0.5593241051165762,2.9602008307199963,0.710888517790823,31.00220270077194,29.916440702843715,225.2072019556546,3340.565665510251,0.2658199289930563
2013,6,许昌市,0.7038649453745806,0.5470803272534954,2.5203489555263503,0.6798323997211797,25.77508745121968,32.179626195946994,27.304992461868927,3485.9898408610225,0.1741072075725553
2013,7,许昌市,0.6512677448740962,0.4789244594771772,2.030433072214393,0.6107742830649355,21.71448639843244,28.486333042213563,275.05452522976464,2606.4266649807764,0.1786216852491666
2013,8,许昌市,0.5986705443736182,0.4107685917008496,1.7179015484175006,0.5645494323203784,17.73468435475833,25.579164115294027,52.67224907995722,2738.062205153642,0.2094064712715135
2013,9,许昌市,0.5292604205298511,0.3595365971118706,0.9188991099692854,0.4148955225906337,12.126395228385594,22.735579533811624,148.56903684927602,2372.256127331291,0.1779865713664787
2013,10,许昌市,0.4598502966860824,0.3083046025228872,0.876668297926169,0.3835290057222843,10.56967746966007,25.53735030908185,13.94318296297577,2859.4889208408026,0.1766950517569758
2013,11,许昌市,0.4116292081936079,0.261428252387065,0.5172781279251703,0.2797555382001532,7.163835102068714,21.95344018773817,159.9186757352497,2101.530402310819,0.1884043637782567
2014,1,许昌市,0.484311497026632,0.3395869832068633,1.11213516123167,0.4177414478422421,11.71244266388108,27.97163658059246,95.41044319816008,3386.4025856252347,0.1798725616236353
2014,2,许昌市,0.5254014386298164,0.3830253281895747,1.3748523566522988,0.4769159382672842,15.19580363377096,27.991387681733872,81.28044499618198,3081.0443672519496,0.1606379294660011
2014,3,许昌市,0.5640450876442192,0.4135365069593834,1.741302216785638,0.5577089444845701,19.102712794631064,29.786779665884325,182.0207099292363,3228.7343366855257,0.1986468346413315
2014,4,许昌市,0.6026832358100171,0.4440437530586502,1.982380743462006,0.5669024099956468,19.83580967582694,28.847871912952574,202.57553729321805,3345.589276688133,0.1801630127344301
2014,5,许昌市,0.6259994197015055,0.4674667935920483,1.4004563436612294,0.4905368244985679,18.67357206375124,25.93033660881199,215.0784196476557,2180.311746514033,0.2111769165724362
2014,6,许昌市,0.64931560359301,0.4908898341254338,2.3408224724476177,0.6110079922145383,19.841258665767366,26.03819689598521,62.67233785571296,3049.9453642193807,0.2087779052961197
2014,7,许昌市,0.6481624249995656,0.46882565866944,1.64790852641384,0.5434114240643472,17.25168991135319,26.4798470117492,89.48041850132272,2877.1772105763903,0.1661869783258791
2014,8,许昌市,0.6470092371765446,0.4467589514929754,1.930585755323022,0.6032732221370183,21.379040298985533,23.528105637962177,422.4001909013154,2020.041061689614,0.245582016123245
2014,9,许昌市,0.6253569004199272,0.4137590688093507,0.7405871603207569,0.2848894835799421,17.985148041045477,24.15831765380264,275.23127894684814,2411.431283197516,0.247179352510451
2014,10,许昌市,0.603733211340897,0.3807597048075847,1.2848067862484944,0.5339753064115781,16.90096494071235,17.070382342307166,2060.4663736736798,417.4766647911843,0.4183940757495069
2014,11,许昌市,0.5240655279688488,0.3274289488452143,1.023752009214356,0.4281251784801873,13.136732083698782,21.37824616718225,11.81584776790523,2712.9503310583077,0.3316669923270138
2015,1,许昌市,0.5417291729282122,0.378577945179059,1.2295607551936103,0.4277113341557872,20.33840217757646,25.09570449090776,23.41729456518822,3366.9012196171657,0.2947403722110803
2015,2,许昌市,0.5755162532297144,0.3994822441123132,1.5453444118004251,0.5197799905588197,24.467179723683422,26.259402246792863,622.3441600360355,2803.8774675006684,0.2560988667197875
2015,3,许昌市,0.6488440656444403,0.4670471268673485,1.872272133949125,0.5571453349567064,29.133363265139373,26.274464062658836,148.24441127297277,2995.452167700769,0.2993160874612469
2015,4,许昌市,0.7221718780591532,0.5346120096223945,3.1786143048452438,0.7287911405158399,29.23744287165087,29.46359757508154,428.2553028994102,3363.724518994316,0.2562100947874963
2015,5,许昌市,0.7313128461974238,0.5633808916502557,2.9798982527422067,0.6830395895683532,32.17632466303014,27.276052377039143,423.96583030445566,2717.2415147457955,0.2934655997887193
2015,6,许昌市,0.7404538143356874,0.5921497736781223,2.8560430334015874,0.6904577664989509,29.129431716428236,27.093811441275456,101.83465689458602,3075.898644235389,0.2363543988650365
2015,7,许昌市,0.7345542225512893,0.5682764017235042,2.8786833929729374,0.7203708332881998,29.232785993324345,24.84090070093351,269.10998320329224,2567.0251826062918,0.252927285118534
2015,8,许昌市,0.7286546307669034,0.5444030297688877,1.982735343346325,0.5451026207583398,23.790243162100488,24.25847584828736,301.2206602391429,2965.6548101614344,0.2753490681049146
2015,9,许昌市,0.7145140603162365,0.5239101504299509,2.4127702820626977,0.6774966731921681,20.28254661501492,23.053390979638703,499.5002013861982,2325.1214635225338,0.2861755665877227
2015,10,许昌市,0.7003734898655583,0.5034172710910139,1.6294008447653017,0.5689274857921525,14.737372130072274,21.04395842922925,19.33234989123317,2682.210736875682,0.2314299276902108
2015,11,许昌市,0.5349897544278117,0.3766353639016424,0.6458432491415836,0.3271930404872133,9.882562396765536,22.74168751249725,105.08428709391902,2309.3245407163163,0.2027626587493278
2016,1,许昌市,0.4633963366464684,0.3455051517167982,0.9872449688436528,0.3403118446978149,21.880917761675327,26.83288399865978,101.533146239399,2878.8442185126787,0.1892003521120598
2016,2,许昌市,0.4728735713039981,0.3513571888039636,0.8978654736062747,0.3259300357175419,24.82528193834593,27.35618382947849,418.6585960879905,2378.9405443222813,0.2327932819391484
2016,3,许昌市,0.6093898155337945,0.4858878297024594,2.874821672090588,0.6803460071627635,27.233781605544976,28.498359205451344,759.9229625895307,2605.510373923703,0.331460669625275
2016,4,许昌市,0.7458953501396377,0.6204088886567367,2.8866363467341016,0.6904364979029218,30.648927756871352,30.540574985851595,331.1078181159503,3274.972054321835,0.2814676867609609
2016,5,许昌市,0.7089849078183058,0.5768935106521925,1.99918074133869,0.5366769519996081,32.90862222269866,26.585549648184237,494.5682356958663,2276.5677011381376,0.3268687723491753
2016,6,许昌市,0.672073932807183,0.5333830456730481,2.267059291563672,0.5864170082456728,32.43409051362697,28.97716170110536,109.16408678163268,2685.2770579574367,0.2557498310181671
2016,7,许昌市,0.6731338425748209,0.5071442503601334,2.667370122870324,0.6886886509457976,30.472865122247526,28.32866990646067,412.7867999732998,2504.3994961031244,0.2188913056513961
2016,8,许昌市,0.6742233349989654,0.4809220277309083,2.209426600304245,0.6579074116401658,23.259185364038192,25.300091487297227,19.227676535210257,3350.224970539929,0.2145278884011924
2016,9,许昌市,0.6234398399826827,0.4387244303839338,1.349748155543237,0.5142701462403118,15.74993626600634,27.86279806250984,8.069715976622863,3043.64614557888,0.1476095492874706
2016,10,许昌市,0.5726840999481064,0.396526441923192,0.9352340792178726,0.4015548266159244,11.257624941797417,26.205245957854597,14.324730830054744,2844.0707494556104,0.1408789829641188
2016,11,许昌市,0.4827143557061223,0.3228120150082968,0.6602416230863456,0.3535910662497577,7.981763845396803,23.56189638121699,283.6940823035929,2217.8443228717,0.1653723607983715
2017,1,许昌市,0.5278003991625644,0.3801216725068499,1.5084755877374405,0.5238471243949174,18.66240887039705,29.356641846093,1020.78352670173,3235.934960741099,0.2260747180764061
2017,2,许昌市,0.5780751891386067,0.4221697177435181,1.528566839935207,0.5063977512028032,21.6666753994968,28.765498305655164,177.36281367027783,3009.126026370884,0.2620669514798736
2017,3,许昌市,0.6312256061410921,0.4902727537942716,2.4938951166686296,0.6586041913841483,29.03255649003099,31.177991977104625,163.01840390933336,3368.8527134390592,0.2364684962194748
2017,4,许昌市,0.6843760231435893,0.5583757898450231,3.1193191299316627,0.7067484506841814,32.97614010313482,26.96022639047614,338.608033319263,2213.5744246383997,0.2319049365751712
2017,5,许昌市,0.7081097489228647,0.5808248147357677,3.0746580239934027,0.7195028613615922,31.36053963144684,28.85624995014672,757.4321074163123,2838.3760198760483,0.3055684447512857
2017,6,许昌市,0.731843474702123,0.6032738396265025,2.520175730469627,0.6447171709669755,30.454185956016538,28.02796486929109,85.19160162845374,3207.6662952448737,0.2468288952924613
2017,7,许昌市,0.721172172183327,0.567901346814069,2.675523144152928,0.6997033130929528,29.05839631130771,27.12489433997484,430.2738894133362,2447.915557285742,0.2948396124715621
2017,8,许昌市,0.7105008696645324,0.5325288540016511,0.133523166866177,0.0640663771648823,21.68154888811773,21.41191498745749,535.0988459095706,1371.6487823394764,0.3083965382203392
2017,9,许昌市,0.6890516380025049,0.4997900634318004,2.3842284440408315,0.6669505867595898,22.813426788971285,21.63404909988944,1173.6122250902292,1569.0953227706773,0.3843333784778551
2017,10,许昌市,0.6676024063404813,0.4670512728619753,1.4181565235521274,0.5542351396453671,14.736187280431162,22.933721063757872,26.79287191325534,3062.03026042052,0.3201210750619591
2017,11,许昌市,0.5635616729310616,0.3779387863582296,0.7988205675851142,0.3772778098532681,12.411871205249817,23.52920018887468,396.3502812861742,2089.110887406706,0.2834379351524656
2018,1,许昌市,0.5412211556426034,0.3919201995475647,1.3464744626077905,0.4769577470708476,24.21010998448703,27.51902435785643,431.11861179442246,2794.300204953041,0.2554169638581011
2018,2,许昌市,0.6157125888854003,0.4761386232546518,1.500067639182707,0.5050669910737092,29.9423752844638,28.018813326348774,483.42818745591006,2325.320640098311,0.3104958837264326
2018,3,许昌市,0.6316243395935051,0.4871775477616787,2.013461224255797,0.5928414230796777,27.217692339054164,32.69765219816978,9.22586008097704,3560.0714432599893,0.1824751099624652
2018,4,许昌市,0.6475469203361363,0.4982259832136465,2.054712758429579,0.5603124012145149,29.770332753886347,28.724668232294817,1420.48468155269,2337.5414134087523,0.3453550224577243
2018,5,许昌市,0.6669889729714783,0.5194232289629485,2.5817882729540758,0.6519602165864299,26.34085338327126,29.39093959656243,295.093483922147,2856.6092441968467,0.3419485416149899
2018,6,许昌市,0.686430366715227,0.5406245260489582,1.5276513548003403,0.4920844938489566,28.19000613125569,28.2686137402149,221.37369624299927,2695.111832407692,0.2668038524660631
2018,7,许昌市,0.683177646317079,0.5306575618402146,2.673628920695843,0.7041004025673677,27.48348540510122,25.404939891221535,2646.938503267547,2540.0562955021155,0.3547026703081125
2018,8,许昌市,0.679927551725425,0.5206941163503759,1.719142624080909,0.5798330815519893,22.92945601344898,26.30029681085297,163.47009968134145,2330.424905612119,0.2874024485571944
2018,9,许昌市,0.6309115163923441,0.4595335281382047,1.5337402692800337,0.5532259221370265,15.729151391285468,23.79474214920778,13.682875856218368,2918.084159398741,0.2335541621529994
2018,10,许昌市,0.5818954810592397,0.3983729399260243,0.4630452704765107,0.2171080109202433,14.417400330977168,21.75643901426148,392.37929945279245,1455.7282146933062,0.2516137869716813
2018,11,许昌市,0.5208499159505839,0.3462121424131419,0.8635242751129779,0.4188629503101636,9.5496623675642,19.987396394913496,430.8782540733604,2032.1700078296851,0.3386620556758932
2019,1,许昌市,0.5055976515128259,0.3693985956069029,1.238024699157994,0.4653205699131117,14.854223837440806,28.295118752522928,3.5232177893172447,3459.5069314562643,0.1964888527106462
2019,2,许昌市,0.53014002827002,0.4113605388694659,1.6451009499029392,0.534594152067246,19.317446866910075,28.37808233154012,117.4282708575069,3254.2233175465585,0.1823054079244257
2019,3,许昌市,0.5946501361490648,0.4524143044678816,2.197861257307463,0.6173534325917445,20.95170492729616,30.452637734118586,254.9809487378011,3132.6773714054016,0.2059405521484602
2019,4,许昌市,0.6591636275968948,0.4934718135156249,1.8979328778252516,0.5402784697976875,23.565107149472187,30.507911627657663,776.5426307044554,2755.304554385406,0.2732161976622651
2019,5,许昌市,0.689112934870872,0.5361179471513955,2.341307229351861,0.5994612427048244,27.47102594129116,27.34199682462881,481.4154512039079,2308.114491237582,0.3533292405890302
2019,6,许昌市,0.7190626592387691,0.5787609525420963,3.0175255015384543,0.7261859646324668,28.96807979256734,27.03303069904938,201.680263951678,2823.063507203749,0.3071054537013717
2019,7,许昌市,0.703494438742956,0.5560122779100463,2.470620119247807,0.6729945108486212,25.77743536411457,27.36454373811187,343.75415203316226,2941.524674896528,0.2521471644551775
2019,8,许昌市,0.687926218247115,0.5332636032780012,1.640502595025455,0.5392748231123661,22.253028305637866,25.819271752462814,140.9128806951665,2707.4806446799994,0.2047888738701369
2019,9,许昌市,0.6394918617641031,0.476157563869825,1.4576507051684398,0.5359841918810273,15.877135715355369,26.449280031514395,61.103127966151206,3035.1482568883207,0.1823064052230761
2019,10,许昌市,0.5910575052810726,0.4190515244616454,0.9191064135128282,0.4134309830794871,11.127919675022524,21.16040865379061,401.76177810325794,1304.0168085960245,0.2772016677270252
2019,11,许昌市,0.4919658705357214,0.3418572107221306,0.8409898451589083,0.4209397825912567,6.84988851609385,22.24970541981505,3.9388396376680377,2549.1191955809727,0.2317238400630071
2020,1,许昌市,0.5200310921214006,0.3545713507095608,1.393716944313737,0.4909020682535112,21.16827886366715,28.12249531992329,46.08324941591855,3305.36626819128,0.2222233171719126
2020,2,许昌市,0.574803625230599,0.3889858457499955,1.2541885449726642,0.4334378187923334,23.119171428930898,25.051654387198678,658.0969730766924,2335.1450066547327,0.2811324694568976
2020,3,许昌市,0.6417662400422655,0.4588248759230012,2.505756087928932,0.6616326671537371,26.52127337364516,23.975827151849412,1524.0595558888897,2250.270756916045,0.3710262628497086
2020,4,许昌市,0.7087296485763631,0.5286638417085336,1.9861948319141036,0.5534578760183388,32.8847995893868,26.00138493376637,365.6016603409012,2418.5709189779727,0.3681436384007741
2020,5,许昌市,0.6963554099193509,0.5483200935603796,2.2969051756094525,0.6143261190238899,29.67933217652672,27.521353252209718,990.4723137489732,2092.181360357873,0.3937083199918876
2020,6,许昌市,0.6839780598544352,0.5679765786096275,1.7953798543842157,0.5162909661421247,32.7912113444455,28.29116564837976,396.28313183440616,2744.182328342172,0.3611660739393514
2020,7,许昌市,0.6654690439890669,0.5148595262173268,1.8231109424882839,0.562375083004339,27.5147890625632,24.585805789443786,727.5956544444821,1862.2141619000008,0.3781378052102163
2020,8,许昌市,0.6469411014114443,0.4617133196976039,1.850842030592352,0.6084591998665535,28.684517480257487,25.513191859329133,1.8054820126514863,3436.707243009346,0.284078406315871
2020,9,许昌市,0.6168909344575532,0.4410043609433096,1.7712528991407397,0.598107626667008,20.406612470907717,25.482590391130472,97.37938940249283,3027.224990162224,0.2132773760105623
2020,10,许昌市,0.5868600627967075,0.4203191614408579,1.2093689949556858,0.5080377405318984,13.55393879996302,23.232452593227745,10.25770778006556,2763.212488019916,0.2199438174426289
2020,11,许昌市,0.5198917820095956,0.3524561443592173,0.7406038297134856,0.3475331130676391,10.446007284494025,20.887727378569146,227.22819452275047,2002.033161203472,0.2472447102244055
2021,1,许昌市,0.487168186581484,0.3351787639954379,1.1272445537403746,0.4279100388860996,15.723649978259516,28.10586341623486,124.93904713174116,2986.90848863328,0.1787050097097536
2021,2,许昌市,0.5514682809557391,0.3686762327287241,1.2135495489755843,0.4487169945698415,22.570777945458328,30.01886990347052,766.5450584269529,2783.242454232144,0.2493873000017152
2021,3,许昌市,0.6160019270292616,0.4491626596065146,1.7294318643686568,0.5350026318147227,25.14412912126372,25.59122194399379,2356.4687591958077,1632.5574048144304,0.3969034430300286
2021,4,许昌市,0.6805422378455559,0.5296490864843051,2.321121134357681,0.6429782800554692,29.75747819370568,27.762866380227127,126.63617675595258,3206.7006670252517,0.3269143366141743
2021,5,许昌市,0.6840061996526386,0.5369062513906584,2.018639844565264,0.6095071825241758,23.13721268522141,27.57887047524998,30.975280887698,3325.662903233458,0.2369263718827428
2021,6,许昌市,0.6874751694112553,0.544163416297024,2.042084164029293,0.5813534093564102,24.73499818838373,25.336577469459115,290.4921283328408,2262.7260222590785,0.2681784781601735
2021,7,许昌市,0.7026943140503629,0.5260507048143281,1.5435215521410643,0.5158199581146047,21.450458665018783,25.438329589542764,1902.8871781338023,2435.252726720301,0.3220577309035441
2021,8,许昌市,0.7179231167314264,0.5079379933316334,2.3714099116792577,0.6396639879461584,23.990307907745063,20.909646662153875,1736.0727466805474,1130.2696979541477,0.3974738172411893
2021,9,许昌市,0.6946617893101283,0.4826979065846052,2.0579833881300877,0.6477690748260713,24.89762065413834,23.052813471598306,565.8993876668295,2335.8341086183286,0.3861813045824203
2021,10,许昌市,0.6714192763185325,0.4574578198375675,1.498790609671116,0.5615463165667869,15.34407792086034,23.72026237181391,251.56290717445304,2525.8308012280754,0.3150585925203025
2021,11,许昌市,0.5820198270849474,0.3798090271076775,0.6554421389977909,0.3331607457253559,16.237580473548896,22.03780006390312,1215.1737543354575,1741.584761506032,0.3899275523390305
2022,1,许昌市,0.4795853254953049,0.3425673121120852,1.2640208541890283,0.4610703346988181,22.4224625222576,28.36892449419561,1036.0608385368218,2901.1926607473783,0.3435779447111455
2022,2,许昌市,0.5714794718714656,0.4177987085524924,1.4335995475810934,0.4648519876717201,26.460275018437585,28.145126019625987,390.5713055918312,2140.350027777424,0.3425061436321536
2022,3,许昌市,0.6375929531000712,0.4671852528190799,2.3948176115637048,0.6399523184009756,30.387672533761823,26.49069448521063,671.9982929188418,2855.6112643118267,0.3404406379240675
2022,4,许昌市,0.7037099802137439,0.5165730119210932,2.532914501244917,0.6417237709760781,32.822686704051954,26.89620872096877,654.8867193636113,2672.788096776496,0.3610984848432012
2022,5,许昌市,0.6941284632155724,0.5299370361882577,2.4076752915437982,0.6629009433850075,32.27940497186549,30.540866656994407,50.554413483898536,3284.019577172091,0.2487354983739945
2022,6,许昌市,0.6845486353358404,0.5433009956553594,1.676418683452008,0.5303172188473532,27.910539859885446,31.119111497596563,68.15889012238101,3039.8443689692285,0.1792236490983228
2022,7,许昌市,0.6932895935312123,0.5297820558087333,2.1690171076007663,0.634357159512894,21.613882279800297,29.397788186003734,204.35840694562427,2863.1794255234267,0.1675371815515072
2022,8,许昌市,0.7020305517265725,0.5162631159620877,2.266109571299157,0.6645731671685143,22.3459092609812,21.023423206331685,596.6341235708366,1616.919163479715,0.3425596469212498
2022,9,许昌市,0.6690342892333422,0.4803734479322708,2.0824857245209767,0.6410113609025085,17.617271709925973,24.514863242908334,36.920784360839626,2863.3210863486115,0.2334233714922025
2022,10,许昌市,0.6360380267401059,0.4444837799024468,1.1420325894241783,0.5091773025963595,14.591144540691175,24.60095497080248,6.080472986559879,2913.623007436456,0.175963958426786
2022,11,许昌市,0.5320878580846078,0.3561344907975131,0.8007311079888826,0.3870248628060587,6.823203524843462,21.460287537051425,0.2886831598827507,2416.6834748863257,0.1497744671673776
2023,1,许昌市,0.5367907379542217,0.373775794448751,1.337232487467219,0.4876142148191436,20.66141863189091,28.096385407438547,720.623302911573,2988.0458477358634,0.3101590233028559
2023,2,许昌市,0.597375658941686,0.4258698680166342,2.111431591897433,0.6081557103156415,25.803663411239803,29.668804332278928,443.34154872179727,3197.114763684337,0.2939287708275087
2023,3,许昌市,0.6726619286326418,0.5042572454450791,2.587624331326136,0.6568914898246878,33.61978123891354,29.0200129385186,76.17839564068134,2912.9327041863125,0.2175472764280834
2023,4,许昌市,0.7479481983236,0.5826446228735317,3.027306784399389,0.7109691369958658,34.24408672766053,28.12485568662744,636.602357241403,2494.3747323823977,0.2960900384224987
2023,5,许昌市,0.7478565250825243,0.5850679758728442,2.7910260056886598,0.681277380217224,28.96806841421716,29.156828546990003,338.88699770866407,3032.78271759601,0.306039978921624
2023,6,许昌市,0.7477648518414326,0.5874913288721509,2.834049068583223,0.6997893725855936,31.93214499839139,29.181191358149228,55.78712748804062,3203.9353193374864,0.2167842234990513
2023,7,许昌市,0.7330930122292388,0.5683661362066043,2.2229316497030265,0.6321617521981678,23.236585274690867,27.711563034376116,276.46453004192534,2554.684304524448,0.265069635301581
2023,8,许昌市,0.7184211726170513,0.5492409435410605,2.6640228078715977,0.7090100303969599,29.920745452977688,23.412579724365067,972.5930117089084,2583.5095696430503,0.3383176121470843
2023,9,许昌市,0.649486132322906,0.4807892344957784,1.7326161491388934,0.5607596265307799,20.83384120373668,26.484190766785712,34.97339870788559,2981.69538733892,0.2196528191139487
2023,10,许昌市,0.5805572396098638,0.4123415071685777,1.1512954546076015,0.4982606047860748,17.041723102633473,24.877675066923484,225.5422122906689,2303.235500945625,0.2374445399421001
2023,11,许昌市,0.487178904287045,0.3384266178221123,0.4285426560447764,0.2276010542226786,13.172103917107275,19.338087967885507,2367.228192326411,1217.414239640831,0.3913468263360237
2024,1,许昌市,0.503815552728581,0.3331469655948814,0.9357026627645408,0.363397220488611,20.824872269853685,26.507891956884304,1112.3384387049427,2526.73982943466,0.3423070572373807
2024,2,许昌市,0.5975283769171347,0.3818691910379487,1.708583418823269,0.5461804247027352,26.864955980575957,26.174552881379004,1704.076260502054,2083.810470366015,0.3732712283583594
2024,3,许昌市,0.6397447768178435,0.4696173209192948,1.612941344579919,0.5222262219772421,31.248785072787346,29.51181328760208,673.8001852184964,2523.668591092805,0.3727462344793699
2024,4,许昌市,0.6819629359718726,0.557370369482283,2.0877417524254693,0.5735166244232369,36.41538747243947,28.250484986850207,395.8673014394032,2191.9411045032384,0.3566447341502567
2024,5,许昌市,0.7149937840271017,0.5751933677316329,2.143599486229572,0.6039249035810176,33.59496936786886,28.71292958751849,970.2915485684026,2475.6185078196368,0.3592688549609493
2024,6,许昌市,0.7480184876437355,0.59301195316686,2.695070145683461,0.6878253700324738,32.04955155156537,27.959575753271764,66.0948022429398,3296.1109102239325,0.3092274864716543
2024,7,许昌市,0.7411562661465506,0.5733174943918371,2.7883552739701285,0.7067249033721481,34.328029847046245,28.326867543750044,259.860699211117,2990.8612310667013,0.3036687400341945
2024,8,许昌市,0.7342940446493514,0.5536230356167925,2.5152064370051077,0.6947616061462231,30.58024460277875,27.55752583290143,53.73890409119978,2646.6889589117827,0.2419498617504523
2024,9,许昌市,0.6922297862573004,0.520531575337438,1.7324784776209918,0.5924391389855825,23.722333896855268,27.34140950004575,22.547810214834723,2766.830387121032,0.1770139282936537
2024,10,许昌市,0.65016552786524,0.4874401150580886,0.8036445227425364,0.3588760865400761,18.39428041416858,24.16891582130688,87.76960810062627,1651.8858847954416,0.1771277235307337
2024,11,许昌市,0.5489086965417649,0.389295174058463,0.8594939327282407,0.4186476640811116,12.640642529159743,21.357896643531674,81.43665158440542,2667.0033862735063,0.2317890683291712
2002,1,郑州市,0.5538486232111395,0.3924080287943137,1.5381774365283098,0.5199735491602361,16.450819317991296,26.237799825984524,317.12303104005923,2985.774864343306,0.3291123354121775
2002,2,郑州市,0.5538486232111395,0.3924080287943137,1.5284651713996156,0.5237302390552898,9.998223919345255,30.008125242335662,21.99594760753912,3708.7490604201416,0.2116339778977043
2002,3,郑州市,0.4912444677850587,0.3529728008945954,1.4640908771362364,0.4295804928942751,17.717599512877925,25.839643188508603,619.3482871337508,2670.4239951215463,0.3110421348886313
2002,4,郑州市,0.4286486182680363,0.3135370263366829,0.2634115613647198,0.1065832661843587,25.74597106844504,25.84432922593834,333.35019957154,2476.583674134892,0.3391182351181172
2002,5,郑州市,0.510364914051601,0.3623470812385098,1.4606597950501587,0.4431763432949595,22.986552521862667,26.470507452182176,423.708161960116,3210.2845417717035,0.306062404056927
2002,6,郑州市,0.5920738787441736,0.4111526671123234,1.3472450856014109,0.4400538881465635,19.12419663169219,23.46460601828242,250.8004656902266,2918.0461560076646,0.2501256586538866
2002,7,郑州市,0.6043439169282401,0.4108443297278343,1.9891365272423376,0.6389883502979967,19.959134336209107,25.70532968978185,404.5831486161766,2367.653631870623,0.3053428303257729
2002,8,郑州市,0.6166146450305627,0.4105367708878822,1.4993690222703857,0.5471505829820164,11.48129769744348,27.366954794202037,53.012063677808456,3499.2375056816327,0.2414332971732905
2002,9,郑州市,0.5666371054919531,0.3796432459380756,1.1944323874646148,0.4786287241117939,11.51532128790978,23.047124781353997,89.13125856638528,2854.9724290953027,0.1671024362490854
2002,10,郑州市,0.516751057946242,0.348749720988261,0.8779481358153844,0.4122310738103569,9.006921010048686,18.06011315415333,495.8687359417916,1935.1459227765245,0.3366588968172166
2002,11,郑州市,0.4439057543070639,0.2834363109295564,0.751332405214066,0.3797402866873945,6.139980877438404,19.59011086257102,192.11095362954077,2351.2606062159166,0.2991082567225738
2003,1,郑州市,0.4818671811096202,0.3084632597443236,1.2605054276927257,0.4449003161173694,16.23377919917585,24.489776876474316,407.0444857340091,2606.62645451752,0.3509188720675489
2003,2,郑州市,0.521885183763347,0.3370909919862735,0.9627651249395665,0.34529409995337,23.49069103708301,21.69090715992885,1431.4296862516635,1807.7896485548104,0.3823640728647705
2003,3,郑州市,0.5822898748773091,0.407465270774435,1.7535824082703957,0.5538252103473315,26.7302730042135,26.026495264847537,225.3903785780559,2735.6566388489764,0.3663419050242597
2003,4,郑州市,0.6427181044112559,0.4778395495625815,1.1346733778405054,0.3826710618098759,26.56192475644165,29.22633825298699,276.0508775850063,3084.7048070738906,0.3270160898330468
2003,5,郑州市,0.6088621003395642,0.4451070015071933,1.4830969361647297,0.4841509759219936,24.43587212423203,26.82152883789205,643.2386192177495,2540.6397852659265,0.3504748431914032
2003,6,郑州市,0.5750268370352183,0.4123744534517941,0.9697028113415466,0.3399233800579913,24.565621845147923,21.223116145096224,683.0347085881907,1091.6456551269318,0.3943083234419558
2003,7,郑州市,0.5612691338457545,0.3919280076364244,1.1699697440095838,0.4004646927289468,25.096359966944103,24.578847529837407,633.1766619534985,2071.661626219346,0.3704568903670188
2003,8,郑州市,0.5475114306563087,0.3714815618210644,0.4616021051331127,0.1992282143562726,16.44836812662234,19.544742301400365,1616.857869996819,1382.2420905427318,0.4130398330695997
2003,9,郑州市,0.5522510808299342,0.3526376233902522,1.3046936212191185,0.4837921680352799,13.716446457839137,20.7360024908454,500.8180709931764,1823.3092347450645,0.4015094119593538
2003,10,郑州市,0.5569941022372462,0.3337957666090767,0.714940494278965,0.3097251406329109,18.22860123929043,23.42593924537388,274.33858263936725,2695.936338184916,0.3386501648589037
2003,11,郑州市,0.5228220388755158,0.3095195326088636,0.8488436216537701,0.4089566735521395,16.947172201244783,20.06672445822475,285.9275928547988,2416.6827218497174,0.3654620655126754
2004,1,郑州市,0.4971809787599826,0.3227377874390206,1.256408905098903,0.456859771685775,12.441032285484296,28.082088785511186,148.0113109078599,3844.858211030048,0.2638286780019266
2004,2,郑州市,0.5051018240193785,0.3480565256051015,1.4037377074837205,0.4411051855024997,19.1131030118261,24.299172833130324,1695.4165583408376,2520.5247170032944,0.3641486761464378
2004,3,郑州市,0.597638345972212,0.4184588053329885,2.592436536925004,0.6643388557091704,26.34542046532909,26.659827945880124,862.0006396401727,2833.023774258297,0.3740125009921038
2004,4,郑州市,0.69040788780518,0.4888702323973141,2.199981646049584,0.5799545627033662,27.9531449711578,25.70296413328196,906.6067136665504,1946.3986645749212,0.4004337591587217
2004,5,郑州市,0.68582545267972,0.4967931412040333,2.175156673881767,0.6179241372740792,30.946240442629826,25.933016044364308,530.8442604605978,2510.1758951190754,0.3816106300223574
2004,6,郑州市,0.681424059975551,0.5047160663831023,1.8963704716029648,0.5403136531807823,24.241478080984976,22.077760510405376,862.0941335253822,1598.210055339919,0.4021162540124766
2004,7,郑州市,0.6477426379677401,0.4482476200604606,0.6822387358332522,0.2318495162136732,21.85349691406017,22.46471997114924,184.87647740135364,2266.704126321984,0.3718312370056206
2004,8,郑州市,0.6142355848726507,0.3917791823592942,1.7533035391773468,0.589977157248663,17.361982864340696,23.577793298538847,129.6951655455535,2561.0356469815606,0.3535115456928905
2004,9,郑州市,0.5942184437379083,0.3691766437981955,1.2611106775292364,0.4982945490067572,15.32622486586235,21.99631175639768,70.6521792211482,2530.170875381563,0.3362667635129181
2004,10,郑州市,0.5742410395202873,0.3465741052371012,1.012022571545077,0.4157151116090506,10.24962425861622,20.881102526453724,216.08260289501368,2769.829677029738,0.2974538472752669
2004,11,郑州市,0.4902997283127687,0.2938613424328096,0.730739905478596,0.3636263040311704,8.343902346236849,18.384504385375685,545.447247428611,2453.8489334004885,0.3635498213308475
2005,1,郑州市,0.4813920451145506,0.3319655501388375,0.6532356740581196,0.2661973295868388,14.06045911397715,24.971753316728638,570.0847686254205,2003.8436105264743,0.3810186685265947
2005,2,郑州市,0.592659214697187,0.4215721632582501,1.6379530456132283,0.5473568678636053,20.322488670462995,26.62346694411993,521.2027776572942,3191.6059529687227,0.3130108199341541
2005,3,郑州市,0.6415203475426211,0.4597923859829403,1.9883808570722947,0.5472410143297364,22.4823145005554,25.617140699253653,1022.615653777725,1748.6191622672836,0.4029830311038528
2005,4,郑州市,0.6904229195450149,0.4980126257616928,2.698240271647797,0.6652124618585017,23.51219176629912,26.43429208799526,1096.9391570859227,2672.5262073669705,0.3916264753658532
2005,5,郑州市,0.6956192859601436,0.488617463461791,2.6625880116283462,0.6988455882312758,28.84904070799461,25.502788244057157,378.7705920806249,2628.158411731516,0.3796899594124037
2005,6,郑州市,0.7010120101753546,0.4792227790766225,1.8190445266205384,0.5375527269385303,22.919107956302398,27.113844952925685,528.0231751965104,2555.844121985718,0.3428993776724202
2005,7,郑州市,0.6934534858397556,0.4557277113768577,2.2886475672505844,0.6661183105130339,21.60298914422189,20.12009255191377,232.43336470125288,2021.5314534228871,0.3760091828545854
2005,8,郑州市,0.6861134388917454,0.4322326436770853,1.7202282495210628,0.5686535689808668,19.321261697933696,22.96150928659164,544.2560406767852,2579.790372048926,0.366558938820867
2005,9,郑州市,0.63238224037178,0.3885707634231397,1.4357563302709833,0.5172077136985062,15.363976559918578,22.282203598879697,19.42829713294612,3330.244567259315,0.3193693000079878
2005,10,郑州市,0.578725104244941,0.3449088831691873,0.5610178935705976,0.2503778937413743,14.738282325760697,23.113319303730982,327.61485069543187,2195.7945014228235,0.3099865054062977
2005,11,郑州市,0.499259108115063,0.3029819425564464,0.7111547059172016,0.3167619334557792,11.337460116765897,18.000906205735305,749.6594691940313,1702.3328965960834,0.3910532436487413
2006,1,郑州市,0.4987818503643474,0.3283315363791643,1.412786534510905,0.4674060247825734,16.180342799976863,26.353453643242425,884.3752827577255,2659.605550658984,0.371131066979793
2006,2,郑州市,0.583874583862964,0.3904132517953705,1.5172143210629203,0.4805428455379474,19.765102565435928,28.381515488818263,163.10742630962437,3225.3346122244207,0.2873290282087027
2006,3,郑州市,0.6178918158780029,0.4285357243380118,1.6776538253643758,0.5522641898040559,18.814423741837043,26.31208560302245,416.9551385754899,2166.816701200112,0.2964181999710197
2006,4,郑州市,0.6519058507090354,0.4666563115364185,1.8476299002152856,0.5237695743568063,23.783777023397256,26.22152890948313,435.5637891881735,2779.0713959837303,0.297669112022027
2006,5,郑州市,0.6646626661990979,0.4631347794745409,2.039257453251411,0.5643787116942712,25.776218646926345,25.805327847499505,779.1228085785147,2582.8214234616567,0.3744463710262495
2006,6,郑州市,0.6774194816891305,0.4596132474126663,2.1460341236118525,0.6498145583524806,21.605326518165487,27.14294056751094,132.2472478833382,2714.9076589038755,0.304675710503757
2006,7,郑州市,0.6503349715909712,0.4276769907712057,1.381454078441928,0.4649577626534815,15.617011614618947,24.96957135476456,310.18550230404054,2736.045896736367,0.2342445255224026
2006,8,郑州市,0.6232775815185432,0.3957407341297569,1.601632912147011,0.5509690776096351,13.562344876187089,24.02881207312038,538.9589147661749,1670.4445901719284,0.3694802324809929
2006,9,郑州市,0.5765902886550854,0.3589588435963096,1.045383087140911,0.4264893876919947,14.133152137181993,18.98022448065344,350.6976147209852,2606.4944233034857,0.3508372571650126
2006,10,郑州市,0.5299692419093374,0.3221769530628557,0.6522153336794766,0.31317860864396,8.045458815792118,20.660418068226903,4.141859062611112,2899.819074186292,0.2575037427184206
2006,11,郑州市,0.4365746660404349,0.2533236160452804,0.3279480245705491,0.1676475820735608,8.191276241899534,21.639695735878515,168.6505956836975,2298.7969029973087,0.2157080503500645
2007,1,郑州市,0.5253719844183901,0.3296373993613336,1.6219859321248689,0.5105275749469604,18.327278616658813,24.411567814727203,1115.785356122399,2331.057862433557,0.3723425045122211
2007,2,郑州市,0.601919889146726,0.3907086842893662,1.2616335628571165,0.3709646359074512,21.58224389976322,25.900309555479726,860.0543887969893,2863.187532953267,0.3579762844122963
2007,3,郑州市,0.6604607726033623,0.444761722364368,1.274087307766654,0.4111370315715946,23.39017998822789,23.73538374089631,1044.9429810582558,2081.1436399659933,0.3864316935116301
2007,4,郑州市,0.719189342775902,0.4988152133377924,3.252661280934153,0.7396927111786386,24.83914646252644,27.002476063838778,418.656181313181,3072.691168726075,0.3536333665402343
2007,5,郑州市,0.7279823641436663,0.4910721098378543,3.000232871526986,0.7165540897019733,26.091167179060676,26.10951138679713,660.6028008168306,2312.339408472852,0.3678457324531249
2007,6,郑州市,0.7368404513151847,0.4833297170915179,2.709751720921355,0.6942571242843982,26.09435903837017,24.90528230900761,427.9194177538573,3046.929623490108,0.3571726070154217
2007,7,郑州市,0.6713566384426536,0.4445798940016583,1.4665965005617254,0.458996916438053,24.586555034196675,26.526323343903808,173.32394780321172,2771.113584539659,0.3079659153704259
2007,8,郑州市,0.6060038908179349,0.4058291835233463,1.44053166875646,0.5079995592393673,18.167780523675603,22.34067966105357,429.32879400439134,1953.1695899970432,0.3388154995624046
2007,9,郑州市,0.5642281405211027,0.3609472406985147,1.4440630503278902,0.5180202337279429,14.064890241371293,21.2601839570424,192.57533434840067,2684.168927432725,0.3357989985857713
2007,10,郑州市,0.5232009361127787,0.3161353060963672,1.0706178910044175,0.4545968939925416,10.865377877631092,22.4199746976221,51.884312914389575,2681.162349974558,0.27258974338409
2007,11,郑州市,0.4715388332825594,0.2914913239286477,0.7142730831481429,0.3576645525430786,8.176216663914188,22.09300497927414,28.349223848946934,2951.59202197568,0.2082047466822377
2008,1,郑州市,0.439127741411517,0.2908697912452557,0.8654363297785589,0.3145529754045367,15.676306419834663,26.357786971433907,455.369799967697,2864.4032867801616,0.2737051279691523
2008,2,郑州市,0.4632712920821746,0.3039083458414378,1.3650996682798542,0.3384809109523664,20.23273671035671,26.537086905570536,583.0000910603617,2729.3818336487084,0.2990701085502142
2008,3,郑州市,0.5557663008323895,0.3812299561657343,2.207183346748801,0.588208557627665,21.8934680034434,23.69911469319749,1266.9775336190714,2320.0598229271664,0.3639325562478179
2008,4,郑州市,0.6483376513838632,0.4585434966734215,2.2349539575028428,0.5954898105090469,27.295586746163117,26.258995585782564,243.76182149107947,2582.0196331413604,0.3406564345535805
2008,5,郑州市,0.6601232397229985,0.4564652102805703,1.7174628766646365,0.5073859122970137,21.34101563464296,27.01630432444332,309.07894630565863,3065.551464308237,0.311453309479579
2008,6,郑州市,0.6720315037892763,0.4543867228986995,2.2009137591725323,0.6436897225360472,20.363461769383147,24.520615962165667,871.7664996088207,2546.9014832585226,0.341425690967523
2008,7,郑州市,0.6518388214429595,0.4424278233973104,1.9676829983791355,0.6208725058369448,20.272643826131127,25.221796976319474,226.47839068819928,2958.4133639092843,0.3374891929208295
2008,8,郑州市,0.631891930622667,0.4304689238959102,1.5791345690447527,0.5585588103542479,17.089443405755194,23.190182924709163,104.13667416504492,2713.172386951089,0.2888465240920997
2008,9,郑州市,0.594302970337575,0.3804692807212204,1.2118138820416653,0.4739890999724834,16.07829030608873,22.59485910407412,289.2026142557931,2329.7186196217326,0.272962618830538
2008,10,郑州市,0.557613075709201,0.3304696375465183,0.8840763326699613,0.411690648208596,11.92928348064946,22.91831612154752,204.2419040224861,2781.571457714831,0.2582206746294808
2008,11,郑州市,0.4887668082811682,0.2843078100062727,0.3437343117709843,0.1082570378312988,10.838632538332206,19.751161209757505,125.87878243496586,1446.5696265069162,0.3024929949916743
2009,1,郑州市,0.5012224908660388,0.3424479947391408,1.066322664936092,0.4010223942179445,14.654072483632271,28.83487802586227,389.9853279847116,3364.555738988948,0.1895495339450828
2009,2,郑州市,0.5692710975981454,0.3861648921151713,1.6267801851189914,0.4937868519776454,23.57225961785968,25.990209694114125,396.2966487609117,2745.5464732983246,0.3368675326170641
2009,3,郑州市,0.5950575060144573,0.426283782714503,1.8823291879856443,0.528078154716066,22.839630811225188,27.847493284891584,1471.4157153247038,2757.9233712745845,0.3034318714972865
2009,4,郑州市,0.6208454517529881,0.4664033732034552,1.328490731703035,0.4182703187291449,21.451767445747485,25.283930482601637,88.47153845939823,3015.6183853668194,0.2816313645993939
2009,5,郑州市,0.6490390872592811,0.4701258451620608,2.206905029546044,0.6488283816915539,20.89427430647412,25.107937527651515,315.04242688698776,2147.625827442829,0.2836829590986112
2009,6,郑州市,0.677510895460718,0.4738457923432141,2.345155179733667,0.6789800612585637,23.346150264721054,27.278384551446276,602.7605349419873,3166.689519208948,0.2450984313754597
2009,7,郑州市,0.6693313301593946,0.442267048000497,1.7751450870836745,0.5601727450017853,20.52204220985815,24.266885767968866,399.3918493033366,2057.266766991376,0.3565589561307314
2009,8,郑州市,0.6618219639522828,0.4106883036577818,1.781971517107635,0.5795506795714775,19.38186439909226,21.71329257584318,608.5051964216655,2715.8513835742287,0.34223878603171
2009,9,郑州市,0.6058917176487454,0.3619842978978501,0.2633335975276044,0.1117036063519275,14.014400909400834,20.269132226313623,218.39810915904488,1683.6378542605123,0.3394650794341443
2009,10,郑州市,0.5505861810158516,0.3132802921379295,1.0367322796320686,0.4000354480896866,12.18597118383176,19.73600298514924,446.59397307970727,1509.5883444605372,0.3501962432047596
2009,11,郑州市,0.5202716133184283,0.2970048650988748,0.8990794765642743,0.4192711383866605,9.82466777586085,18.940810474529066,288.39785194532465,2002.2463841697115,0.3667188791248965
2010,1,郑州市,0.4817343943886044,0.334935217467154,1.0718938430847549,0.3749723403480152,10.26249309692516,29.96051825066592,218.7228100083772,2892.435393385132,0.2069272602439754
2010,2,郑州市,0.527630621352286,0.3644423740027505,1.3301214160639565,0.4781509284766795,15.300703247134122,26.967823476798955,303.1156169612367,2797.5724269113407,0.2215235161480582
2010,3,郑州市,0.5821063938802185,0.4093769871819053,1.6346890821418132,0.4890933535613083,22.286465927407864,24.98781445037923,2242.4623147068496,2127.4332905984047,0.3798352921685434
2010,4,郑州市,0.6365832793999125,0.4543130513697906,2.163787828909656,0.6015595139705017,24.485419527561486,28.55067045132417,124.81439532638416,3119.519616991465,0.3168530757582491
2010,5,郑州市,0.6446137465179799,0.4642719692493324,1.8955774433995016,0.5578937142718582,22.283896828950837,28.370955817362507,116.2153059071005,2846.483539815404,0.2510893421583862
2010,6,郑州市,0.652642723763604,0.4742304477814184,1.9772159281894208,0.6100475555713657,23.088997769135105,26.81478896019529,375.88621430373854,2314.9149124190976,0.2935212295235602
2010,7,郑州市,0.6653605067084928,0.4696094266597517,1.6508109964089543,0.5137557817327977,19.87238039510427,22.901086775223817,1585.5979225863473,1379.8967248075046,0.3817374692366938
2010,8,郑州市,0.6780797750141833,0.4649897530325156,1.7215643662674482,0.5474977436805544,18.811077261738586,23.18074432071157,82.28272494258881,2728.274420245083,0.342960461663462
2010,9,郑州市,0.6436328554355453,0.4237235759906364,1.3700521923133724,0.5454398962585927,17.21972700868366,22.089307950757217,1352.719598945697,1734.3571920749123,0.3805188826397621
2010,10,郑州市,0.6091843257925662,0.3824573796549165,0.7191781446520393,0.2951708750774145,22.19222684558184,24.253351584203248,51.742104050557614,2613.321261796384,0.3364768611402304
2010,11,郑州市,0.5329362577300749,0.3281183781269248,0.6819379991875734,0.3310817547428154,9.061141945767911,17.149714099668632,129.48290196951586,1849.905247159137,0.3158021802228573
2011,1,郑州市,0.4367063322657692,0.2895116491342487,0.9482933932167222,0.372000625398183,9.766725726101988,26.420425497510315,574.6344495282074,2404.203322033324,0.279521305871947
2011,2,郑州市,0.4494633343598734,0.3174094195583325,1.1111996690510428,0.3920463172575917,12.163048100491675,29.15573951580345,71.60886982949917,3462.478627035808,0.1958983762735927
2011,3,郑州市,0.5082132400823203,0.3395824395989635,1.3849603995892354,0.4599002171527925,15.578367385802348,29.35147339951729,157.67062300202605,3323.714076757265,0.1744811034253137
2011,4,郑州市,0.5669656962397269,0.361755459639595,1.0478694926626997,0.3802126001200188,17.270704296126613,28.17448180977723,765.895333090845,2536.479909170178,0.2320842360979306
2011,5,郑州市,0.5808103851471688,0.3863881347127983,1.859851117445778,0.5710879393769326,23.208762760082088,24.491380623042076,1093.4954769142246,2286.2693455741264,0.3747316733594974
2011,6,郑州市,0.594653998627075,0.4110206008756505,0.9051979301068188,0.3054472751128627,22.773355018875165,27.471496916145423,220.83512118176503,2737.415647446652,0.3067303199513773
2011,7,郑州市,0.6170075485431491,0.4150018870359716,1.6776709281718358,0.5186741122872809,19.38594994093545,21.3579835204334,668.5617364448568,1710.7339351571395,0.3530657656388643
2011,8,郑州市,0.6393600311765406,0.4189833742414948,1.749482609010789,0.5554285238595885,16.83820029331828,24.595327349710203,35.36321496955921,3100.6118036808025,0.2605120405024089
2011,9,郑州市,0.6073986643798178,0.3765987370389954,0.0920952551542309,0.0425108022332822,14.178706725835266,19.13067026807331,952.3651340149949,1033.0725713089369,0.3509788171572849
2011,10,郑州市,0.5755349506776403,0.3342133580704838,1.21795854890876,0.4944273950279396,13.913692803196357,16.639108376141206,1818.6662458053895,818.3159466014464,0.4171349876464398
2011,11,郑州市,0.5539342859627054,0.3215625777427055,0.9858316054507794,0.4373946211771281,13.863742612281378,18.06587775360196,18.77438209105828,3111.3950696701263,0.3497481330154012
2012,1,郑州市,0.5302397868241784,0.3662162063525648,1.4091141522974255,0.4670798474576583,21.101426968270054,25.927009380458003,1763.719738582189,2522.385488608693,0.3230041559728677
2012,2,郑州市,0.5890452989672024,0.4053722483236212,1.8326710202014185,0.5502099758980386,21.99123105117896,26.806219402319048,452.53468505372285,2950.9130312784378,0.3525732795330736
2012,3,郑州市,0.6086637757674406,0.4308467497885602,2.092561596329184,0.6105602118656488,21.47061093895703,27.24767779399815,239.23074365139064,2928.781501952579,0.2651500248875345
2012,4,郑州市,0.6283359379231067,0.4563212512534994,1.8999828191768533,0.545213776281117,25.62270454945778,28.519053982271476,239.1146529251641,3035.052746105429,0.2841335353810364
2012,5,郑州市,0.6455473165969929,0.4544527752850243,2.2024912280570046,0.5894799680296561,24.96581756840507,25.983652481686757,446.17862864821154,2653.4429717800426,0.333031357174115
2012,6,郑州市,0.6628696061995639,0.4525834087044054,2.0369524865860305,0.6124844525250769,21.213775497004423,25.215927205204107,61.66128166076216,2613.31619355735,0.2678511732938188
2012,7,郑州市,0.6625638566127147,0.4446765856293297,2.249088545184509,0.6489315391576147,18.93094852209145,23.26131738993084,541.822248378285,2694.644906636143,0.3190735540150391
2012,8,郑州市,0.6622874242615447,0.436769110177892,2.0005205477417687,0.6229530408453683,18.99687740975294,24.497230667016797,553.8257447001345,2270.953433174116,0.3235619750355654
2012,9,郑州市,0.6304754422222949,0.4069278797642096,1.6947968948422174,0.5670726726001634,15.762364026597266,22.028606578271887,360.0877059347659,2662.802226642369,0.3370328678381112
2012,10,郑州市,0.5995070650819018,0.377086649350503,1.4644089593053933,0.5441009160418324,15.180481694325543,19.46767042713997,234.64925097190587,2674.122169579436,0.3341460998225915
2012,11,郑州市,0.5439128469864815,0.3423319201888157,0.9984751889231648,0.4450585625960844,11.058545829026924,21.015649926980405,97.053114578321,2313.065965063679,0.2753018779734135
2013,1,郑州市,0.5519388158467219,0.4079928411502014,1.5264607969066804,0.4560028404125963,20.314336125645536,29.03230320533723,864.3521207224901,2982.3927300949863,0.2979430038818578
2013,2,郑州市,0.6081007568998679,0.4548924454998028,1.6721733594204118,0.5122998895670826,21.742672222328373,27.044593297819315,186.1260755820313,2604.172359038402,0.2664887181888919
2013,3,郑州市,0.6290760742375593,0.4488228666679575,1.775578771402616,0.5230236136923055,24.36062367862317,25.78541083035531,1130.688768025364,2197.080284167348,0.3799753734804554
2013,4,郑州市,0.6500477552611034,0.4427517818708429,2.306787560795107,0.6324556568756552,25.41361220506105,29.563363300063045,191.4896440234739,3313.303920928802,0.2911417617430286
2013,5,郑州市,0.6389549458522905,0.4373550024268104,2.0515109806006824,0.6246466484550507,24.540630837442468,29.40048227315798,277.23894103987925,3245.330316225606,0.2849048125606956
2013,6,郑州市,0.6279048311156897,0.4319583000312104,1.874850135168396,0.6040454323266928,20.83356787044889,31.191218989920884,53.91434552615596,3434.055974834117,0.2146911708694479
2013,7,郑州市,0.5759350297718194,0.3871115417464879,1.496256397985942,0.5282797618251198,17.04712828203688,28.249828813377512,20.01061976259605,3043.627008257327,0.1461763217005482
2013,8,郑州市,0.5240650430361307,0.3422647834617696,1.1946523285868649,0.4658057518657365,11.261660282283264,26.0727634875819,36.21832416708289,2841.9990096167608,0.1466796586243091
2013,9,郑州市,0.4722019633816179,0.3052292023260609,0.8309306253318842,0.3752971827350538,8.80220951855865,23.185872032966163,63.74142992396554,2489.805104609539,0.145736854606295
2013,10,郑州市,0.4203717013808306,0.2681936211903489,0.6478676607348913,0.3082600376851218,7.781704717486844,25.75665225638444,7.121824946466923,2895.7177938557484,0.1449688869077046
2013,11,郑州市,0.3812865748374627,0.231532304277958,0.4280449086960667,0.2388023174636361,6.072191148611457,21.218318029809037,121.10573315699408,1977.0668614013464,0.1680021157576289
2014,1,郑州市,0.5174024433505506,0.3383902856606747,1.3397001382875195,0.4656020143460966,12.826415223106029,27.02987713628101,326.43806033429433,3471.45388483695,0.2513423165137401
2014,2,郑州市,0.5493692117532485,0.362608547368677,1.39553779690123,0.4724589991324178,15.12014636295409,27.157669838862574,132.58213880573473,3124.708549270322,0.1895701948685227
2014,3,郑州市,0.5383738348013674,0.3649225716513925,1.4388698329563925,0.4879753884849935,15.291877969514433,28.82698242523896,218.45418560539264,3017.927254974292,0.2030929280844924
2014,4,郑州市,0.5276708900984693,0.3672353538913264,1.5040208472217484,0.4992528673641682,15.64929398513252,27.741321139333103,243.30380965973444,3337.687499535153,0.1996575522744077
2014,5,郑州市,0.5447358401598755,0.3792841211527455,1.1352505535302009,0.3702565398011335,15.514219898180215,24.67360939632636,311.9895665116216,2083.5489265631018,0.2357836279249573
2014,6,郑州市,0.5620526903638157,0.3913308244240538,1.5537095076442045,0.5198645249024032,17.203990132357223,25.32514966938268,122.82987743313636,3041.3043859387344,0.2324801093335317
2014,7,郑州市,0.5616243796059424,0.3735264760390167,1.0914742721217157,0.4137851997753283,11.426065870093495,25.77649382586434,55.28973603834475,2991.0781131692006,0.1826015838381477
2014,8,郑州市,0.5612181968901332,0.3557221276539724,1.367113560706089,0.4999267775036608,15.127039574659142,23.204241279977023,445.24472694994296,2281.876289747621,0.2358280072744507
2014,9,郑州市,0.5431482950670666,0.3298067480478033,0.1640107837551641,0.079350882430069,13.624478407963409,23.508315065023023,323.09077110938784,2367.385513966908,0.2494559227118113
2014,10,郑州市,0.5251102449609568,0.303891368441634,0.9288353912708688,0.4229832904789616,13.923316035022534,16.301205184373327,1883.450536926098,455.8481271435177,0.414149740567958
2014,11,郑州市,0.4964476222690471,0.2839171568961071,0.7437070957984445,0.3551436680618369,9.88381301070626,21.01463200819897,16.538246349656465,2707.517572369567,0.3274798298374089
2015,1,郑州市,0.5411921150747256,0.3650369136297169,1.3635304170644975,0.4603337061431413,18.84894891885433,25.005617366174004,13.091770828967023,3386.51490327411,0.2750763167201824
2015,2,郑州市,0.5537659698369323,0.3650333244768439,1.443610890700297,0.4875032778936453,20.87877838339701,26.200727567722264,942.9175649592466,2966.4644804407094,0.2466899494580026
2015,3,郑州市,0.5828425537793952,0.3945686430582459,1.7218324142730956,0.5546453672614328,23.721472961498687,25.78765301037548,338.5905162897104,3058.368304910336,0.333446943723655
2015,4,郑州市,0.6120582616057229,0.4241039485173362,1.797382929491127,0.5548071270539688,21.24692377037276,28.826020926674893,267.46019005132644,3235.010223465048,0.2714692926200169
2015,5,郑州市,0.6251127746049595,0.4312318235104341,1.7625853677580874,0.5359239542546509,22.06369822448426,26.28556435420605,709.3784012604283,2668.1962826463937,0.3360460159634949
2015,6,郑州市,0.6382468464436606,0.4383626665275416,1.893439788943587,0.5872561716531195,19.69996853889071,26.562566262146323,69.9993909582756,3084.5900045239378,0.2620138436492286
2015,7,郑州市,0.6203837351578309,0.4164401761488805,1.818322562186191,0.5823338539109286,18.909086586355286,24.55850301318653,195.49245294583085,2658.846361460568,0.2316213739136539
2015,8,郑州市,0.6026248983598375,0.3945162774253786,1.2018752467071567,0.4352192642625922,16.418339976712097,23.410010468436333,586.5138798943158,2826.357784145528,0.2983270445726828
2015,9,郑州市,0.5883912856827849,0.3856950886300685,1.5022438282459911,0.5393427800507883,13.13407899206958,22.078360691519972,473.8921534863756,2092.880315587114,0.3262494611787651
2015,10,郑州市,0.5742825745488377,0.3768743947426063,1.2805957740896592,0.4820925994368828,11.45184297958079,20.442856486701555,17.985373216540907,2769.063722693945,0.2621475884770989
2015,11,郑州市,0.4984691523397432,0.3190331884120088,0.6622327996942745,0.32700224104856,9.078208085753802,22.30241693012348,66.49388978904247,2421.3709789329123,0.2149338391463749
2016,1,郑州市,0.5060074739688619,0.3485014888810605,0.9150509791669024,0.3206175306869146,18.560824987520267,26.71418501925776,134.09799043370566,2979.8883400294776,0.1849666083321557
2016,2,郑州市,0.5117005534808734,0.3535388484747515,1.013603903658816,0.3656077083471948,21.226283380708782,26.508731311417367,558.7314958979368,2346.9706703428574,0.2516072831382581
2016,3,郑州市,0.5800491340453804,0.4192150888696206,1.989206571026683,0.5881803670345107,25.422087499519687,27.72873129266121,813.0864754717167,2525.495803998992,0.338167892667771
2016,4,郑州市,0.6485944838674813,0.4849067206901328,2.006768256206948,0.5964463908467421,26.51328449095412,29.670669100741595,349.4425536324051,3126.028637446431,0.2579963062680309
2016,5,郑州市,0.6156951184478028,0.4538202965922906,1.3077346471821845,0.4060489001022922,29.36280472204489,25.845601476588225,581.8834504873699,2372.891640748276,0.3452317939109562
2016,6,郑州市,0.5829754781889882,0.4227513407750366,1.4937267745739466,0.4766857813199686,27.619241043809915,27.86191224882108,132.66238590571805,2518.172685372536,0.2751901607619968
2016,7,郑州市,0.5903589689452456,0.4107912299212721,1.875928764943125,0.595552940355184,24.566805543781275,27.36473192323139,536.669063431934,2347.8950142428903,0.2431799116781265
2016,8,郑州市,0.597875973562008,0.3988350809537291,1.7482345461515372,0.5894297194669187,17.483268962450733,24.46049098236582,23.059050705949367,3375.132163963976,0.2298440293895381
2016,9,郑州市,0.5755383665411085,0.3811003857207499,1.4454263223681203,0.5362587404838471,14.311631505080673,26.34711840183458,42.14823263888734,3007.7530475485355,0.1684913134222556
2016,10,郑州市,0.5534141277703177,0.363365690487805,0.9064596544076412,0.3796413935098237,11.975981995481208,24.304794149301625,144.3510151909078,2728.340275699818,0.1953193850825975
2016,11,郑州市,0.4970169361759441,0.3125862420672972,0.8155801693306546,0.3981043639955264,8.765559919148634,22.58973790334261,192.5150521252954,2205.7917532385027,0.1745009809487501
2017,1,郑州市,0.5403429156752414,0.368106982012874,1.52465961613393,0.5082278651052906,16.9194499404875,29.41101927324757,523.290015828081,3299.563319603051,0.2027763918161501
2017,2,郑州市,0.5711435970104513,0.3854557594458919,1.477080024582721,0.5003571565512315,16.633147686581815,29.435866330906293,138.6176927824643,3194.6880812870136,0.201346963623313
2017,3,郑州市,0.5834131008736639,0.4055143824867964,1.4098876071912838,0.4751842698206225,21.014749201570407,31.01432848579411,215.29359578501385,3266.470467306292,0.2121591285454918
2017,4,郑州市,0.5957776088558177,0.4255697665282341,1.949206314441216,0.5823218972598726,27.033429235180165,25.74573127148545,535.283040811205,2005.604976863956,0.2888540260441365
2017,5,郑州市,0.6127574013524497,0.4384280683112761,1.8210390971223969,0.5784930323034772,23.200716847327985,28.64062130839647,823.0941632403834,2973.937545036289,0.3053471944018058
2017,6,郑州市,0.629817938276004,0.4512836469330114,1.780027474870206,0.5623969045854699,22.43795237376592,27.766775594240475,151.37286174600996,3232.0677854437936,0.2467308251442304
2017,7,郑州市,0.6221751603616549,0.4157217119730744,1.5161642826517454,0.5123150177068723,19.5770142343596,26.766482558821263,295.6206291800348,2388.0491643296964,0.2692688592150625
2017,8,郑州市,0.6145751745977781,0.380159777013137,0.2696377403454875,0.1236405696624537,17.72112968449021,20.85942695244898,626.1405665275331,1356.062356417038,0.3157389708996427
2017,9,郑州市,0.6010538276453635,0.3717707040777937,1.4383508310841475,0.5296107454174369,17.449654912042487,21.47793621768159,723.8747547748837,1698.9789589835918,0.3700596727439343
2017,10,郑州市,0.5875497856961802,0.3633816311424608,1.1749757753568413,0.50541148953252,12.096631978991793,22.820680542866214,16.921900344526478,3039.249613303639,0.3129288811075833
2017,11,郑州市,0.5007595705447926,0.3104335593283686,0.6936033621708355,0.3355668364223643,9.595196992244444,23.31308983987161,344.54137767445656,2115.102692402485,0.2599365272312129
2018,1,郑州市,0.5600495884314345,0.3927635575144217,1.4588207101334676,0.4798331839137627,23.55100857511841,26.790234707672848,503.7049622199041,2714.645021688744,0.2652170210125709
2018,2,郑州市,0.5795657079640032,0.4185765113586661,1.4170996348773697,0.4782323238554976,26.394875131568103,26.942586935751088,717.675770374619,2161.3130738193577,0.3507028071648607
2018,3,郑州市,0.5870365427852232,0.4200541941020621,1.8663320528430076,0.5689014123266724,23.84633412027534,31.349439825878104,52.78122266398866,3547.530704861742,0.2279425876347332
2018,4,郑州市,0.5945432853976902,0.4215303371691047,1.5512692614990184,0.4739296648991649,25.588095138233196,27.96994952003276,964.5207225802644,2377.448748400813,0.3331538684939217
2018,5,郑州市,0.6055879607478625,0.4195763632280377,1.7133478556465715,0.5329695865619529,22.576916599126264,28.90389512576699,312.50341956307307,2785.175157300617,0.3384999398211543
2018,6,郑州市,0.6166736706855178,0.4176221538010985,1.4333574094094568,0.4937330840332223,23.50422381867918,27.73747798071382,308.2152144130943,2745.8140053094003,0.2882100811376505
2018,7,郑州市,0.5963826035692106,0.4103717348264601,1.8470643402189009,0.5994912970865511,20.09434777354049,24.98667320565446,2362.1921196289086,2475.702811636555,0.3584393619358754
2018,8,郑州市,0.5761065615593649,0.4031221976008662,1.3476823730966174,0.5033730680566983,17.457288442612885,25.868506190353276,92.74353830732784,2408.7741307358924,0.2846854302977636
2018,9,郑州市,0.5411530567575092,0.3534186381394099,1.1057182177955276,0.4625080864148614,12.169756846729278,23.38862054616192,32.95249400947959,2887.602131075547,0.2286752881212038
2018,10,郑州市,0.5062585092842133,0.303715078677961,0.445019836685282,0.205762400481591,14.11095590637736,20.84533180985772,742.4016743741034,1465.1766357632466,0.2982769897409261
2018,11,郑州市,0.4881390277638212,0.2918996806501495,0.900567894692827,0.4189528788034618,8.855558197226438,18.99156240055218,592.5321706583253,2030.1456259149263,0.3678395644975294
2019,1,郑州市,0.489521679659722,0.3380797186645952,1.227217472614395,0.4508111853806478,11.903656001154989,28.276344395952208,9.366282661974276,3557.9813884673827,0.1759365152010648
2019,2,郑州市,0.5145947858697533,0.3754689181519542,1.4778041907976858,0.502078060461299,14.123436959686591,27.43189212738167,247.5780327332402,3249.20461775723,0.2092925867036003
2019,3,郑州市,0.5365094063469728,0.3853616578406846,1.4061324154894494,0.4817827831911261,14.86601035297056,30.54071664143712,100.02621643344816,3121.1949566795324,0.1701442863747979
2019,4,郑州市,0.5584980088355417,0.3952543975294102,1.2094291889592437,0.4418424208167689,19.704067406323045,29.79137003533237,1004.5576377136466,2670.5509801708786,0.2815259884263076
2019,5,郑州市,0.5906119101022929,0.4189885534706309,1.4913751862162474,0.4865526599893556,21.874094756733367,26.268231704344533,815.1235994566802,2203.154044658608,0.381139302857058
2019,6,郑州市,0.6227258113690644,0.4427227094118552,2.026567953118408,0.6280237704463996,22.26185320270845,26.097975239515804,249.6377552434416,2872.727229250597,0.343607394045199
2019,7,郑州市,0.6089879985773128,0.4273008838199724,1.661625680366841,0.5520180024169425,17.917268642693617,26.05715758086436,198.93767656080868,2789.4469205703763,0.2780121571319596
2019,8,郑州市,0.595274471898524,0.4118790582280943,1.3980981469996154,0.5178554356516573,15.650612328169773,24.97798677229582,69.01416310932517,2724.792650477578,0.2117958984552252
2019,9,郑州市,0.5725294072199949,0.3859393798137807,1.2919369638885752,0.4934301109330432,13.116227601989095,25.56207554867719,81.03623178700617,3041.3505902373727,0.1735755495518832
2019,10,郑州市,0.5498092965290655,0.3599997013994595,1.0739828936671945,0.4646029127708165,11.00301234917922,19.9033672249591,607.6507101562133,1319.1087684104243,0.3349394614569226
2019,11,郑州市,0.5112995260317871,0.3287049825092807,1.0255944309166456,0.462168480250884,8.428212564712446,21.422672937548448,9.42858158314582,2639.5474838193704,0.2704210128933003
2020,1,郑州市,0.541951198364117,0.3661705906320039,1.5381495444180746,0.5138641050037563,18.239303770623927,27.522903205380405,144.66425977843116,3322.644764735059,0.2273582119089435
2020,2,郑州市,0.5765854987069777,0.3935281105272345,1.171981004123723,0.4064528811875311,18.71369304022372,24.83629742399662,346.84757727653374,2450.108859489429,0.2569947218853402
2020,3,郑州市,0.5975338320824363,0.4101968730094552,1.7757172524218374,0.5450214331205034,21.17959060552386,24.325806711171907,547.0512231545562,2570.2534955294805,0.3039607391657355
2020,4,郑州市,0.6185006782555647,0.426865520294176,1.3341608570626071,0.4425803744547446,25.29549120159882,25.907511322686,210.20671772322305,2473.8891945162904,0.3053070469905287
2020,5,郑州市,0.6187355537840505,0.424132992583824,1.6144376214610214,0.5174547378779171,24.40392993306875,26.50722454347438,1546.164832696322,1955.4227390099056,0.3898352586330244
2020,6,郑州市,0.6189731002439745,0.4214010705427525,0.8700218932695278,0.3261059727401748,27.773954337975734,27.210083531626097,357.423901649035,2651.627363950856,0.3573102654519367
2020,7,郑州市,0.5941218426294389,0.3918691028688474,1.1243151097077826,0.41060860003939814,22.87420752995208,23.9781006375816,567.4912134885836,1898.581946762022,0.3682738231076544
2020,8,郑州市,0.5695977571955753,0.3624755475252883,1.3786083261460371,0.4951112273386215,20.33339961248344,25.231050661108576,2.0196264783603124,3455.150798039361,0.2720272481232125
2020,9,郑州市,0.5436973586826728,0.3511241400734761,1.30038985674957,0.5032455760029809,15.238933238306004,25.19895468004209,68.59281428710199,3150.4407752468737,0.1979261482421147
2020,10,郑州市,0.5182988785643179,0.3399386111550653,1.0475735843308989,0.4611167442726042,10.920840857401902,23.04164747538236,10.510699901207117,2833.6219025617474,0.2015733724116328
2020,11,郑州市,0.4113271167150314,0.266057382008357,0.4550881054634383,0.2295941658939451,9.241501955205605,21.097972413852528,105.84778783248892,2167.419528490998,0.1912049164044126
2021,1,郑州市,0.517016078986054,0.3444668313857415,1.156740709389059,0.4159016420110751,15.442663200818576,27.737525002604325,307.1528112102201,3083.826475883631,0.2220682929005862
2021,2,郑州市,0.5537532761732984,0.3488233979182313,1.307102239161849,0.4601721558376459,19.945006443543747,29.52261925312587,717.1883115129084,2884.55067711205,0.2642547407708754
2021,3,郑州市,0.5719631044552361,0.382987058193493,1.397277027312065,0.4805397439745254,23.139230693786192,24.721977125640738,2844.621813642573,1410.9384100881878,0.3970519415292775
2021,4,郑州市,0.5902413764121986,0.4171490246653376,1.799632296862212,0.5645128342281818,23.370409861306417,27.286848896518645,63.63206997500791,3270.0262463437293,0.3239890924703035
2021,5,郑州市,0.5956802793950275,0.429584534273101,1.715872526496897,0.5667141172537509,15.933297809027774,27.26542512900688,51.89051247202672,3334.815487966079,0.2409189434942563
2021,6,郑州市,0.6011777512534772,0.4420192071317025,1.6851227852423158,0.5538110987252332,17.6140922962696,25.12200776986736,331.5144425898743,2390.8348776446805,0.2745437445621771
2021,7,郑州市,0.6099308507230446,0.4206908521882897,1.401331068832004,0.4947422828818569,14.919234519762544,24.959691297952077,2991.260115652503,2543.33598680721,0.3363029896812724
2021,8,郑州市,0.6187624279542979,0.399362029727235,1.4218304205346808,0.4792060136465167,19.49866251262955,20.58660452330478,2093.1283694672966,1312.977696552469,0.3927026981825804
2021,9,郑州市,0.5986082618867026,0.3803190283265162,1.558477798698198,0.5662617146213096,19.882030824428544,22.62770630341449,521.1415643469669,2381.3733432249646,0.3868289846814351
2021,10,郑州市,0.5785306613736103,0.3612760269257993,1.1722726678152675,0.4833261215868239,13.181788712058404,22.95908645299833,492.7008766268717,2317.117894022065,0.3335909577483621
2021,11,郑州市,0.5383516466695002,0.3253206418245418,0.5317232663459533,0.2684881921424631,15.713605059538272,21.001412709156217,1624.845661103862,1674.1714411646635,0.3951299101614465
2022,1,郑州市,0.4962773726500624,0.3350412034679348,1.3367388387423964,0.4706152439556948,20.82249591582127,27.34162588565914,1293.935622011229,2864.655784728342,0.3475555928170584
2022,2,郑州市,0.5623017929312721,0.3743079047110201,1.351111886197078,0.4423970383681544,21.91655351526244,26.576938809181904,543.4672112658476,1856.6773378479693,0.3426595244406708
2022,3,郑州市,0.5934907982847957,0.3941549646492496,1.7376927414030097,0.5641727278960188,25.4220075084067,25.551138834644256,1118.923766999699,2812.1781679544547,0.3654896264823228
2022,4,郑州市,0.6246835740555764,0.4140020245874838,1.803544306197048,0.5489808749350198,25.088915795080247,26.275615850557223,577.211298259024,2754.54597535138,0.3694154476549929
2022,5,郑州市,0.6144381916333295,0.429747282406076,1.9296512116600948,0.6023002420832032,24.31123749255448,29.35456021257806,81.21532118561299,3154.2459171139994,0.2747024226986795
2022,6,郑州市,0.6042126948546045,0.4454925402246559,0.9612958553676644,0.3811305140697261,19.783499951856744,29.446320342054445,42.23655568757784,2862.6981514537392,0.2094276779310088
2022,7,郑州市,0.6101113695955044,0.4297599741096061,1.1761351919869452,0.442053462642393,16.86285408164704,28.07212816620785,256.59732967359565,2708.9657473226166,0.17737467010337
2022,8,郑州市,0.6160340087450199,0.4140274079945517,1.5422909665770328,0.550363591702836,18.264313496714223,20.942531589273408,470.30258248234566,1858.0475522100328,0.3225660261849462
2022,9,郑州市,0.5979479986664751,0.3973109405315602,1.5680231821493713,0.5604741366917797,14.848559750945538,23.795454811236542,79.38738099676628,2724.1635578638534,0.2370497628675127
2022,10,郑州市,0.5798788664940138,0.3805944730685562,1.1296393359141383,0.4924891019805651,12.259230495492668,24.06895734495347,4.928288926521415,2997.809365953553,0.1880038528716397
2022,11,郑州市,0.523055303151448,0.3330105780075393,0.9540183897222092,0.4434493002309907,7.912018571534479,20.78174316540374,0.6633412699404218,2562.3145501119416,0.1512076142960874
2023,1,郑州市,0.5527749231812408,0.3806196462356553,1.3626260313516414,0.4907299529683694,17.406475820140116,28.18500805326135,683.21330284623,3090.207884301962,0.2833075806083697
2023,2,郑州市,0.5773752527932893,0.4014973346180475,1.69109532892277,0.5416001943230354,21.368158039061004,29.310161939246974,450.870643445473,3177.0914331770887,0.2837739252977842
2023,3,郑州市,0.6140218744953572,0.4300628003396297,1.7370916437429618,0.5386035209476874,24.112347418751558,28.405724104801568,201.21719576163585,3001.687134854733,0.2308675621731531
2023,4,郑州市,0.6506732007715609,0.4586286450883866,2.076995296482487,0.6039657853698119,25.50357167994865,27.402416585422507,724.428853455248,2319.645425258911,0.3065662430691925
2023,5,郑州市,0.6536171469825913,0.4695284432588103,1.6358791301050366,0.5288592519846634,21.28848565026254,28.44799234983833,902.6094158699964,3068.9467268565973,0.3381998399050223
2023,6,郑州市,0.6565707777256645,0.4804260236186288,1.9524476273114004,0.6002873251437756,25.6684875395486,27.71235940758164,180.2795659110232,3095.204188672892,0.2869291256233381
2023,7,郑州市,0.6526252621757881,0.4729364805319592,1.9706828493111972,0.6163115332301983,19.504246139763328,26.263649291678345,561.7977928910335,2512.944659521736,0.3304142352481302
2023,8,郑州市,0.6486946068470817,0.4654469374453154,1.965361394112182,0.616513380165794,22.81954688776193,22.71869508345912,937.0270611917244,2534.4751598247976,0.3534186770657304
2023,9,郑州市,0.5999472662881306,0.4169166801317786,1.3543041704412309,0.4887450411176898,17.01563404382229,25.61079110813065,62.23255756543104,2883.982462750682,0.2564548114104002
2023,10,郑州市,0.5512224255580149,0.3683845560890399,1.2327702997019776,0.5245798619771664,16.66969393607288,24.161452049288023,142.82908193987535,2381.967388530494,0.2543958027238867
2023,11,郑州市,0.4772454541804403,0.3255982806100847,0.2620842257357996,0.1500198767043003,11.8798387187457,18.9299140116958,1341.1484240523523,1317.8437699501071,0.3832316506713464
2024,1,郑州市,0.5560684890229046,0.3725565306970921,1.0470593443151273,0.363826383474521,18.39994864878639,25.471733408989905,1463.1039158836772,2277.333978027508,0.329167416019735
2024,2,郑州市,0.6200607160256595,0.4144288220777679,1.6429203001948636,0.5272818969455225,24.052193905071817,26.29159857958165,606.8383928690663,2581.3594461883126,0.3498757827734899
2024,3,郑州市,0.6314613227601523,0.446881379699326,1.0217449064970774,0.3776088157099249,28.216871551697096,28.7800651851994,1248.3796864440912,2398.3803916821616,0.3785301053225218
2024,4,郑州市,0.6429693003604634,0.4793472630852565,1.7778418984575448,0.539959289885873,31.75849839744511,27.705909559158872,628.367723698283,2302.6245737648555,0.3887805622446382
2024,5,郑州市,0.6626040629439495,0.4754099085824625,1.5428824798456124,0.4962406465860776,28.6914605981843,27.92631930283449,1046.0969626911722,2320.8718759745084,0.3818475045967445
2024,6,郑州市,0.6822560172164859,0.4714776011687072,1.9410284678963317,0.5856511877349524,25.64554102802965,27.37495398156031,133.09625856696874,3307.13763424656,0.321088971908975
2024,7,郑州市,0.6693538418908238,0.4598182757351681,2.079733135523797,0.6178971591048834,26.792548680242824,27.578947974410557,313.6374403555792,2947.297882094666,0.3282995736558503
2024,8,郑州市,0.6564675535657948,0.4481587926832423,1.5392208551506503,0.5528367666036571,22.1837634429832,26.79641850282909,48.21198401504915,2757.138541470055,0.2724565542412938
2024,9,郑州市,0.6229665306545032,0.4210126263147985,1.5000772385789485,0.5693822092602449,19.7381389406866,26.46600467362586,48.8579332884863,2679.083435558658,0.2009739345010868
2024,10,郑州市,0.5894805276065396,0.3938664599463474,0.906670404107502,0.3995337585119191,17.444211434841566,23.75982591925337,85.62870174873984,2004.4880986103472,0.1843923802410054
2024,11,郑州市,0.53398110319758,0.3435532251381936,0.8107325997280962,0.3905724684442881,12.564724352670495,20.66927055078799,157.5352282724808,2520.9360446646465,0.2540116263699708
2002,1,驻马店市,0.5925750918791274,0.433623198812274,1.5196457366148053,0.5231907225951543,21.91224308703868,26.30789374375489,300.5281846264989,3039.582615929384,0.363451282048476
2002,2,驻马店市,0.5925750918791274,0.433623198812274,1.9754828508581816,0.6035375763184396,21.026330542238213,29.71017200312603,4.155141578146017,3678.961145457867,0.2670769752453454
2002,3,驻马店市,0.564475725466312,0.4295585658859038,1.3780872651911975,0.4269969469848475,23.297209353966235,26.459432351889685,1196.7737441863428,2489.371386520709,0.361752482844325
2002,4,驻马店市,0.5370190654420153,0.4257421947560935,1.0689573484089352,0.3628701456609369,33.57181060438828,26.099911202195823,581.120290602658,2235.910030244278,0.3996281370878443
2002,5,驻马店市,0.5755073860623413,0.4510195309055277,2.3290365279541643,0.6083110777534568,30.53879572129304,26.93034367632567,212.86408350648748,3136.1287563791298,0.3449915745293642
2002,6,驻马店市,0.6140819620552395,0.4763288873859677,0.7716869778452785,0.2978805082537408,25.35668695457633,22.819140382756757,190.4645233801733,2347.5446274468586,0.3076930008581801
2002,7,驻马店市,0.6321481255106641,0.4645982852014539,2.251736207797262,0.6763086066059386,26.25986910370066,26.59589838362487,954.7724515652068,2250.5996675634333,0.359834827707416
2002,8,驻马店市,0.6530340460765225,0.4543471763207999,1.705495329479406,0.5880027944807835,18.89325115116828,26.97971974237321,40.26608409237729,3552.726976884884,0.3337003942237283
2002,9,驻马店市,0.5941986723015409,0.3937153755050244,1.1477142822518993,0.4674830555125761,15.263230908432956,24.31462822989876,100.4104310818009,2652.0597862557256,0.2559473671254083
2002,10,驻马店市,0.5374779869040738,0.3343052530667867,0.7120691287597416,0.3100304043032664,9.930790689230443,19.63076958039973,146.10355140554276,2020.5694770969085,0.3102896663873769
2002,11,驻马店市,0.4392583041301352,0.2676544225169567,0.6368927814163492,0.3373389308164056,6.308666491477237,20.65597300977392,257.1339519428175,2471.597336665216,0.3233563028164918
2003,1,驻马店市,0.4655638636805747,0.3119817410237255,0.7357823803749037,0.2954076039919151,22.096996102318283,24.00680227231026,2067.202832148528,1699.8963557527734,0.4073905980377256
2003,2,驻马店市,0.5105709689799143,0.3637162282734582,1.1708638916636502,0.4207537955433468,29.91601939431876,22.91958665688407,747.4969929487672,1623.8359413785186,0.4147468581119186
2003,3,驻马店市,0.5809656606454574,0.4299234096365117,1.8901637119094123,0.590301115285366,30.036536966285656,26.7027484276106,1480.7089869921049,2421.75088798742,0.4002992750167845
2003,4,驻马店市,0.6551958424682799,0.4980844310074623,2.10259889800131,0.6287947383555487,33.47064980064152,31.00789870972045,8.091898382268074,3526.731155521193,0.2863394399458018
2003,5,驻马店市,0.5347531953508539,0.4047047415378109,1.418890161313502,0.4465378382946957,29.08090238658369,28.690639353735165,541.3207699437602,2764.959907131955,0.3193589248002341
2003,6,驻马店市,0.4173334505722581,0.313000826821909,0.1161087220877051,0.0583098688161486,23.741357085750117,21.81631026377106,727.6047610963229,650.0228152920679,0.4114324714497789
2003,7,驻马店市,0.5163565823991837,0.3740813353423536,1.8914433740640983,0.5605958793110684,30.752894560588626,25.790529688782925,608.1754632987611,1823.6088992891937,0.4026544322212784
2003,8,驻马店市,0.6154297512604945,0.435158283302748,0.1158049358251333,0.0571339822770508,20.50160016482693,21.584059297476628,1026.8147160038625,1486.0758926418057,0.4135390379103907
2003,9,驻马店市,0.6191128432239541,0.4068754447127821,1.521102968242568,0.5424326010339988,18.82362222874755,21.84263876136396,461.2424606097711,1353.5643242656536,0.4109375660778153
2003,10,驻马店市,0.6247166275861484,0.3793250922812012,0.8456259412771101,0.3634223824582821,21.20489339059685,24.696853454325247,138.02727521784516,2725.115910190505,0.3512543104321536
2003,11,驻马店市,0.56819447997255,0.3408757157091274,0.9467756959203516,0.432199850884191,15.272190074109204,20.7546962199563,198.93293189399336,2507.9214577677426,0.3640599994253483
2004,1,驻马店市,0.4828273733571888,0.3386424402256345,1.554949316261694,0.5280938956530403,17.978602108620255,29.04338883259981,97.53775370332252,3684.321924273642,0.2651024637756284
2004,2,驻马店市,0.5508706030316214,0.3991813975750852,0.909312353606856,0.3166737694735232,23.577681364725223,25.785894806169505,1813.0981531129933,2408.554085267903,0.3740257297287329
2004,3,驻马店市,0.6562524689637486,0.4989105126854974,3.614878791573753,0.7690786313968929,35.999151784703194,27.336252309837864,1431.3376268531335,2651.106898668232,0.3924202852153675
2004,4,驻马店市,0.763576281876515,0.5995062029887501,3.143604263274791,0.7030445019750857,32.73845286018808,28.35122151600654,467.8398134876255,2774.5490772487465,0.3248598987012503
2004,5,驻马店市,0.7517637692099318,0.5874345476939082,3.055325500507536,0.6736661421353521,32.149497830021495,26.858299024557702,1083.1324480743497,2041.2384767459207,0.4125188901219389
2004,6,驻马店市,0.7426209119493015,0.5768453858473772,2.350639740078919,0.6145091041849197,29.729972946116582,23.87403674369957,788.7259354214717,1932.865576621467,0.3995128388924417
2004,7,驻马店市,0.7108678296028763,0.5098908262043367,1.74424424390059,0.4804395326231123,27.018443050517625,23.70999290684145,97.79995711114351,2492.462495679524,0.3717678075796781
2004,8,驻马店市,0.6817446603731788,0.4442727652119125,2.241827513257308,0.6656110861184206,19.6571891773463,24.100176570640865,171.6076818796763,2351.372494438833,0.3612943759696197
2004,9,驻马店市,0.5773980004709635,0.3667346136990302,1.0206408180933608,0.458623409111259,16.998457611856452,22.0306806949372,405.54600989455895,2370.100303625946,0.3792818024101557
2004,10,驻马店市,0.4755939989294344,0.2903677234401862,0.9289272100475664,0.3885126410144972,12.287519451526734,22.20061534408113,49.87049542695647,2911.200227862827,0.3098682451576597
2004,11,驻马店市,0.4316530565886172,0.2649934015750938,0.6323795453422567,0.3273823638222375,8.774971408456663,19.43688236030995,348.3742439556662,2345.3856473896844,0.357313107559587
2005,1,驻马店市,0.5274439687180075,0.3662456386184342,1.12699826991728,0.4025105874433121,21.52753170761472,26.736932338287584,1726.7484361568502,2233.0215213786523,0.3272757949580304
2005,2,驻马店市,0.6679580765892046,0.4572162567779757,2.2365130969089617,0.6228148594534112,31.515692473554186,26.27372182740796,2057.839551430735,2526.8676720604085,0.3886133310785937
2005,3,驻马店市,0.6789395320578689,0.4944385000457676,1.4350482637471156,0.4156180162400372,31.209380749233773,27.241064372254908,814.7085192545461,2377.5730299336387,0.3962377194817065
2005,4,驻马店市,0.6907030760107421,0.5318673465996877,2.835790060914025,0.6512631055398289,30.271103174252545,28.198522315256408,693.3765573020004,2653.288882014168,0.4009350600470457
2005,5,驻马店市,0.7251656042842065,0.5364154383947579,3.35392047229053,0.7610361440119109,38.122214111255765,26.353958295294465,496.3049719784004,2439.94616461005,0.3966088405230837
2005,6,驻马店市,0.7633818333180576,0.5430549669195884,1.9038239329455684,0.5426963972719778,28.442733655320392,28.200803755142648,258.11542926072195,2920.236063483481,0.3280589484747825
2005,7,驻马店市,0.7234347293296707,0.5140638495382424,2.192572168054096,0.6395616390685446,22.74823977549387,19.76871786016885,830.0785773317272,1231.2567132112072,0.4112683704074523
2005,8,驻马店市,0.6868834639009909,0.4868040804775713,0.969062332257246,0.3465047353622848,24.362045191254875,23.631653748058834,1234.2340054742835,1797.8469951286306,0.3943411512646824
2005,9,驻马店市,0.6218902746057557,0.417861762457026,1.4523124120006443,0.5303891332370361,19.977191728228256,22.26626025155597,226.71058121427131,2492.3148642578813,0.3804513953653841
2005,10,驻马店市,0.5590152860379739,0.3498569427988434,0.64816401430644,0.2910902050578078,21.16252999562013,24.66295911309897,567.1614226221539,2317.7794812242005,0.3701561566369521
2005,11,驻马店市,0.5091306024696504,0.2996525158122238,0.6251080005486711,0.2760599956600361,15.219426136424566,19.684706095379223,592.1568606108764,1526.7994337390253,0.4059670291668333
2006,1,驻马店市,0.45422997909941,0.3207356430483197,1.1515338656186869,0.4033920889047905,26.229219951957703,28.116846132224968,724.3420453486979,2812.3253833193994,0.358895549028412
2006,2,驻马店市,0.5749476116289662,0.4230418814160404,1.600091739006683,0.5060012097554648,34.00409450457432,28.802679135763693,264.2796773311307,3015.04513968258,0.3133988193467975
2006,3,驻马店市,0.6692038192158202,0.5056465208953961,1.5116867975415555,0.4437843062090897,29.124783005342767,26.96688363493024,872.4653098438044,2143.001248836751,0.3701194792170023
2006,4,驻马店市,0.7648167329982168,0.5887409176619924,3.100121120884048,0.7188734138128744,30.694782106817428,27.024330994223625,476.28967754434353,2531.5442871134824,0.3814272848105419
2006,5,驻马店市,0.7498933589919788,0.568103059663378,2.405692021296411,0.6033186041613664,36.63697252890128,27.164300501844483,543.6207533199395,2769.3354891549693,0.3862208941684578
2006,6,驻马店市,0.737438222513833,0.5486284866050353,3.1114237376134293,0.7485338865126613,31.79778985270092,28.156139939947757,270.2807208865855,2577.4403345864466,0.3452105074384261
2006,7,驻马店市,0.6715177315659551,0.4921122700716167,2.386468831515279,0.624664204830604,30.29277476657509,25.708934071457072,180.38198356400704,3185.497618077968,0.2922389785074466
2006,8,驻马店市,0.6077495359821438,0.4366878778977315,1.1912076333851498,0.4267513158464612,24.634391611654127,26.92784924866006,175.6781101342081,2175.0273918111825,0.2970153599599593
2006,9,驻马店市,0.5757979597078258,0.3824937463736888,1.095607852362201,0.4335359651542232,15.771551495508527,19.74926919023911,464.2515838318964,2131.949685077276,0.3660348880123618
2006,10,驻马店市,0.5456871840073326,0.3291104082054689,0.770326225602739,0.3683724316446533,10.654554173511109,20.810266453692453,57.16219035987003,2788.327769264884,0.3128711919137438
2006,11,驻马店市,0.4556027008233557,0.2620184153328173,0.3837214665770206,0.194945306833302,10.968578907176598,22.75976854532206,5.743906512669824,2715.660583860566,0.2421455902624721
2007,1,驻马店市,0.5319418155444076,0.3485208072008962,1.404157762763257,0.487050121467229,26.350369593325635,25.525377178801005,2569.0250718418297,1853.548062271432,0.4179360175623478
2007,2,驻马店市,0.6207517211359963,0.4258130327888643,1.470822349870734,0.4683220036187086,28.671486540500084,26.45802123909692,1409.531134299223,2509.832637837489,0.3947615369014839
2007,3,驻马店市,0.6525365178241392,0.4511906777856808,1.603673823804852,0.5156917104915217,26.18905346990093,24.93137546506922,857.8848966075396,1727.5919915087263,0.4076530546881654
2007,4,驻马店市,0.6864079568751358,0.4778556260651743,2.159690045321218,0.6154569949190368,28.753059773556394,28.423335424798964,338.12928264805186,3103.7928449648425,0.3678960065643193
2007,5,驻马店市,0.7080301961129852,0.5086816423581936,2.126901958421202,0.6305725335144248,29.50321250527498,27.677276762327235,772.4555090807287,2660.875065614877,0.3884960538748919
2007,6,驻马店市,0.7322424593419494,0.5409703303513578,2.349468745440816,0.6432207387803048,30.831636991672895,25.65726899424025,553.8446531823568,2589.981828035691,0.3868145109266384
2007,7,驻马店市,0.6538505629469606,0.4655517386921577,1.727071057289051,0.5308598806834,30.58933172770425,27.080717763987323,404.8510488111247,2156.511497683834,0.3896496479278927
2007,8,驻马店市,0.5796021938895121,0.3924125416063266,0.8727514014556997,0.3270770475183475,23.5428584183966,24.498530717379,705.6929375436962,2179.982822972216,0.3948518310213421
2007,9,驻马店市,0.5208920289109599,0.3393183998012768,1.2780968178991423,0.4791338124981263,16.25874459658304,22.26113708353163,82.54300405567133,2828.483621448896,0.35514959693434
2007,10,驻马店市,0.4648175528199669,0.287483040863323,0.9841160592904687,0.4086864928168834,11.324288754108352,23.195182702045823,89.9163389018161,2774.492706879162,0.3075099778341345
2007,11,驻马店市,0.3961575814536728,0.2380648425671932,0.4682696352828491,0.2455800580884519,13.90455115042884,23.01994043992403,36.98139973627462,2833.796904188683,0.2571634652805116
2008,1,驻马店市,0.4720261221904927,0.3351838206144702,0.566093292581525,0.2262089714837921,21.50705787048984,26.01769066411785,1133.2344753920045,1966.184576057581,0.3721505352776323
2008,2,驻马店市,0.5541077543971972,0.3958290718166926,1.760832782512037,0.5027648735804998,25.333516770913672,27.267318995226272,414.79027804214536,2672.4383479755484,0.3840485577117083
2008,3,驻马店市,0.6465850203693316,0.480573807372645,0.8212471998793385,0.262566466339187,28.647903574428817,24.793064581427725,1253.0249792304571,2152.595534065233,0.3979428619336978
2008,4,驻马店市,0.7391915154142481,0.5653610107823299,3.6316095457490127,0.7459358019952588,36.97500740595453,26.75239439031518,654.4746895702336,2360.242664016444,0.4093960263817845
2008,5,驻马店市,0.7577742977922511,0.5657054511889009,2.8900489256362194,0.689085786122621,32.94138855038263,27.687159485434677,140.9850637356268,3364.2039321679667,0.3586510433973355
2008,6,驻马店市,0.7807983572447807,0.5688275398463096,3.0064262451465176,0.7251735737988847,29.75891811720609,25.423873017157742,1420.6398627493622,2102.350720051444,0.3641903192719631
2008,7,驻马店市,0.7613249819586702,0.5463439253199555,2.463071186069429,0.6952530504648603,28.65079982407946,26.38008453063716,120.61698068236026,3045.175987939584,0.3720343572067388
2008,8,驻马店市,0.743314146889906,0.5248352993244876,2.092367921259698,0.6465537021948523,23.079434956514817,23.18852113224325,1102.9546841710917,2709.1609935971974,0.3651112158293869
2008,9,驻马店市,0.6641632021771648,0.4460954485967873,1.8054138288427255,0.600667004305564,22.20138572987224,22.81482624440482,374.1001608933156,2117.735866538836,0.365955870662603
2008,10,驻马店市,0.5861031736060521,0.3680223387570697,0.9225822031245486,0.4467575806218256,16.713516803380518,23.646325817579797,139.2782169707657,2749.305479868065,0.3541760808594216
2008,11,驻马店市,0.4568889414522321,0.2776595994447619,0.2398294270991588,0.0994969563319626,16.95219894219705,21.20791252465721,273.2876213580356,1337.4016743918137,0.3827021657833978
2009,1,驻马店市,0.5799504425406087,0.4396107421802042,1.378134606891877,0.466006440395543,24.61730418633371,28.13215066351532,635.2050618481525,3200.0674278655183,0.2886420777781386
2009,2,驻马店市,0.6772939650045227,0.5166302754861486,2.4747812199269164,0.6441360038646542,35.03323318728391,26.25525292905674,710.1622356642874,2477.844273127507,0.3890388939567209
2009,3,驻马店市,0.6870101810205894,0.5358912209923129,2.391490893529782,0.626651072939919,32.5485545939456,28.990289089423214,562.3884025059002,2960.521538163097,0.3338236279148883
2009,4,驻马店市,0.6967535467465558,0.5551611767157019,2.215728130418666,0.5696799452124583,33.436190061369096,25.394109278771055,257.21875804256626,2582.676291470494,0.3199934877722606
2009,5,驻马店市,0.727154557142185,0.5700722897718014,2.7254771080875964,0.6497663888225816,35.830865962707804,25.164127757462097,287.2111964594231,1502.0211457863782,0.3522786167278732
2009,6,驻马店市,0.7576592395538699,0.5850065642859261,3.159913397530411,0.7278288546426545,32.057354045495366,27.909609190380195,507.1053518952457,3134.863063703137,0.2932153955066743
2009,7,驻马店市,0.7216069567606794,0.5380922530581626,2.432642419041299,0.6350878000496497,26.05584270733444,26.947079240223893,179.39903683447642,2494.1748421345505,0.347059169981234
2009,8,驻马店市,0.6857983442309532,0.4912273818948955,1.2964208849927674,0.4608031521875918,23.49578134330012,23.320267989778,1106.382683157521,2405.5831480059933,0.3654507891807771
2009,9,驻马店市,0.5478603496639507,0.3793672332128832,1.071085761094534,0.3814729074643617,17.316945883612284,22.991247743409524,34.51664648349823,2209.5262223032937,0.3050323170362234
2009,10,驻马店市,0.411361739781971,0.2682122082262536,0.5021315277917838,0.2362786278076591,15.229665294268022,21.36276162437742,377.23176119075714,1528.2251060570147,0.3166357398084152
2009,11,驻马店市,0.4094897911859809,0.2581126726997511,0.684231542509374,0.3444825882607466,13.010082795570048,20.405462820236085,425.8158999810528,1844.702577837125,0.383865051365114
2010,1,驻马店市,0.4292553278204127,0.3017418690363125,1.0557943901775535,0.3806152060848584,14.771664700251293,29.23770992741464,536.9404687965097,2884.3920919231123,0.2843506608496234
2010,2,驻马店市,0.4966418293772695,0.3600792131797056,0.8776693613881689,0.3547906582163764,22.339618088995145,25.344467643895925,965.4071369172063,1859.9023618156943,0.3463071681821599
2010,3,驻马店市,0.6255525548406169,0.4799920609411841,2.123662454798281,0.5775606461851142,29.028199746920716,25.72455045262222,1260.977859014895,1686.8078462095737,0.4160462156209197
2010,4,驻马店市,0.7566686535279424,0.6011113284796613,2.934607466458648,0.6985829609915755,38.537216667415485,29.086173471390584,174.40932670755774,3317.285382327125,0.3482179419393839
2010,5,驻马店市,0.7474421417592051,0.5801784288487791,2.708132250670171,0.6716054069481363,35.5644887911468,29.34185210607668,246.367665608482,2898.7500943071627,0.3107334983518562
2010,6,驻马店市,0.7407027307068657,0.5606951687195014,2.5544330637288155,0.6807384121713599,31.93877619335148,28.54633565093137,245.44938906245227,2728.208330126537,0.2915332549875507
2010,7,驻马店市,0.7388550186059741,0.5563278052749822,2.174010716667996,0.611074440903321,26.53520169950249,25.48088591648984,625.810789773581,2247.909468899781,0.316113613793348
2010,8,驻马店市,0.7390430177013572,0.5530678773155887,1.961941800943208,0.5738279289711379,24.16129883254544,24.035187835364773,67.97567966704877,2588.155745135115,0.3205856264949518
2010,9,驻马店市,0.7206605813584444,0.5055313179907339,1.8840374057002909,0.6319376384401115,20.70151564648741,22.769357746797088,1246.3327574293032,1223.9001287325752,0.3792720866904477
2010,10,驻马店市,0.7039357265854971,0.4588282954303904,1.373395422688697,0.5111732679037423,24.414612408550287,25.867727339412443,39.91523791729802,2725.26567606309,0.3504452357224152
2010,11,驻马店市,0.5487830766662124,0.3485619106654775,0.4359987814416925,0.2402734153951693,11.448152984901292,19.355342202465277,237.3087218756404,1809.5118746518683,0.338440091223635
2011,1,驻马店市,0.4402269172024185,0.3092387271584793,1.2448414186323464,0.4609790636558041,17.417736954530213,27.679719145518515,614.8613601001472,2595.845063447052,0.3292409318383498
2011,2,驻马店市,0.5146046370991376,0.3853469295309784,1.3229889543414248,0.4012915904130751,20.37206481013267,26.835358693613315,7.322386506072047,2972.049586160927,0.2755381135203165
2011,3,驻马店市,0.609243711477053,0.4586105047019604,2.588468019528249,0.6671765845879651,27.941296579565776,28.999008638916088,88.01054160951321,3254.8563918498644,0.2026380113940862
2011,4,驻马店市,0.7043561732570642,0.5320874819609712,2.023051729075652,0.5407947916283216,23.813814585752013,28.6668652647482,783.3887742099799,2826.1340366560585,0.3036797307102091
2011,5,驻马店市,0.7263411099343716,0.567097173889787,3.262681717477957,0.7245095073988801,27.515018330158014,24.854597238069168,745.6008560367538,1921.274815524108,0.3859322412873535
2011,6,驻马店市,0.7483590163581477,0.6021109039431598,2.4110456713235324,0.5778253921917532,26.15987028430773,28.716514577400257,601.0834221765444,2895.952660207633,0.3503968849642164
2011,7,驻马店市,0.7294491376396577,0.5675250201104282,2.393594062292748,0.6107710934079216,24.615909322675485,22.788030347379703,485.3117971599468,1962.24150844515,0.3854537890875897
2011,8,驻马店市,0.7109960838120406,0.5330881230181491,2.43544595040297,0.6518501455981282,21.510576285503795,25.38113548074716,50.87133083407902,2897.258690624827,0.3037702569345317
2011,9,驻马店市,0.6428685344054305,0.4419615133865759,0.4063780809347429,0.1451613749448412,18.36594378365489,21.25835404138158,350.49665229829577,1367.297343338496,0.3037736912680251
2011,10,驻马店市,0.5758319524462975,0.3512135532891257,1.2997846387128094,0.4595767890902383,15.022104323379033,20.118362678417704,313.3998628353143,1095.0920715908717,0.360553934053226
2011,11,驻马店市,0.5465329315439224,0.3319373693161668,0.991630744550656,0.4234037605330332,13.194853083465167,18.431346321871874,12.268947173401695,2578.283308548302,0.3257160529977568
2012,1,驻马店市,0.4980164233329406,0.3417470442134062,0.7527396625313735,0.3117075791600739,25.623761200314057,27.11433236609597,1271.1268807389854,2072.1375002849363,0.4041729523117022
2012,2,驻马店市,0.6414421081639964,0.4410622701425343,1.843479527853396,0.5485076923987218,26.36773494859019,27.59381382014769,443.6387854961276,2727.030841883619,0.3509155900511663
2012,3,驻马店市,0.67902534998046,0.4987159387080182,2.426294494529102,0.6478941365576694,31.297495459455018,28.542548541967307,215.3868259454936,3206.177571782069,0.2782610499683745
2012,4,驻马店市,0.7175185613182785,0.5567133145344186,2.628295835463804,0.661292813882278,32.94945696287615,30.764208394636032,51.29967859920845,3473.9099117104543,0.2275072087131678
2012,5,驻马店市,0.6983467379234748,0.5449714514065135,2.8628734262559905,0.6528121860778513,30.6119876456,28.207681162335053,195.8429604297779,2848.912739633067,0.2449767733843355
2012,6,驻马店市,0.6800066318677975,0.5335567714806169,1.9285232240487475,0.5318312904631844,28.321113752291208,27.305114781192003,149.72317737465784,2204.466615484452,0.2199846104199568
2012,7,驻马店市,0.7242243114858996,0.5439954542072322,2.575633302829592,0.6566246614175434,24.797308649943822,24.27848100733329,894.1732741026246,2467.4825410840845,0.3432565642357746
2012,8,驻马店市,0.7688497631762705,0.5546113152633371,3.176573301399082,0.7559500602328485,27.085828461054035,25.40986962690673,757.3211635486562,2185.748577983065,0.3744351973426366
2012,9,驻马店市,0.7402009806502411,0.5257963840052854,2.4931847165647465,0.6782155527929644,23.06354220538569,22.959418303563783,979.5592047899434,2585.044026064652,0.3455680877789594
2012,10,驻马店市,0.7135004999782304,0.497920108233279,2.318049120951498,0.6807771021190228,20.34747150955554,20.157424975232125,371.7578597911064,2456.5615819921686,0.3679375583828281
2012,11,驻马店市,0.5870978681440204,0.4129205099807757,1.0204790752751949,0.4433118810076264,13.596981730826606,22.56138890974857,24.310078915613477,2470.341155480549,0.2879112308635099
2013,1,驻马店市,0.5974944163820824,0.4159642651699826,1.622475602468621,0.544810427143474,22.19826531199878,30.31576242007502,262.9658436934293,3282.776938848813,0.2604725871363119
2013,2,驻马店市,0.6577312884538368,0.4781213470852714,1.6928967513131683,0.5155949052055141,23.511647010977093,30.775873191435327,198.0934362083934,3246.366811020728,0.2173477131552769
2013,3,驻马店市,0.7180098095900773,0.5503659893108869,2.91699938263597,0.6933168073324252,33.42943997942471,27.93072604113032,1582.9522734332124,2274.845925409817,0.3929409868857979
2013,4,驻马店市,0.778367470022944,0.6226318206758085,3.504709188617047,0.7434786688010505,33.83151399910276,30.563185479513344,229.5886854504487,3493.1499442827685,0.3044946662537938
2013,5,驻马店市,0.7697118905407796,0.6225423557407024,3.972601766352043,0.8039965221992603,36.20515163847794,31.07099306542327,199.5566372731652,3350.8569898321657,0.2627122431803626
2013,6,驻马店市,0.7614752167032739,0.622542821372926,3.310670129004691,0.7532058221093049,33.20517394664093,32.931021989857946,23.02987493886545,3512.871418377424,0.1750931214920858
2013,7,驻马店市,0.721941516791214,0.5540400329568702,1.901827596213718,0.558667925632019,27.61174427727901,27.91067712615764,843.5729611977351,2014.132008419164,0.258791532843819
2013,8,驻马店市,0.6849407363493709,0.4864851227644882,2.3992617792780573,0.6703505074821908,21.637502709644664,24.81680891907573,98.7247493335644,2862.678491563169,0.3280482030916313
2013,9,驻马店市,0.6310113333714512,0.4394442720186219,1.538137709018905,0.5646968471282794,16.938757366305385,21.50604776247337,411.6200452202088,1843.1747039502688,0.3007203832014434
2013,10,驻马店市,0.57920601150593,0.3931495786535346,1.5380357499815196,0.5330929937825182,18.199569990147864,24.59146939627201,110.36754951385969,2772.831148070677,0.3195319746477725
2013,11,驻马店市,0.4931312214984787,0.3161684783772972,0.5964196646263851,0.3145583386509086,10.254140574601166,21.834227678293463,608.8576635085465,1998.012384290222,0.3016293090930231
2014,1,驻马店市,0.6016502164722328,0.4309284446893524,1.7792919292092926,0.5613717118268625,22.31090616906916,26.18669677595765,197.252247625557,2928.106115407189,0.2399285372754848
2014,2,驻马店市,0.7285847220224617,0.5326455551061526,2.8385671308099507,0.6904889596673275,27.04472716226209,26.57039779880351,214.8146408742501,3028.395716080925,0.241390093684117
2014,3,驻马店市,0.7391212504796698,0.5568845126628297,3.4629822842343145,0.7568658059861179,33.44252401554245,29.44450668793612,360.325165623259,3158.272143447329,0.2654287506953351
2014,4,驻马店市,0.750139187317084,0.5812022904082778,2.8916060903523677,0.6820491432705138,31.378135974626986,28.55000312249233,142.6202608836491,3354.419460094477,0.1955013141492037
2014,5,驻马店市,0.699955264600376,0.5448636824276691,1.5965662198960042,0.493164567419951,25.347979923359432,26.801944017759155,234.6052986581677,2274.647058867878,0.2397770864665766
2014,6,驻马店市,0.6500729045878921,0.5085358457680896,2.2476319647451866,0.586281905581734,24.61496369541639,25.183434151033776,125.31497284498884,2684.68501801832,0.2510815647065347
2014,7,驻马店市,0.67393412133922,0.4940644291291557,2.3001568401947208,0.6187787216632127,20.7977078380252,26.304131250082133,337.162543910092,2679.811725437081,0.2265427717459421
2014,8,驻马店市,0.6985109285662967,0.4799859463193122,1.8705627803287772,0.5726598701218892,23.472908844410444,22.740872500634595,902.7391571482252,1215.3276185759769,0.3586791395676928
2014,9,驻马店市,0.6237563522348947,0.3986327015019784,0.9931268896000176,0.3377809978487189,17.86869579333706,23.98445095768148,172.1294578859332,2403.874113390402,0.3458750780141298
2014,10,驻马店市,0.5499456186680796,0.3177628104012506,0.9800336685335304,0.415421262769865,19.338049799589168,18.822411491828223,1301.4528834540586,577.3303359421562,0.4214286959141758
2014,11,驻马店市,0.4851957620715262,0.2792881129972414,0.7037570851541092,0.3083068358208705,15.259007161819468,21.43165961856886,31.950733610346308,2549.317777136333,0.3554347144264139
2015,1,驻马店市,0.5405610249774727,0.3756032617136595,1.388732593272404,0.4610515097487738,27.45533440787487,24.235634711555395,65.77028598966875,3133.288342385704,0.3568241775342984
2015,2,驻马店市,0.5885331953881613,0.4147385185551498,1.5574259703600313,0.516005130019809,28.597059258150423,26.00341423411875,738.851597376379,2556.5589232123607,0.3239380229247945
2015,3,驻马店市,0.6750507534993853,0.4922895727552918,2.4859074536894403,0.6314375829028955,36.00424201371116,26.01960169804959,153.06098150543926,2770.0781202484377,0.3617430557880522
2015,4,驻马店市,0.7627952388675341,0.5705508654085454,3.827300924696764,0.7846540030012419,38.80708636871473,29.317537192573145,118.91897468906056,3512.2260866303677,0.2849598225262089
2015,5,驻马店市,0.7525459239647482,0.5829902599363266,2.978722254310807,0.680391482827929,33.857269029415704,28.149171816327883,320.7414892468429,3024.5453580692665,0.2795779790186489
2015,6,驻马店市,0.7440396512166702,0.5964625799265051,2.6540810229593403,0.6515445857853129,32.74901933863622,26.70874232142696,199.3087679824278,2877.2941068588275,0.2785509193949483
2015,7,驻马店市,0.7402383368717412,0.5709493506425748,3.0329929572796126,0.7233966172351136,31.131500657682864,24.28043854616381,608.2308874019757,2540.1471654712414,0.3440042929470566
2015,8,驻马店市,0.7385081888968053,0.5467827289209843,2.557797129241421,0.6802586795927208,25.41540293598761,24.743519222227683,132.37046852010383,3202.762802705779,0.3050203665169079
2015,9,驻马店市,0.6761245259537184,0.4822927935057801,1.958092111945258,0.6005448202224902,19.17060875183485,23.891644816007823,330.5457613034016,2642.6246829804168,0.3129035170146666
2015,10,驻马店市,0.6164287770774435,0.4192510100427304,1.318861953244093,0.4981642042028371,13.044849641879525,21.005087538321018,45.32179141384093,2441.5295016872174,0.2534782665219525
2015,11,驻马店市,0.4694625527892577,0.3101164398545115,0.503727651076543,0.2650544177731356,9.076637684264654,22.504245855163,402.1223101434186,2087.6174184910174,0.265182486600733
2016,1,驻马店市,0.547334495704968,0.435568635240917,1.7542907762105724,0.517176865765632,31.06143933882233,25.325890973281936,236.69981750367464,2697.58365680779,0.3486324625489736
2016,2,驻马店市,0.6163786119694836,0.5020144285876441,1.7767282186374027,0.508207762207569,34.011317608782804,26.705479604317706,408.2622994576682,2418.3493446749594,0.331444424233636
2016,3,驻马店市,0.6984600634670874,0.5798769182494429,3.71474582679868,0.7694984468705837,33.747227500347805,28.418689692403092,1904.697750739564,2733.1417117337437,0.3776203053183993
2016,4,驻马店市,0.7809115515190475,0.6578202081004388,3.851094806468632,0.7799353711570363,33.379909830018626,30.85239554568479,251.5255998713244,3490.8438787542364,0.3329326478997241
2016,5,驻马店市,0.7724514826942874,0.6206176041790548,1.5905050388592146,0.4667704000992078,33.84221004117295,26.69716192800039,780.5826272294216,2187.3149172912467,0.3879490365305857
2016,6,驻马店市,0.7644097249540565,0.5835032090755169,3.153216040868055,0.7197531513179118,37.31789860154241,29.52068027625125,54.2050600585441,2990.567098052495,0.3295760402679562
2016,7,驻马店市,0.7135935953977892,0.5262753988127833,2.6280563758461684,0.6673911714724737,33.10145004047159,28.503050644856817,241.80660394283348,2573.636302262357,0.2747247486845544
2016,8,驻马店市,0.6637073432244097,0.4694117784087078,2.464939762566553,0.6637713161632597,24.07782831452738,24.09449780078969,19.814704185945654,3182.1756480184217,0.2682665877527455
2016,9,驻马店市,0.6049374177682472,0.4208663629539343,1.448754497486666,0.5134251881694255,16.68896009206167,26.49186680433563,2.17342861947343,2951.098211051134,0.1886960413958897
2016,10,驻马店市,0.547956927244867,0.3729420472577289,0.9220976038989516,0.3909954577446691,10.722739391024916,25.67388321367567,4.681450756336248,2983.2454049520725,0.1651739288071436
2016,11,驻马店市,0.4572161810284919,0.2965351684141265,0.5958885927698183,0.3172947260880557,9.119583709888524,23.04909205829244,347.71683752445244,2319.433902230818,0.2025619862019149
2017,1,驻马店市,0.634861760821248,0.4840072024424605,2.134588678479301,0.6129362048004559,26.20670276797472,28.330126882950204,705.0489181138518,2908.2232014655665,0.2577304296473666
2017,2,驻马店市,0.7047380241972594,0.5584873686123242,3.1732052615870163,0.7108249680833343,29.4253583789502,28.08509143003224,849.2623805326411,2829.1893670723725,0.3652568773130138
2017,3,驻马店市,0.7319304962066987,0.6066609696345313,3.9011994340837024,0.7924415153424388,39.92573683567166,30.481134545073772,45.54359308899109,3531.773864083405,0.3208242835765887
2017,4,驻马店市,0.7615660013633864,0.6563895245035948,3.4620410667108312,0.7345989055625985,37.239779480497866,28.57070645746928,405.9971275671456,2545.6292063520614,0.2532162164365528
2017,5,驻马店市,0.7679746836214298,0.6562467807310871,3.548807935369949,0.7591997799336644,33.53885594965832,28.630426165832738,1005.4607892132352,2680.025608571996,0.3523856181758044
2017,6,驻马店市,0.7762450779407781,0.6572097891233865,2.767955369399516,0.6586734030257841,31.457980180279527,27.53524948875304,130.56031967854122,3007.017774835147,0.325243527852671
2017,7,驻马店市,0.7257071909858802,0.598067551764594,2.6517275664831783,0.6629311152429563,27.9424033978768,27.58812002653498,545.3200560965656,2463.145054692652,0.3515655688618603
2017,8,驻马店市,0.6763372723930887,0.5394143712407561,0.0421988315618527,0.0194302992842152,22.402984506957576,22.09138514525552,837.4704985930523,1456.2027782371215,0.3655868162904588
2017,9,驻马店市,0.6568300267376151,0.4763730402311407,2.008909353776969,0.5927952788716525,21.590938244377057,21.82651802168623,718.4063525007165,1502.5849229731682,0.4067934372341885
2017,10,驻马店市,0.6396548152085945,0.4145894256370299,1.3536286399632635,0.5069544581045088,15.596445627682144,23.08181477125284,12.52172402326945,3177.968023417569,0.3462946852497641
2017,11,驻马店市,0.4031680221410523,0.2648396763323607,0.2627397927492905,0.1392378493995425,14.184314881209769,22.996092391078648,764.77668558881,1793.2811739623924,0.3419447322596868
2018,1,驻马店市,0.5968014498880081,0.448983802480221,1.0004489589209766,0.3592728702099353,28.999374117899706,26.24993630772336,412.2156491683738,2090.948354219565,0.3234729206098026
2018,2,驻马店市,0.71106654053016,0.5532071993083826,2.398971084076572,0.6432634477498217,35.51035379817587,27.975071668620497,434.6759683847565,2533.896740621163,0.3661022998514502
2018,3,驻马店市,0.7191782348634724,0.5596932759161733,2.631778386436807,0.674547762247497,34.71315697278684,30.92103509472474,15.028355811998813,3584.7120152798016,0.2343026975638586
2018,4,驻马店市,0.7294480045205151,0.567373248628153,3.199277852826467,0.714422540513226,35.15895188336921,28.654994228008206,1224.6057404549524,2488.6651537309867,0.3605933391404508
2018,5,驻马店市,0.7319936317623436,0.5782708844920627,3.1295767814711306,0.7044397468148345,33.23221869594302,29.73584211457837,133.89300264199005,3191.6742425062625,0.3281207589345773
2018,6,驻马店市,0.7363322555414641,0.5902510177864561,1.6253835787417334,0.4835800128573511,34.03831185097951,28.384112003795693,301.1743443984939,2596.362796714804,0.2563106226328213
2018,7,驻马店市,0.7161212925465348,0.55438238343728,2.796706286772156,0.7187317273073484,33.45178376511477,25.533224959669585,967.3884251224612,2590.146640026234,0.3624351838139911
2018,8,驻马店市,0.6974204234753362,0.5193004945430405,1.943822398248528,0.603952397465016,25.892888556308232,26.981854776951124,247.95712242261536,2299.7531818572647,0.3018552437269828
2018,9,驻马店市,0.6502539605103506,0.4665244696084053,1.608527407714441,0.5488638845248212,14.196885914280006,23.875890518275057,28.08696346069892,2733.304290949832,0.2656449581885051
2018,10,驻马店市,0.6049988801730635,0.4145476847807936,0.3327311812046492,0.1588621369337103,16.59752116402805,22.791661884153285,300.1503147238057,1496.99711455072,0.2696737869726778
2018,11,驻马店市,0.5005985146867498,0.3362026620306798,0.7303555197257445,0.3607530767273381,9.908720974185464,21.33700266504668,259.670248974234,2089.675232738254,0.3288405163171277
2019,1,驻马店市,0.4845938079088089,0.3613094182584908,1.1976070812884692,0.4419003645390113,15.596348767933636,27.07558945148213,23.354371457537788,3376.253192199781,0.2577617613540595
2019,2,驻马店市,0.5091371656548036,0.4044145437527747,1.571707247192587,0.5191506289881584,21.71147906240058,27.11968114886448,80.73930747533811,3126.267707432717,0.2165755385661816
2019,3,驻马店市,0.6094182361064613,0.4655198442518377,2.0705385522015103,0.5864460593613764,24.330070056920214,29.599825048211617,421.3579455587095,2788.901164456078,0.2424309823700612
2019,4,驻马店市,0.7116988962978299,0.5277220295365068,2.5636606760285843,0.6594839383514577,25.956006240298706,30.909836821258544,566.436797714661,3079.995832141681,0.3055087245683973
2019,5,驻马店市,0.7056367592364123,0.5356561279366169,2.41911398897153,0.6194806569096505,30.97690892261789,28.78050338668252,203.8412417149748,2665.491256087899,0.2752544253551168
2019,6,驻马店市,0.7005728234363165,0.544007319987758,2.724284598342221,0.7065475090887525,29.80806240695592,28.779625848713103,59.34143285833122,3028.2173725974885,0.2162507703889818
2019,7,驻马店市,0.6818531086597064,0.5338696830105861,2.251004915644788,0.6488138250069923,25.20766149808443,29.30471513334257,44.36850801012172,2958.9161556073523,0.1713643118999262
2019,8,驻马店市,0.6650403811750636,0.5246138092690557,1.844052947085308,0.5627594286362426,22.261247909007757,25.60828568421779,658.0462754994968,2604.218889324288,0.2553213428739848
2019,9,驻马店市,0.6214812802766264,0.4681460436006638,1.6822944844846353,0.570499500800245,17.6603308321883,26.08776193908328,16.08232434972842,3104.692202951733,0.1977011965909812
2019,10,驻马店市,0.5791812563922948,0.4122528922489975,0.8680161040796883,0.3516782190097437,11.317392888211002,23.520825503913606,107.31167258919764,1639.696155698177,0.1993788862442638
2019,11,驻马店市,0.4586413446279351,0.3249917464249654,0.8234056349583979,0.3875598058964163,6.394949521128321,23.26811769450226,1.100920258577399,2622.764550605076,0.1864980303127251
2020,1,驻马店市,0.5036919299999648,0.3788007499458097,1.3622297873570528,0.4803010970854208,28.61812326421132,26.692041440009486,88.84322941842228,3146.4967134440035,0.3307411721003184
2020,2,驻马店市,0.5700394143878882,0.4488419082884999,0.8579486477981347,0.2989365972640507,25.09895087404552,23.87173350819864,1556.099524056907,1979.555624230405,0.3801777882778207
2020,3,驻马店市,0.6552266791757186,0.5110110035856584,2.4672661269380254,0.6372582161503466,27.37777149879857,23.516441173837645,1563.430748559408,1606.9237632515287,0.416895557120516
2020,4,驻马店市,0.7416827527503536,0.5738077907283933,2.5236217058903123,0.6382710626164874,36.8133266746217,26.074749683943555,621.7353983249983,2300.6659987562675,0.4014140946461595
2020,5,驻马店市,0.7525921394437258,0.5785925485474949,2.67036006004856,0.6613243708308283,34.648600077019786,28.897592187458475,727.0210319030454,2586.101264631389,0.375768593290467
2020,6,驻马店市,0.7656185757025797,0.5845974165946626,3.1174703292914026,0.7170757121709029,37.1083006002002,29.299781592035902,252.57102988259123,3059.5650484496923,0.3630290766253349
2020,7,驻马店市,0.7094473918582973,0.5255870456770944,2.503762875187052,0.6647893904476643,31.88525508070944,25.579985109096995,897.4609950652359,1881.245320640957,0.3900481634799346
2020,8,驻马店市,0.6550254261811645,0.4676572833211374,1.8900554210827016,0.6125030687244256,30.456985214755058,25.622284868407387,14.963936168258313,3353.9581714254377,0.3179899730250443
2020,9,驻马店市,0.6219626224390032,0.4398201500985195,1.7749872570604293,0.5915316262133249,21.351464754003604,25.6178528780637,60.34341360664174,2983.162595587248,0.2483671978384267
2020,10,驻马店市,0.5902100027970051,0.4128160117142075,1.1273544246570586,0.486143757429614,13.81762222623042,23.21319891811165,25.80891934277664,2697.940904014591,0.2504355315048229
2020,11,驻马店市,0.4860043545087677,0.3259807336535916,0.5012858542739633,0.2405307723385847,13.214434798700417,20.51058202288613,497.8121136952847,1859.6305828738948,0.3340135459370587
2021,1,驻马店市,0.5534452729233931,0.4027506418270321,1.3428384467826022,0.4410147829667288,25.05471119801249,25.622597125426235,1294.2954296751927,2182.9859958016405,0.3839343159115002
2021,2,驻马店市,0.6448637723915674,0.4742004552245947,1.8555666615834936,0.5466882705149629,30.271383941792955,28.8525086151816,729.7710527991765,2721.000346427359,0.3642029105652405
2021,3,驻马店市,0.7173934091196008,0.554901723567307,2.701568964870765,0.6510949871958364,31.605053909157743,26.479741543613905,1382.4107357320183,2164.525111491799,0.4086222619547042
2021,4,驻马店市,0.7915204588205591,0.6365440883224088,3.837275011054428,0.7893216939849047,40.030773851721854,27.73426932964473,226.98945510505723,3064.828727545072,0.3550507801489326
2021,5,驻马店市,0.7388131752314631,0.6068660352216378,2.4425990182023343,0.6303410720141074,34.00766096589714,27.40687667005381,257.66819423966007,2730.2864696872675,0.3340526110731273
2021,6,驻马店市,0.6884439130611647,0.5784791362385471,1.815410307841308,0.5149285761216038,30.34317811775757,24.73222775734345,684.737247961512,1639.241476194416,0.3896599792978327
2021,7,驻马店市,0.6526958443421781,0.5356817581892712,1.6331398440927043,0.5010282074062722,24.29724446544968,25.60430689751741,686.6498841470489,2341.269086331615,0.3915293751708124
2021,8,驻马店市,0.617401713530326,0.4929942273509998,1.3528440100960155,0.4430701571535522,26.634370543626275,22.3690536122903,1035.26552202045,1275.815088669856,0.4214081748646242
2021,9,驻马店市,0.6320410430830228,0.4871400838911248,1.97092473215534,0.6179050137495726,25.9191241233362,23.73648913296733,341.0005622893754,2355.77555262278,0.3895196313009095
2021,10,驻马店市,0.6500182807969234,0.48329948777782,1.59809294038254,0.5635133690715358,18.58294782123065,24.75716726626992,56.87321908879258,2959.509928662132,0.3033746910862792
2021,11,驻马店市,0.5498358021038436,0.3852014117670935,0.8260890471217537,0.3775701207329933,18.71710093967218,23.89272637325936,497.4811760549202,2213.7664500420337,0.3664058506412023
2022,1,驻马店市,0.512250114391551,0.3873627290554402,1.5059417531448307,0.5060772176217193,25.55113619597161,28.309398034666955,760.7624618366289,2651.4954865524464,0.353637623419338
2022,2,驻马店市,0.6519383860571719,0.518013374071549,1.9564172842807503,0.5725433253949812,27.65786038700924,30.53687219608548,342.79407413795843,3077.2591365960434,0.3399608099088732
2022,3,驻马店市,0.7073301400525424,0.5639486398892544,3.137442377427956,0.7192695558959122,30.920791560759103,27.280169118430035,491.4063481474597,3167.72246643455,0.3312924030793588
2022,4,驻马店市,0.7648826768473821,0.6110247367141862,3.2970383220175905,0.7163495794121895,37.43436691288672,27.21595380824255,785.0051369528258,2661.2305954402354,0.3760036493438088
2022,5,驻马店市,0.7527411800281127,0.6010187697783478,3.645655375355001,0.7753209666752626,39.62167029317298,31.15307909058609,23.72486019333932,3378.4921373573447,0.2622836478655015
2022,6,驻马店市,0.7425964554034293,0.5919087951938806,2.6899794043279,0.689482271883163,31.2928750624285,31.44299910723613,248.0682889311684,3247.098560931533,0.2175289259246537
2022,7,驻马店市,0.7320877549600096,0.5766992920111937,2.6723705755891505,0.6964117216730442,26.39204802572268,29.56882715627301,51.94880017228112,2891.075975900958,0.2366200852861061
2022,8,驻马店市,0.7242371934863774,0.5628249625470244,2.434660296276136,0.6724317927712266,25.748887419372583,21.878152085004565,338.23937153550634,1637.0800803809384,0.3099523934319533
2022,9,驻马店市,0.6954566409839985,0.5152643987847151,2.207027786387345,0.6445950382043197,18.50306500437459,25.388996787518835,8.957646223725419,3004.6106453931066,0.216781856937248
2022,10,驻马店市,0.6685578171756804,0.4686046393105334,1.2205349228499465,0.4910780835166963,13.84499900620512,25.103072252105985,2.09392345400942,2902.039668374731,0.1711179509925905
2022,11,驻马店市,0.5322069838740003,0.3644900570021889,0.5231792127890096,0.2733928339624878,6.573909874344148,21.74774055768573,1.100127326577865,2292.702726791617,0.1584678476350769
2023,1,驻马店市,0.5440298794509683,0.3820845743611826,1.519735537145653,0.5191298356598082,23.74771005147667,27.773217831732985,1101.85016176631,2972.986899186592,0.3840402384520627
2023,2,驻马店市,0.5994568953879376,0.4435561724547799,1.886661357161359,0.5778827895605061,24.06356399124037,29.408657839839982,299.3161142091709,3182.6846913368154,0.322579829061016
2023,3,驻马店市,0.6759490934150646,0.5183547710131019,2.222398921214055,0.6083243921484772,33.243156715868345,28.19525688923057,359.8144551073854,2713.977104411692,0.3275265070145517
2023,4,驻马店市,0.7551755307269193,0.5945411642648073,3.2256742118662176,0.725911298192427,37.1865306155295,27.994571368021766,560.5335372697692,2682.2085635029525,0.3427543426472014
2023,5,驻马店市,0.7640222309001052,0.6026405586376351,3.323594974956627,0.7555043542556615,34.416403531137654,29.20756872463682,100.92391814369992,3095.316251504086,0.3131142257497442
2023,6,驻马店市,0.7750218254458627,0.6119017484607392,2.9794281050247675,0.7031275917680743,31.514222413076965,28.749383096768742,60.23583588986485,3246.031494404226,0.2475976508365375
2023,7,驻马店市,0.7552116757118807,0.5906182914644842,2.565409776665039,0.6770591317120185,25.520582023824893,28.024659471809187,209.67151582132345,2634.699254893486,0.2426345721221744
2023,8,驻马店市,0.7382225929848325,0.5710097739421427,3.192907431271148,0.75344648953639,33.436900689926084,23.57546152217075,996.5771290607483,2612.0988432954223,0.3495565057450828
2023,9,驻马店市,0.6937302211917672,0.5258586049937547,2.142551133333423,0.625526727568955,24.23617649267648,26.41773142910193,31.418043036523876,3008.9101280126533,0.2453893188673206
2023,10,驻马店市,0.6505754384017725,0.4815028613928192,1.3788245759303006,0.4981128485583942,18.701717128598226,24.5220539506661,617.3820078037782,2196.8506167704504,0.3288702005920164
2023,11,驻马店市,0.4808955470412183,0.350869793201469,0.2047420439492362,0.0970828304971427,16.211115807641175,19.68992755389041,1405.0182715666506,1017.8972091470936,0.4147926825049632
2024,1,驻马店市,0.4545228685960385,0.3283930043025041,0.899118841369688,0.3660797623299337,24.443257775248156,27.7644968149844,1395.7004427429292,2834.155233568506,0.3843687410804117
2024,2,驻马店市,0.4783601798522445,0.3695778910192953,0.7395572334800338,0.2883438289670105,27.42151000557053,25.72910681339183,2278.044278639513,1195.8535436608663,0.4235410666247318
2024,3,驻马店市,0.5911401239887443,0.4604071446479315,2.344360685072831,0.6514810246559116,33.443916091210504,30.201362724120543,348.40052152788843,2754.2310711652485,0.3752575298313614
2024,4,驻马店市,0.7068985154271955,0.5526227294176792,2.537417903816883,0.6438881588566289,37.65851943702783,28.873934300438755,359.43621409684823,2530.901984143717,0.3416927863711301
2024,5,驻马店市,0.735471567660011,0.5854478727131391,2.928840761638833,0.7184744187560147,34.689983397690696,29.958806630449068,614.9843923685376,3036.878552375796,0.3453649175884988
2024,6,驻马店市,0.7664138508368691,0.6195425423979545,2.943683826847969,0.695904636974138,37.41352465021595,28.59305498750506,128.3886751903901,3263.205126527056,0.3104777923857021
2024,7,驻马店市,0.7522268364699738,0.5932224968495131,3.058905154450891,0.7282088594077301,37.01776857670038,29.071416238703275,247.96386706519152,2988.4366321871025,0.3155239483311241
2024,8,驻马店市,0.7397882598891321,0.5677933481702601,2.717691477789594,0.6983961339566853,34.00585426302742,27.928005201622668,147.39519752990182,2515.346016009381,0.2822814119720334
2024,9,驻马店市,0.688128837131332,0.5310502110822651,1.8643177375330888,0.5667567456951639,24.643166690522868,28.33144500233778,31.360041193380173,2731.747082353448,0.2066234160113069
2024,10,驻马店市,0.6386506181645794,0.495477267100795,0.8574812098700121,0.3492121891421578,22.393716888902336,24.10811686391675,228.323618188043,1262.5158174169785,0.292363348072084
2024,11,驻马店市,0.5606870040998595,0.4112564851138785,1.133460348652185,0.50055413196083,11.603579359777044,21.804558505237583,48.84401519605436,2751.4818942436696,0.2580650623388669
2002,1,鹤壁市,0.5469450792772266,0.3872645045122244,1.3904517723333234,0.4933178529430606,13.47008682856844,26.772276295586707,416.9058315747531,3227.2275285495807,0.2994111810189838
2002,2,鹤壁市,0.5469450792772266,0.3872645045122244,1.4004461864473647,0.5076055380935091,8.815866245350053,31.045729905738384,62.984247756045576,3746.314110726295,0.1787843918530601
2002,3,鹤壁市,0.4979418572920364,0.3654288849069464,1.677405947046897,0.4380530493921067,21.033117960560027,25.833915261592903,436.27145192181496,2797.660728041641,0.2796451547443328
2002,4,鹤壁市,0.4489346789941153,0.3435902817402846,0.8133496317744747,0.2933146009464759,30.55214259361269,26.28166183262177,524.8047827357891,2532.525551428692,0.3294172343904613
2002,5,鹤壁市,0.5866805090554519,0.4243598492279959,2.485509001508901,0.6348794409772752,28.589344691379985,26.572120368702564,164.45108070361582,3131.363485905224,0.2625441493775259
2002,6,鹤壁市,0.7244182851896035,0.5051240498236634,1.9135397748220655,0.6119495836887008,21.36978153184145,24.710822847507792,53.71636460769486,3118.354574374026,0.1749168377773942
2002,7,鹤壁市,0.6622276986197663,0.4614934969540656,1.97459395752441,0.6139835149390035,18.693880939264886,26.85778877444226,253.92488842825503,2602.782535095591,0.1819814892009651
2002,8,鹤壁市,0.6000371120499193,0.4178629440844715,1.5705557032500257,0.5527422955008966,9.973948954911608,28.27759612981034,205.59079349686536,3349.1530373554147,0.2109265118923901
2002,9,鹤壁市,0.5814773711691461,0.3816827421948752,1.2050567471447755,0.4947613600619956,11.404460972723562,22.872729566142937,12.363118150275916,3030.150601987223,0.1436000009333393
2002,10,鹤壁市,0.5629176302883743,0.3455025403052794,0.9445416860301428,0.431813060452427,10.06718681776987,18.28497412887489,423.1831817097141,2091.1481915757904,0.2720728665479638
2002,11,鹤壁市,0.4486961355131959,0.2739205696734987,0.6093706975943545,0.320988848467639,5.74739862501589,20.05815608216724,91.3708685689746,2486.2614053239595,0.2253125558478652
2003,1,鹤壁市,0.4227114944362353,0.278948153452116,1.109433684251052,0.4137954085445368,14.083618178389315,25.55514693674805,184.2459807945725,3048.669285854456,0.2545203113511836
2003,2,鹤壁市,0.4601588027632448,0.3141789092766671,1.3129602623810968,0.4388334092881983,23.84687211959878,22.888177011396493,1090.413764264547,2050.635258903329,0.3120231191722954
2003,3,鹤壁市,0.5992487956456031,0.4380451588102771,3.007075351185872,0.7110840138555024,27.73218601774332,25.53700833512942,420.46344389022414,2244.409212220316,0.3624350290532759
2003,4,鹤壁市,0.7383387885279801,0.561911408343895,1.9694972692907624,0.518137931782957,27.3404718399504,28.79932099197717,132.3921959828284,2629.116685218289,0.3137729821012798
2003,5,鹤壁市,0.738089094041165,0.5382314863326026,2.9157432616157446,0.7085035731385947,27.40909373303049,26.75169253589047,410.1926713960233,2529.3994360955835,0.3080619878835036
2003,6,鹤壁市,0.7378393995543675,0.5145515643213177,1.7372763873465922,0.5439360138871737,25.57332448706408,22.605255073993053,195.42914498112427,2000.687550757428,0.2986170109336595
2003,7,鹤壁市,0.7309650136479747,0.4963814048387604,1.972862039568977,0.5786105135700165,26.95899398998758,25.11414216642577,599.4153782570709,2311.872273523218,0.2952860380421942
2003,8,鹤壁市,0.7240906277415974,0.4782112453562174,0.5351291211797181,0.2439515542460804,19.05382160216399,19.75956987594793,1436.7730997445472,1718.491638061041,0.4016442301205043
2003,9,鹤壁市,0.6793748880720194,0.4435738308696587,1.7138490469332417,0.5812456603787279,16.867599522000095,20.80888750574509,390.2192927306341,2061.349818904882,0.3885186659926984
2003,10,鹤壁市,0.6346591484024521,0.4089364163830984,0.9665527359744044,0.3988664719053519,16.04318026750499,23.37055535617545,213.4945290745212,2589.330515454564,0.3255549399911071
2003,11,鹤壁市,0.5581915131420957,0.353995326821295,0.8704227781339599,0.4176872339969802,12.981456127145355,20.55774950453743,175.6071771298892,2387.0398070583465,0.3438336448460776
2004,1,鹤壁市,0.5089341355593286,0.3167112317381131,1.325884504451294,0.4726412421023522,14.836762343568582,27.806014548801485,162.99252576162442,3810.661704002367,0.2485788984783281
2004,2,鹤壁市,0.5436741145014663,0.355719524142457,1.4605238706423191,0.4556848097635903,21.028793482802417,24.662925009673412,1034.6762294222633,2661.765392479584,0.326355026068153
2004,3,鹤壁市,0.6470303387615282,0.4662951986094898,2.78863189598542,0.6496198674112159,27.636730448877408,26.907656829103168,932.1543751909364,2638.753960837062,0.3676721063275424
2004,4,鹤壁市,0.7503865630215831,0.5768708730765217,3.0415296781843617,0.7174233363314276,29.748670995841515,25.492332106613723,626.3283053174292,2226.6356602589435,0.380017079488032
2004,5,鹤壁市,0.7648313017062969,0.5744687094888372,2.922599000367925,0.7038025255869634,37.12314712480348,26.021762569678604,887.0287505287806,2690.7312862282247,0.3735735407361344
2004,6,鹤壁市,0.7792760403909935,0.5720665459011686,3.3307334601605274,0.7423462109204495,29.713459510858165,22.12787350828729,661.6418310292357,1735.8662250309344,0.3978794420477891
2004,7,鹤壁市,0.7298480512253491,0.5029962443272693,2.3821338377480497,0.5841843545720594,24.35452205301271,22.719428645619235,71.23783314304733,2521.050232643506,0.3413142273817444
2004,8,鹤壁市,0.6804200620596769,0.4339259427533777,2.32571491370922,0.6720133232129852,19.554489053107957,24.44292978686889,129.83939085138303,2706.9536972491096,0.3174045334177421
2004,9,鹤壁市,0.6170067770138823,0.3963509891959063,1.8578294946704703,0.6005652128468686,18.89909671808384,22.92046303207672,33.65651375162551,2737.124931049564,0.2463117478737516
2004,10,鹤壁市,0.5535934919680825,0.3587760356384281,1.1758368538037756,0.5080777317137756,11.56435151568737,20.838530680962982,248.97415102233285,2600.5328109547527,0.2445379960569951
2004,11,鹤壁市,0.4644324457899753,0.290773508110919,0.6917303369337039,0.3535614789173411,7.661483761386596,18.936717986666903,155.91937866155718,2423.537681320467,0.2896545374774744
2005,1,鹤壁市,0.4936996139686835,0.344934760175807,1.1329535002619868,0.4312115007260526,12.862910845877394,26.38126843527459,177.436966807105,2856.6322832789856,0.2754962214058428
2005,2,鹤壁市,0.649390697750848,0.4725520240593648,1.5848476025031022,0.5398907745667291,21.20471453615525,27.63775862455088,604.2576497889622,3115.3087221691726,0.2500169236567068
2005,3,鹤壁市,0.704753745173209,0.5164664363074516,2.995554737721972,0.6969549226927128,28.35126019730337,25.88864553334093,1149.0981719894091,1894.29927196372,0.3939649241238318
2005,4,鹤壁市,0.7601167925955752,0.56038084855554,3.583813182084584,0.7653038939970067,28.59569771813592,26.52537171788276,341.0358607116882,2814.4149032274054,0.3540148230903993
2005,5,鹤壁市,0.7544757194483139,0.5310231700954249,3.090660209084037,0.743332881938742,31.90311394297772,25.58356295653448,723.7345753222384,2608.5702608853226,0.3708323492737748
2005,6,鹤壁市,0.7488346463010521,0.501665491635305,2.733196881798769,0.7031363414725594,22.92474193761644,27.455645992922246,596.444911204244,2633.042379519613,0.299391979856792
2005,7,鹤壁市,0.7353290420496297,0.4775704792581022,2.7343496588581617,0.7135249413765745,25.29220624216589,21.604248588014592,149.12980495549584,2622.804439636581,0.3185061694865778
2005,8,鹤壁市,0.7218234377982097,0.4534754668808978,2.24787449365993,0.6565272597196367,21.577523084284703,23.71963120613288,249.7412270520029,2833.966360272665,0.2893296363206693
2005,9,鹤壁市,0.6741554623888416,0.4203372329928329,1.6274043973133292,0.5666144896882892,17.483485230048796,22.80440446719673,12.37409187242129,3353.8380033717103,0.2204206730421629
2005,10,鹤壁市,0.6264874869794682,0.3871989991047617,0.6163493297475775,0.2882018238361715,12.139879641308392,24.04663614405459,286.15812550658234,2463.6383205446973,0.2304817500571278
2005,11,鹤壁市,0.506956283326296,0.3052487887315197,0.7285920898263525,0.3686441687037211,10.713878856118525,18.2453516650449,703.4176000443842,1909.9753344721755,0.368926188285975
2006,1,鹤壁市,0.4690651275460807,0.3159215541915361,1.2128133065520412,0.4358202066318346,11.225063114518235,26.90056058173764,877.7530483532275,2572.296105610412,0.3250031457983342
2006,2,鹤壁市,0.599402532126023,0.4102694730500776,1.6492652257433753,0.5049245142758234,15.939592970531272,28.72600331026357,319.35660811767536,3178.1865293818087,0.274988694191453
2006,3,鹤壁市,0.6559304267773016,0.4653191121774658,1.050715405028457,0.376891574268479,18.11126578987717,26.729002118909836,125.696893085691,2291.9624224006507,0.288086836275054
2006,4,鹤壁市,0.7124583214285927,0.5203687513048562,2.9531546957961035,0.6803864879639647,22.823117107995422,26.59505455573355,408.8053793034182,2770.00588327471,0.273017185634851
2006,5,鹤壁市,0.7384050718617341,0.5150338725717575,2.455769326475888,0.638509161957727,29.776655276776875,26.189479083629514,645.8938426877213,2773.8363149202014,0.351384192994473
2006,6,鹤壁市,0.7643518222948779,0.5096989938386656,2.8689011742092183,0.7250008032216578,26.08314750429136,27.499428193021423,138.6530112609619,2893.70044172665,0.2695199733538476
2006,7,鹤壁市,0.7203240810747952,0.4796063569116387,1.646233790004348,0.4640998799029503,20.240853656866367,25.34047405979812,317.86080635400214,2737.4624475205574,0.1991303602878984
2006,8,鹤壁市,0.676296339854719,0.4495137199846331,2.0935588565917094,0.637641041174708,19.56714275598357,24.315999452707413,594.2913925452804,1818.2242753512944,0.3486205000763752
2006,9,鹤壁市,0.6471244533199401,0.4040989415091202,1.203583013861605,0.5238168095371152,18.114614380368288,19.40361142562493,147.55628335305252,2748.010763915884,0.3084040111857563
2006,10,鹤壁市,0.6179525667851727,0.3586841630336173,0.6524303590210506,0.3088987141902761,9.533549263947563,21.38979720140885,8.085161097487275,3009.116110318665,0.2085662734315024
2006,11,鹤壁市,0.4502481312439255,0.2551848801196509,0.4100017179068028,0.2173332699099514,5.850519743605993,22.31488627364477,160.65840167382277,2365.9991249767863,0.2221287390368802
2007,1,鹤壁市,0.5131059072202739,0.3140659387123021,1.2556736536357338,0.4805208982824404,11.917266618102731,25.8269450894156,81.35812761378794,2996.180836005664,0.2739866342681616
2007,2,鹤壁市,0.5759101202220874,0.3597697203327096,2.019714500903176,0.5468207695225362,18.530700327612504,26.8983291726522,209.79178714866043,3041.933485799784,0.2456080985604843
2007,3,鹤壁市,0.6680065330739198,0.4642992509999118,2.1674095578780053,0.575610467518023,22.360230743078425,25.238655854482374,371.67056339874426,2551.9815644698674,0.2863146531408063
2007,4,鹤壁市,0.760102945925736,0.5688287816670867,3.4575279467846216,0.7540571893812602,27.09617421171911,27.12438985132167,964.9737710611266,2975.8345826538766,0.323215700633808
2007,5,鹤壁市,0.764988586380674,0.5432523005483143,2.9386708544352875,0.6954444123199333,25.474609224011505,26.373815019503454,608.7292262097429,2523.2320372214226,0.3333129193982184
2007,6,鹤壁市,0.769874226835599,0.517675819429527,3.222469839589321,0.7384724689547272,27.867829220505644,25.30688341540172,161.79218379727894,3225.192046407544,0.3009769764593943
2007,7,鹤壁市,0.7443209587346882,0.5086528045626899,2.777738616716459,0.7045059062457125,26.63938127819732,27.30507290525472,248.01695987992437,2958.3099274664846,0.2209637630816708
2007,8,鹤壁市,0.7187676906337803,0.4996297896958491,2.5692277133858696,0.6902384908310847,21.344850449987355,22.32257417842097,608.6916955389736,1970.995666591161,0.3261830919996792
2007,9,鹤壁市,0.6278587710592656,0.4073695512292606,1.9452383915894171,0.6202464643825862,18.05886109055009,22.205281141092307,65.54540621706717,2872.753930242548,0.2781151476285319
2007,10,鹤壁市,0.5369498514847597,0.3151093127626748,1.290140798937179,0.5292398482414569,13.300594056965782,22.9775464753813,58.631161369547605,2661.218403856596,0.2055461281319889
2007,11,鹤壁市,0.4820573776061166,0.3018205152244462,0.766752783629954,0.3774638660255772,7.653944466657387,22.922256815181942,15.634237674052288,2895.700742076395,0.1592193822679475
2008,1,鹤壁市,0.4366503469790704,0.28759937634057,0.8022502036897228,0.3075571306674082,13.406238273003666,26.611017042411984,490.6351632019621,2784.5084205609724,0.2902385808151085
2008,2,鹤壁市,0.5190664923126737,0.3410728719395507,1.0966965150935233,0.3377864394479599,21.26379186703923,26.245919652799092,646.2831748941346,2612.752891486521,0.3289223159016102
2008,3,鹤壁市,0.6381322097584947,0.4473747753877466,2.9986976565190915,0.701439211863085,22.71290300179772,23.84600602916976,532.434958749804,2458.780448398917,0.3500277229041206
2008,4,鹤壁市,0.757179727212253,0.5536630102468666,3.276343171877841,0.7487990051980213,28.093357130952217,26.557083251220515,525.7973227828111,2791.094820546505,0.3168589573187052
2008,5,鹤壁市,0.7581197349218649,0.5507267044798871,3.0867000965919864,0.706839040737258,26.53925497091648,27.09400897178342,192.40337823589888,3192.2554016746653,0.3175204646241197
2008,6,鹤壁市,0.7590597426314707,0.5477903987129092,3.1194067443045395,0.7372021536313276,25.828531292986007,24.58017298226038,735.4740660186212,2390.9594650192766,0.3285842297712642
2008,7,鹤壁市,0.746933789336562,0.5325911083339592,3.3394348780838827,0.7467604579898949,27.700894009862136,25.147037378252733,574.7220715136567,2654.225096279762,0.3265385836505577
2008,8,鹤壁市,0.7348078360416354,0.5173918179550218,2.629639553430288,0.7028141317731356,24.380688581054567,23.17079356202288,149.81669925346745,2740.581513751704,0.2954912022022224
2008,9,鹤壁市,0.702167445461313,0.4657486061546903,1.984998938652284,0.6109153480648182,19.29424706228516,23.33779921687415,77.95373810462495,2542.958268702489,0.2206402069077752
2008,10,鹤壁市,0.6695270548809884,0.4141053943543737,1.425994325334274,0.5666390233919957,16.468234393607663,23.650258346825428,61.00587378656465,3093.8482789373693,0.2012949253755911
2008,11,鹤壁市,0.5534914780440876,0.3304988677276948,1.7584255213094568,0.4012797525666177,9.957607465842107,20.16120761969789,89.10544487067021,1705.6772279249487,0.2558174366891468
2009,1,鹤壁市,0.4068435603947029,0.2690412287166427,1.238139105082939,0.4787985652105344,12.406244102269609,29.09612935678064,706.1188911627132,3315.3110087786413,0.2138500823034603
2009,2,鹤壁市,0.4837295858305322,0.3372679446577625,1.8318083203201656,0.5729755211480839,20.62301444053878,25.90946383920333,508.548266525841,2951.2056242533763,0.3245261894100023
2009,3,鹤壁市,0.5812581179834434,0.422502405062663,1.4257819384734998,0.4450774646902608,22.364192638849755,27.076360821993884,1190.9217919693897,2595.3372298982235,0.338232795483354
2009,4,鹤壁市,0.6787865021960872,0.5077374139768028,2.650540690876265,0.622119316204633,24.261732678865112,25.425497942331795,91.57293642062294,3191.438898937796,0.3052225637308674
2009,5,鹤壁市,0.6999185878223054,0.5164399558282485,2.8044417423778945,0.7018770825464574,22.579541144837016,25.466119147994533,326.9271407966755,2415.046952935145,0.2921353983791505
2009,6,鹤壁市,0.7210483731297423,0.5251402176206734,2.9110221858325485,0.7201613844862208,26.305390036571783,27.3527519519034,890.1651748504355,3151.782985386571,0.2220454480827389
2009,7,鹤壁市,0.7327847451711609,0.5020547457043012,2.307814461763851,0.6333633730733408,24.40741747676489,24.257380097252483,291.16509255598265,2217.6415307413763,0.3407370144320649
2009,8,鹤壁市,0.7445211172125674,0.4789692737879286,2.5785323150783146,0.6885328675071816,24.87641738208814,21.73116275673131,488.0936971550224,2660.4373888676632,0.3365686770571994
2009,9,鹤壁市,0.7271346127950249,0.4984832155650298,1.727548771882494,0.6212018200230263,17.052333594020407,19.98821708790337,304.3271840894039,1532.365631005322,0.3513547723296633
2009,10,鹤壁市,0.7097481083774577,0.5179971573421231,1.0658012177485134,0.4188048736536927,12.440283366874633,19.973561144045128,179.24185786067525,1958.9290641896332,0.3211132298066761
2009,11,鹤壁市,0.642541249071435,0.4346570483534462,1.1769639844799626,0.5091801321585327,10.581170033425916,19.2940421439958,209.0308662279786,2196.214989822161,0.3362145914575419
2010,1,鹤壁市,0.4387809955161602,0.293993570418033,0.9870540909891986,0.3735425447880365,10.22835181810512,29.26985545849651,240.77129896119013,3153.400117581832,0.2443760886197476
2010,2,鹤壁市,0.5401828187960972,0.3488737918500914,1.5199247171588286,0.5189406557554577,15.660908708218995,27.722310094284385,55.16735068284949,3103.3508579887093,0.1846392987673881
2010,3,鹤壁市,0.6471457054483291,0.4502993910371016,2.716981454917499,0.6724696225288308,28.636797935344354,25.95034209598309,1135.4259430991126,2533.482101855676,0.3137997807900313
2010,4,鹤壁市,0.754117016305779,0.5517328124251536,3.1179935239704544,0.6956780769768836,31.428661620112923,29.170769755527253,99.99031936997176,3144.4782383802453,0.2392382177301657
2010,5,鹤壁市,0.7448085993601159,0.5534718436683355,2.689981543012738,0.6795387826014654,28.247776487167712,28.19448592898018,629.0557454696504,2985.1723400383253,0.2599410502740786
2010,6,鹤壁市,0.7354978685364607,0.5552068685543974,2.71305788094383,0.7214246248104238,28.081598073682112,26.19831996466699,530.4933297298903,2250.968599694257,0.3452694909447182
2010,7,鹤壁市,0.7416755868947629,0.5594953500612337,2.326183451522128,0.6201746114885792,21.078609841366056,22.873109019504888,1323.4670251266823,1423.910806907223,0.3987473003998684
2010,8,鹤壁市,0.7478533052530705,0.5637838315680622,2.255780384828627,0.6333089348851222,20.754595711068703,23.276724591000026,266.2573247719174,2524.875208411955,0.3514085110079251
2010,9,鹤壁市,0.71825410780586,0.4980681312168493,1.9767103072355143,0.620616865425325,18.226658700002943,22.289850896407884,929.1269491037332,1916.8006038750257,0.3700365129369262
2010,10,鹤壁市,0.688654910358649,0.432352430865622,1.2771130424716133,0.4982980002176706,20.12645168281919,23.612267831346763,117.87754452363735,2580.592707169972,0.3302918226024869
2010,11,鹤壁市,0.5815828491695471,0.3640386616000039,1.2284330490068465,0.5266775643425832,9.492833406622967,17.11306162300505,57.351683565423706,1983.5028917388045,0.3193853834669064
2011,1,鹤壁市,0.4022595881965413,0.2608984678962094,0.926984834999318,0.3721325216965403,12.882882898655511,26.05389984262406,965.6711116104184,2491.22561959919,0.3238082277821587
2011,2,鹤壁市,0.4688957655042748,0.3156303672955729,1.6648250712314698,0.5485868608191657,16.450017145474913,27.90933521001973,16.80363638798704,3495.11837344009,0.2196803267445268
2011,3,鹤壁市,0.5689372468350146,0.3938284917561238,2.2992503981642805,0.6293150792617781,21.48293284842173,28.346422939299465,142.24837245186066,3214.653867043155,0.168945227081496
2011,4,鹤壁市,0.6689787281657652,0.472026616216679,2.103318248931872,0.5648328658547452,21.333217484824704,28.168897258865385,469.3045528542066,2732.930909852576,0.2229505971811753
2011,5,鹤壁市,0.6661301257692315,0.4741477872900627,2.1244002505777893,0.5892128535409562,24.863802928951856,24.6723324961938,726.6966021643019,2356.1738251966026,0.3371437890778093
2011,6,鹤壁市,0.6632857036396248,0.4762738166349815,1.91680624211258,0.5085418725848959,23.37860175277025,26.96171524991597,316.6327638279666,2633.629301712824,0.3117059317321974
2011,7,鹤壁市,0.7059315963978429,0.4901622459993501,2.7591836589029266,0.677345651158504,22.00617203845855,21.99066220181081,309.1135415687788,1974.299257286378,0.3242888120172149
2011,8,鹤壁市,0.7485710527681914,0.5040512526876716,2.3143611923974383,0.6505877714955145,19.958978966913577,24.56307206847193,53.39425904541368,3078.5786179384168,0.2350423644326153
2011,9,鹤壁市,0.683186908324664,0.4404080258593522,0.0227084692609584,0.0187563723635739,14.205808384205522,19.794054235834388,133.40700932311466,1451.483798292008,0.2133311922398384
2011,10,鹤壁市,0.6178027638811205,0.3767647990310404,1.5428489367408675,0.5998263760389612,15.22573703047088,17.125190229319255,1408.559861190514,1084.3186381764067,0.396751299428707
2011,11,鹤壁市,0.5891791701260459,0.367560040441597,1.0633169309247803,0.4931326602436611,12.882459709601324,18.181964250234955,13.571124993530889,3169.970205679455,0.3230094962065317
2012,1,鹤壁市,0.4587987692964329,0.3043194108559415,1.200034338580913,0.4470462934327747,16.938718658893375,27.62430654724835,743.2596749367132,2842.421738261141,0.2587613453012314
2012,2,鹤壁市,0.5458729274252931,0.3700068509353709,1.800445590019869,0.5449019693156528,18.67720323755127,27.03628583563337,155.2640907300375,2839.4776167205905,0.2866400529457741
2012,3,鹤壁市,0.639155544046077,0.4664201075451623,2.38564353013519,0.655184796221725,26.36156734679987,28.3714100606591,203.57466633011128,2955.2863234325423,0.1924012648190311
2012,4,鹤壁市,0.7324381606668691,0.5628333641549628,3.0380473530205254,0.7025558913692316,32.97747380938145,28.323722096668792,547.6605970409728,2703.117013900709,0.2883130401279447
2012,5,鹤壁市,0.7420354247829007,0.544883021447591,3.229832375513191,0.7290472461523888,33.19441749984702,26.10929780049713,544.5214664119488,2595.399723645148,0.3422552455974216
2012,6,鹤壁市,0.7516326888989422,0.5269326787402284,2.8098272286369923,0.7078579628402301,24.63477102330607,24.76796531363742,77.02129773325923,2578.0634325600186,0.2683701949242072
2012,7,鹤壁市,0.7440169202891679,0.5148205211441442,2.661888477245244,0.7030257041682408,21.50883972961583,23.20433837003342,373.6540347392835,2682.8458978569715,0.3060770246747541
2012,8,鹤壁市,0.7364011516793911,0.5027083635480535,2.7091222708675056,0.7073259348292629,23.83526007524086,25.33613905861856,282.6106982961776,2259.5699832563764,0.2742708700010404
2012,9,鹤壁市,0.7111332577311799,0.4751373097341037,1.7238524074601158,0.5094108801871877,20.218492729849388,22.45115061998737,90.80726391715328,2569.2532046943456,0.2575149316642354
2012,10,鹤壁市,0.6858653637829718,0.4475662559201583,2.0311022772482423,0.6361562632271504,19.34116373273319,20.27287358011604,58.23472692540202,2734.2725361547155,0.2410533835700791
2012,11,鹤壁市,0.5966364175128883,0.3894550039159575,1.1288779350466434,0.4877597194952456,13.273147643177053,21.20875152312091,134.17576702381498,2167.0519752802634,0.2130569474284903
2013,1,鹤壁市,0.5138005106063281,0.3548241952716792,1.1815299597763451,0.4206183046733958,18.177541462120324,28.20227299501752,942.6834952117132,2793.351846962285,0.3054896553270074
2013,2,鹤壁市,0.6532117196040476,0.4556567343341913,2.1131820356422777,0.6126952725688489,23.425635253052075,24.925421514845883,496.8481691124211,1809.6087771803543,0.3513943251507566
2013,3,鹤壁市,0.6985916461391417,0.5024652891938906,2.067817973841834,0.5527870520084096,25.294648645888827,25.31191489012536,728.5105209720773,2658.996594187416,0.3669820864112019
2013,4,鹤壁市,0.7439715726742399,0.5492738440535836,3.4416333685746574,0.7630524436759871,33.211769551905164,28.76476225390027,664.1939763897287,2879.117222407457,0.337367615718158
2013,5,鹤壁市,0.7470237541470683,0.5491649410056731,3.3071889852939984,0.7614751803533227,33.69956664885352,29.552809095223875,80.3772010676507,3254.4911182259416,0.2753744810549113
2013,6,鹤壁市,0.7500759356198644,0.5490560379577518,3.1835256160241725,0.7595825799361902,32.05783748710911,31.18107324674307,100.98668702398898,3357.743225005677,0.2055882525848056
2013,7,鹤壁市,0.7065158574798993,0.4995821189976295,2.822057620177897,0.6985411148286403,26.38460190613086,27.95165308699546,1.203009725445101,3406.5864022666115,0.1435781204611168
2013,8,鹤壁市,0.6629557793399335,0.450108200037507,2.0468309410560983,0.626708211917122,19.318161224583847,26.05903189137441,75.64398314975516,2911.791961837218,0.1502017029395045
2013,9,鹤壁市,0.6248624785947966,0.436521906296652,1.4074650236815225,0.5174701334032564,12.587157833829515,23.91862478676072,65.65104371239397,2535.8847710613463,0.1478008642747869
2013,10,鹤壁市,0.5867691778496748,0.4229356125558033,0.8250914709594754,0.3813448570299219,9.314238969776769,25.882284559027717,25.8326136311823,2779.7925954303546,0.1499314384081833
2013,11,鹤壁市,0.4430326646739561,0.2998786794823365,0.4101365594129619,0.2290141825574795,6.654070490300021,20.356846005319294,113.99486576394504,1960.285706689008,0.1921894264891172
2014,1,鹤壁市,0.4768457861251681,0.3103182507918754,1.3319644083345548,0.4754317612123314,11.460480922260055,27.30129555556188,518.9950700742778,3275.606923697537,0.2590925528217133
2014,2,鹤壁市,0.5878326724003732,0.3789524515005251,1.6697059895890878,0.5433890722550274,17.615710360600417,27.023350494526102,173.75384178939703,3103.425095485042,0.2145874210566565
2014,3,鹤壁市,0.6309804180985107,0.4382799117638672,2.3884408436300526,0.6423634124766682,23.487166900489598,29.21959969544748,111.54140188200712,3098.841199705665,0.1635120165940955
2014,4,鹤壁市,0.6741281637966429,0.4976073720272203,2.5598020369074157,0.6406526129440496,26.45179739936488,27.806458579362616,190.3986721558242,3190.4527167691017,0.1885472220817172
2014,5,鹤壁市,0.7020448398097053,0.5156709514751276,2.4345318919082057,0.6383303744987828,24.13680783335935,25.10469482245588,348.6693845624891,2274.75759306422,0.2388036571538458
2014,6,鹤壁市,0.7299615158227667,0.5337345309230286,2.824654182037312,0.7117850537806452,28.837904547140315,25.66576634362536,138.86379169698898,3065.928688056992,0.205145912827372
2014,7,鹤壁市,0.7140640056192312,0.5064330590992795,2.588921417545905,0.6939781979343529,23.223508607752034,26.00329710123789,55.58105298677263,3035.2833173474287,0.1870534896326058
2014,8,鹤壁市,0.6981664954156935,0.4791315872755305,2.562997578210943,0.680284019761116,22.834201026733595,24.239311310672058,252.33267463905688,2578.430762224955,0.1849653246861308
2014,9,鹤壁市,0.655379410065087,0.4435360783535987,1.5425643332629455,0.5561245323055106,17.520475677877627,24.283071714992506,142.7334911430968,2552.372855116581,0.2096039331601791
2014,10,鹤壁市,0.6125923247144842,0.4079405694316689,1.1630560281075588,0.4992175447855708,14.916048115699086,16.95435020361487,1575.2049653697609,753.8744783944553,0.3760557824173302
2014,11,鹤壁市,0.5220471401619278,0.3280246346549407,0.9305676533109968,0.4229563934243438,11.39536223214724,21.56154313795816,23.699086361661617,2542.2880477547124,0.3133875347920844
2015,1,鹤壁市,0.4735210267831627,0.3099938576165922,1.1096839491479638,0.4359613497369903,13.192302669569347,26.536067989895983,15.359368192754175,3371.914429353684,0.1821991610282445
2015,2,鹤壁市,0.5285094172536952,0.3332660131006393,1.4243560073890529,0.4983562252317596,16.30430680052321,28.005475760561243,316.1848022431473,3044.975032013589,0.1796217351431298
2015,3,鹤壁市,0.6231912615597454,0.4130375177030663,2.727285414912598,0.6814441074574777,28.890302849923497,26.620907155093143,534.1696085052412,2988.45617668576,0.2492728825876389
2015,4,鹤壁市,0.7178731058657996,0.4928090223054951,1.9997159831721,0.5004764223891522,25.712664148606265,29.186987683028107,263.549668898246,2994.723438716883,0.2356450081982821
2015,5,鹤壁市,0.7181342777953995,0.5102963916240337,2.751178027453946,0.6513807541444402,27.944345123056184,25.778911527338487,746.0785531524061,2419.151234572397,0.3317541832154663
2015,6,鹤壁市,0.7183954497249779,0.5277837609425653,2.7479199981462075,0.7133338860879932,26.07210329498274,26.92892335311628,85.54969525632887,3066.952976316704,0.2577971827512642
2015,7,鹤壁市,0.70851380706203,0.5157285028065389,2.5433102783135277,0.6758458491040572,27.399046122795276,25.29603144692527,62.94844625266338,2911.4600305662066,0.1740639451858115
2015,8,鹤壁市,0.6986256441989626,0.5036751006255976,2.354925909524991,0.6628147643774035,21.79664897412757,23.48915017923926,950.8969016179344,2666.4951763752947,0.2592418478338396
2015,9,鹤壁市,0.6870482717246286,0.4948571924989501,2.114384208633001,0.6458169458355123,21.855067509941048,21.47824750610772,298.4252338841436,1885.703868480589,0.3235595752216086
2015,10,鹤壁市,0.6754674647610105,0.486042123659622,1.8276547990953635,0.6404825196383854,16.99297622363772,20.4714299246903,8.831717473677594,2903.262252915505,0.2589391423291409
2015,11,鹤壁市,0.5445356958330281,0.374292178412127,0.8908338281563584,0.429850902898311,9.393468297791614,22.70852723487933,16.301190248953606,2579.026020472692,0.1849732098076758
2016,1,鹤壁市,0.47302497633056,0.3106051120764392,1.1742694814003205,0.425329740819013,15.988854551208869,27.40320536798609,229.10065678350915,2899.9369985091957,0.1926987639158121
2016,2,鹤壁市,0.5489828154194301,0.3803090255550654,1.1777600978843197,0.391247257044547,20.41400644466438,25.01306027330116,1564.9136675917655,1917.9127484348292,0.3737357949474629
2016,3,鹤壁市,0.6451874300561059,0.4815387028417925,2.71241381744594,0.6494671731672144,25.14691728662905,27.15412779857308,1432.4602482552327,2246.870059032752,0.3696426171497384
2016,4,鹤壁市,0.7413823938852753,0.5827628615168653,2.8567524639055435,0.6861252753955042,25.71582050047173,29.208177902526742,530.7584080585127,2897.157524223875,0.2957766717022569
2016,5,鹤壁市,0.7374859970044834,0.5638686410248659,2.4468066146353653,0.6062554589006298,29.520439831804087,25.73609193821264,865.6272814258002,2497.5346265831804,0.3901999423506831
2016,6,鹤壁市,0.7335891451038585,0.5449727579813466,2.802288697708419,0.6889549700158192,29.4600555032176,27.164792740379117,89.7951262445366,2425.617503923999,0.3215934892241236
2016,7,鹤壁市,0.7125416057190258,0.51867099975239,2.748070327212937,0.7051955759157635,28.76323358768236,26.654862525469454,462.78194016885374,2372.7148758524377,0.3097907581381486
2016,8,鹤壁市,0.6915035923410853,0.492370728968368,2.544581001358746,0.6852457638246476,24.798466414039726,23.47184983402611,16.67439101049541,3401.537972918912,0.2727875352348621
2016,9,鹤壁市,0.6635816686479947,0.4554964323242661,1.9339678083625569,0.6241195170345069,19.775256321428245,25.12185940857224,67.3618464018485,2927.214541649079,0.2114507080301693
2016,10,鹤壁市,0.6356747783569209,0.4186221356801461,1.241267406517082,0.4902148576352028,14.490992913725396,23.196234165998785,217.19209649363248,2643.4563004495158,0.2735269687662166
2016,11,鹤壁市,0.4780811562069179,0.3049541823295822,0.7467953509551419,0.3800203538222824,7.559622386807488,21.778208524577416,70.73307075080584,2400.548227752652,0.2229951401342186
2017,1,鹤壁市,0.5580005300787793,0.3857146127660746,1.6191667751153955,0.5532218975332096,16.359459548806825,29.74260183849194,477.3705453009012,3391.5521999536622,0.2066842441827241
2017,2,鹤壁市,0.6443907200384055,0.4515196977837205,2.598101541882452,0.6677977031283091,22.42388300115656,29.759700587767927,186.96175204745197,3129.7633922573723,0.2031191306695271
2017,3,鹤壁市,0.7034844323843945,0.5116740422186262,2.424985580631537,0.5704543878145648,29.355743763467917,29.78631269587692,322.4897450210979,2887.603517487249,0.2494330716350304
2017,4,鹤壁市,0.7625781447303646,0.5718283866535333,3.627816929604707,0.7727061959921507,35.83323054198938,24.935513312072363,461.07553039924926,1971.3090199055653,0.3104640749210283
2017,5,鹤壁市,0.7511945614673421,0.5594631452747142,3.309476089269778,0.7419239275279861,30.453395586502342,28.893062774844285,257.18097386702834,2952.9623301979173,0.2783014911086634
2017,6,鹤壁市,0.7398109782043228,0.5470979038959062,2.9673268206708063,0.7049038319294626,29.611435034201232,27.723891406867686,462.3889506069797,3058.8939208630327,0.2470803236442329
2017,7,鹤壁市,0.7175772034335711,0.5148952412331597,2.2337447738038256,0.5942977892191971,24.36489933953293,26.66686879495709,252.7165229857283,2213.261198935887,0.2648665299442834
2017,8,鹤壁市,0.6953434286628257,0.4826925785704103,0.9902524775452288,0.3646953580241807,20.7983729012688,20.99248532087212,403.2930174468615,1546.246129654173,0.2946590538307359
2017,9,鹤壁市,0.6728960364656889,0.4646640944193148,2.012351290331864,0.6336713037113395,23.755009540043933,22.676689298244064,240.2546327604868,2154.369074955275,0.2890867397018427
2017,10,鹤壁市,0.6504486442685685,0.4466356102682258,1.1667269123640645,0.5012185600812108,13.382973897799603,23.841640599546928,6.285222605757052,3091.056050677603,0.2263352747227011
2017,11,鹤壁市,0.5174778607531013,0.3456408090252384,0.6303255721817973,0.3242845778608294,9.103272281879695,24.43054066428176,125.00641775101664,2228.231069250744,0.1677010840041177
2018,1,鹤壁市,0.5369744513871715,0.3724084582911783,1.1730374088137188,0.4177845533681644,20.071017750701213,27.687045118470987,93.4031972112359,2853.854880170577,0.2198533796459112
2018,2,鹤壁市,0.6601067996564112,0.4757591419639508,1.7941405200827696,0.5407744024651926,25.841201740329108,27.031619187748028,745.0437394584703,2101.1923153256357,0.3251507002541855
2018,3,鹤壁市,0.6936564900067295,0.512425863042915,2.995219877892681,0.7105558948891355,34.80874133630285,31.260894986781537,9.959773134014776,3441.335507214697,0.232850514424851
2018,4,鹤壁市,0.7272043427495677,0.5490978550070756,3.11250152162347,0.6774886373224914,34.31662733542205,27.953147681429943,800.5197699417458,2397.3178950041893,0.3123637432455715
2018,5,鹤壁市,0.7307285169288319,0.54534319454544,3.3691137370651947,0.7524355684731486,29.169797184582382,29.228275917429723,224.24698887370704,2710.104273244025,0.2970122869985214
2018,6,鹤壁市,0.7342526911080954,0.5415885340838115,1.9239504366778,0.5752714190076234,27.590882343505942,27.47070599565251,432.8654825003772,2637.70475165909,0.2807186752355488
2018,7,鹤壁市,0.713401848242566,0.5080573506500283,2.91764309836074,0.7334485536779278,25.236275277105364,24.938604960129556,2016.0003664246972,2387.21315406452,0.3515552792485243
2018,8,鹤壁市,0.6925510053770231,0.4745261672162505,1.9911222253043093,0.6126833684622686,22.124926547337385,25.768940062987564,93.73668111531812,2449.8501268773425,0.2487986947840357
2018,9,鹤壁市,0.6546200048702104,0.4487750188235072,1.744889589044729,0.5931172724137714,16.648230299428903,24.07986306599245,2.3929298836170747,2905.652170881472,0.1996938999217192
2018,10,鹤壁市,0.6166890043633925,0.4230238704307699,0.8940200026144732,0.3608814983588865,12.226179565645328,21.84827795202777,452.7956329901074,1748.5241030301352,0.2080341524224913
2018,11,鹤壁市,0.541966957628064,0.3593389546435646,0.8792994381946332,0.4154512428816333,8.283961625825297,18.815145683733125,220.399170350749,2257.151731353831,0.3028634943911221
2019,1,鹤壁市,0.4003498737443083,0.2622761937941815,0.8306693686463053,0.3366962990108365,7.765568472748059,29.823302544637528,8.861458394690535,3527.629845284889,0.1396389236718984
2019,2,鹤壁市,0.4519507916611101,0.2898534410138867,1.264839483266803,0.4508987624911453,10.564111254082208,28.238797405484828,183.4593913405908,3044.2111858017274,0.1747223373542032
2019,3,鹤壁市,0.5269211277681113,0.3770004241545219,1.3417957435216188,0.481318377603741,12.22836954063833,31.374306044314505,58.32215101312602,3177.0346766923567,0.1594314331168053
2019,4,鹤壁市,0.6018914638751047,0.4641474072951529,1.68623868657664,0.5319168847945451,20.29835193156109,30.044531670939023,710.949115712408,2754.4099995834918,0.2602457697715068
2019,5,鹤壁市,0.6476105292972536,0.4904478855112402,1.338535181841425,0.4328993993974876,25.669322715592475,26.48009379759542,621.4795072155097,2166.497236689679,0.3576031719255008
2019,6,鹤壁市,0.6933295947194068,0.5167483637273214,2.691466618196296,0.7069280316337158,30.632128096748435,25.71080779672175,209.02936087704788,2650.338537419358,0.3351404546441051
2019,7,鹤壁市,0.6981855638630483,0.5059658495854158,2.388276659845629,0.6418569164521382,22.437571564997377,25.34431279666103,460.2945448691029,2286.63295364232,0.286576130956465
2019,8,鹤壁市,0.7030415330066786,0.495183335443506,2.2795036510651614,0.6586289568688091,23.057577458815405,24.933603537381867,23.445125479804027,3014.5083477204585,0.2346441923642746
2019,9,鹤壁市,0.6737474103110184,0.4773276434750974,2.036220534647369,0.6168750434487721,18.75007034241672,25.81613140823328,86.44896680429083,3044.058880330192,0.1590678493094793
2019,10,鹤壁市,0.64445328761536,0.459471951506686,1.5053339588325698,0.5823337661181189,12.80046604785171,20.304823568422357,301.69435329242424,1417.8964551234742,0.2961651360201815
2019,11,鹤壁市,0.5706320925504106,0.3944995731797487,1.2830234533876983,0.5338029753520092,12.058129009087285,21.94755997550768,1.5018133664609925,2555.586960959519,0.2085751078748161
2020,1,鹤壁市,0.4684188170610808,0.2959537518352015,1.1797889976331375,0.4292447281918387,14.66198719087352,26.90289569221874,401.52657378720215,3082.9280882974376,0.2731811310931332
2020,2,鹤壁市,0.5334823218405356,0.3375700763173763,1.6020460983716371,0.5292140845282645,21.138752030462257,25.34074577041504,135.09727410496578,2445.472782075072,0.2401245126261212
2020,3,鹤壁市,0.6077656151038824,0.4113335792434202,2.542555719285213,0.6478624575571263,27.470637351979523,26.251904988327453,43.83618759091005,3061.3379665818825,0.1731478553876556
2020,4,鹤壁市,0.6820489083672383,0.48509708216947,2.340610270501288,0.6051354433113733,27.20682844705277,27.251722211033844,146.5606052167733,2642.9457419135697,0.1806067920967662
2020,5,鹤壁市,0.7230598144708028,0.5149895733730344,2.687583366633852,0.6566733267739113,26.736722907998328,26.46145706775888,891.2944475425218,1875.0296418751905,0.351368594122709
2020,6,鹤壁市,0.7640717770440535,0.5448822546300599,2.646950343889402,0.6515577836088753,33.32193494069727,26.836912712679112,359.3574062698319,2333.7801533831475,0.3480223056743591
2020,7,鹤壁市,0.7287496802617971,0.5226061104133214,2.4469026541318,0.6509563211685825,29.363982306026067,23.95976496562806,292.9588494149659,2058.381675008491,0.3429480816484778
2020,8,鹤壁市,0.6934261042377887,0.5003260372070499,2.246854964374198,0.6503548587282897,30.536026887782192,25.697148450091053,27.60925385103702,3370.449756422352,0.2428243560820568
2020,9,鹤壁市,0.6887747558592783,0.4875878992946071,2.562344050092773,0.6885577649338536,26.226638835508258,25.89474492448869,60.91246251326047,3140.062833539273,0.1704995086056868
2020,10,鹤壁市,0.6841234074807692,0.4748497613821576,1.938243646115828,0.6277317871324846,17.682698826870553,23.399886644262725,17.04891031954219,2813.5057154775595,0.1682946085698539
2020,11,鹤壁市,0.535816950788661,0.3659780899918708,0.6712481360418139,0.3180769925347636,12.31056788199669,22.383506702203555,35.03010635867839,2263.8070966381715,0.148695947524266
2021,1,鹤壁市,0.4335029796465245,0.2872133060215056,1.10787623601038,0.4268242092471253,13.36541815397731,28.15171196133746,282.6333468833858,3076.24113741556,0.2172263738907715
2021,2,鹤壁市,0.4925154322609542,0.3415870061583459,1.7311101481360136,0.547331110060142,20.18649757166075,29.829600264916756,862.1429467950275,3018.1944287116858,0.2669996872685299
2021,3,鹤壁市,0.5771753851116126,0.4062592900316089,2.1606319609079128,0.6003856529654287,24.699791261421765,25.05723531155325,2718.67942394966,1599.2301241442874,0.3952071105678522
2021,4,鹤壁市,0.6624327407240528,0.470931573904865,2.215025113998256,0.6020642854998681,25.240367998817295,26.82066670297021,195.54996248697856,3084.358415119478,0.343231291657921
2021,5,鹤壁市,0.6372343509614635,0.4591489218266041,1.7068654771424856,0.5034935458231741,21.24234839409604,27.16764081361438,100.37816424398298,3069.119153241594,0.2719690645708258
2021,6,鹤壁市,0.6150214231834376,0.4473662697483466,1.9913729399662612,0.5737501465402608,19.167641216900744,25.91922371967173,61.73813080362432,2895.589586165178,0.2198323877245213
2021,7,鹤壁市,0.6065322579003666,0.4348060937139943,1.792342770218058,0.5541660999790531,16.756838403751544,25.417718772374226,411.3511417065762,2689.075930960141,0.264128790182537
2021,8,鹤壁市,0.5980798184259762,0.4222459176796452,1.4539467417604668,0.4538588752765366,18.769101467565985,21.530039398152415,1485.499268218269,1720.535945272732,0.3469401045404792
2021,9,鹤壁市,0.5831775481344014,0.3958474859131786,1.7129970355596975,0.5514043208533626,19.936542376806656,22.82768195782702,492.0791485565823,2394.152717904008,0.3740434280445739
2021,10,鹤壁市,0.5683446148346324,0.3694490541467168,1.0702310706861775,0.442668293512339,12.859741583556971,23.096340759379675,611.0999935695135,2251.8346762113183,0.3171106301029184
2021,11,鹤壁市,0.4931982151816779,0.3002403890537197,0.4291353668513013,0.2178015720851478,14.131259976260315,20.44192532101076,1923.5706102667284,1512.0343894275948,0.3982804038693601
2022,1,鹤壁市,0.4864896700909453,0.3291790514800554,1.3188838827000708,0.479255263448383,16.81796299042096,27.482639725528408,813.3984411921301,2902.950059592627,0.3316331213000862
2022,2,鹤壁市,0.652436309044284,0.430716979924955,1.8321083233610476,0.5576119775551485,21.753612824463666,25.78195784188035,1023.7003038835718,1638.97693797626,0.3443161730455663
2022,3,鹤壁市,0.6899926196441251,0.4732058123791041,2.897980838641593,0.6990393244216478,32.7314350302888,25.43977106799045,775.5383278457638,2783.220062838003,0.3567924502335981
2022,4,鹤壁市,0.7275489302439624,0.515694644833262,2.7857718989361917,0.6728650070402822,34.504982721507936,26.49009976825485,383.2332094185392,2813.9893535367364,0.3517160318869003
2022,5,鹤壁市,0.7177480096847721,0.5366992848654115,2.9446514580257084,0.7158690628451687,29.823592672417316,29.02931519417335,213.2713899730811,2807.990673039973,0.255278424644768
2022,6,鹤壁市,0.7079470891255789,0.5577039248975667,1.865359528951254,0.5755721856711762,27.26228629285321,28.28500990264188,56.852421664119305,2350.961266020932,0.2570840881172681
2022,7,鹤壁市,0.7094315376724232,0.5316871121246171,2.442737913225265,0.6573940341408874,24.33351547181069,27.437226549537687,33.28918913863451,2472.6251250171936,0.1729320793841318
2022,8,鹤壁市,0.7109159862192508,0.5056702993516744,2.2933194838300754,0.6620557722303955,24.062208654073203,22.25668908504145,348.088208558606,2397.6794970515507,0.246610018525858
2022,9,鹤壁市,0.6912813644373034,0.4851159786422336,2.2468130286755303,0.6593121782774581,20.169650924780047,24.414122030878136,48.90131371034499,2693.340819188003,0.183355063131453
2022,10,鹤壁市,0.6716467426553828,0.4645616579327832,1.4012423780718406,0.5668047842873342,16.290333424228542,24.862416438612627,12.20054785364588,2865.393558013825,0.1500261987651494
2022,11,鹤壁市,0.5716191360056376,0.3870405782411829,1.1276755762833786,0.4991784641170184,9.983193620044862,21.449442837384236,0.3387886566354483,2776.1601068296563,0.135582693925326
2023,1,鹤壁市,0.5289428196812485,0.3587361826111871,1.3061280482945914,0.4804926774833692,10.086128440244863,30.59729834039113,227.57437058582076,3256.6554438328158,0.1991605497868483
2023,2,鹤壁市,0.6388540148134275,0.4391393186954523,2.101430252739556,0.6194828113011726,23.58924068139004,30.38192408626987,466.2241677526181,3076.308813803785,0.2366747675631623
2023,3,鹤壁市,0.6840897830086542,0.4933717377207379,2.878460958881543,0.7018812477615518,28.92130390310463,29.040783683614997,342.7384861629975,3130.408717870389,0.2217087461210537
2023,4,鹤壁市,0.7293255512038644,0.5476041567460441,2.8800846203538457,0.6981504909820584,31.50283571289985,27.66488476564798,1980.2873717514412,2183.7910433557886,0.3149420048898323
2023,5,鹤壁市,0.7188810415058365,0.5489704252385571,2.1576379827725893,0.6008914694536471,28.646203817738726,28.365027756928196,197.52706623152596,3159.071465908797,0.3244221411565172
2023,6,鹤壁市,0.7084355207499086,0.5503354279093338,2.387298567606033,0.6688113150708196,29.74059339383779,27.68046024336642,472.4587086324487,3123.1431472989643,0.2816349068741426
2023,7,鹤壁市,0.70826943987551,0.5259802862265689,2.164375892869131,0.6411746688824712,23.006337399865448,26.17177966319208,728.9710859289752,2598.887269864534,0.3488389943203036
2023,8,鹤壁市,0.7081015717536108,0.5016225406283371,2.610526007026191,0.6907233238260364,26.588608753757686,22.885234108589405,792.6748089637834,2463.292469268056,0.3557217100169147
2023,9,鹤壁市,0.6714164836416602,0.4722012204141391,2.183428398338832,0.6481154269106054,20.60726713843249,25.509922566681848,183.25503770353157,2864.084735834105,0.2747814123255443
2023,10,鹤壁市,0.6347313955297152,0.4427799001999266,1.4607742626469165,0.566570992522868,18.001294116588493,23.945982352420227,111.99576018003788,2612.051996688664,0.3051682616900805
2023,11,鹤壁市,0.5643176762780501,0.3715978254599543,0.7676328466516971,0.3545763443353812,11.181529100556094,19.437899341595443,783.5623494510139,1564.0906282677502,0.3591385156682584
2024,1,鹤壁市,0.4729519265337851,0.302296845269641,1.049925920769217,0.4075347929902491,19.225559384570403,25.188987908649302,1768.1827998313047,2220.744604089728,0.3501624480038597
2024,2,鹤壁市,0.5676377661855067,0.338081035137962,1.466946133697595,0.4754592389213131,19.82972302575704,27.08123144022517,150.38386716949768,2825.5380814473247,0.2886548684290517
2024,3,鹤壁市,0.6463904664952711,0.4607672887574779,2.09027478980085,0.5745668934036187,24.29211015708475,29.059059380336176,523.6793004626506,2387.072785474157,0.3170142375082076
2024,4,鹤壁市,0.7251431668050471,0.583453542376993,2.735976351355612,0.6805782257219996,31.095140661359604,28.05243544117177,531.2086564092366,2525.292880458178,0.3628749103791888
2024,5,鹤壁市,0.7443551044667411,0.5669971772160526,2.38252327558387,0.6465823969991717,26.56199920150832,28.277703556366813,680.6744931726253,2273.3376218025724,0.3254370254538408
2024,6,鹤壁市,0.7635670421284394,0.5505408120551082,2.8076077556305195,0.6795275502091518,30.677276631529416,27.74377895332317,111.10483552315608,3221.1634449531543,0.286150385300057
2024,7,鹤壁市,0.756540822984139,0.5499413928247691,3.204969248295027,0.7428317938496087,31.896456089978766,27.806071256147764,461.0558777172616,2958.914834718471,0.3022720206048364
2024,8,鹤壁市,0.7495146038398415,0.5493419735944364,2.5912024692489943,0.6958503887973913,30.04496013016836,26.68530048956461,232.6563323359021,2830.617643459448,0.2664990353614743
2024,9,鹤壁市,0.7175339190469631,0.5239332497479974,2.333890419447902,0.6933495828869343,24.13096572548124,26.22252533238032,45.84921208482123,2621.510810924953,0.1882899739782639
2024,10,鹤壁市,0.6855532342540747,0.4985245259015621,1.5370187502144417,0.5847719676720786,19.38941736878727,23.600403026022587,142.94853956010292,2193.060263605933,0.2186453705102889
2024,11,鹤壁市,0.5647224042886266,0.3975192129476625,1.001058825059198,0.4476258831160804,12.13338920365195,20.75512914911254,95.8879417354436,2545.801191427784,0.2464169969613048
